#pragma once

static const unsigned char kShaderSource0[] = {
    0x21, 0x21, 0x41, 0x52, 0x42, 0x66, 0x70, 0x31, 0x2E, 0x30, 0x0A, 0x41, 0x54, 0x54, 0x52, 0x49,
    0x42, 0x20, 0x76, 0x20, 0x3D, 0x20, 0x66, 0x72, 0x61, 0x67, 0x6D, 0x65, 0x6E, 0x74, 0x2E, 0x63,
    0x6F, 0x6C, 0x6F, 0x72, 0x2E, 0x70, 0x72, 0x69, 0x6D, 0x61, 0x72, 0x79, 0x3B, 0x0A, 0x41, 0x54,
    0x54, 0x52, 0x49, 0x42, 0x20, 0x66, 0x20, 0x3D, 0x20, 0x66, 0x72, 0x61, 0x67, 0x6D, 0x65, 0x6E,
    0x74, 0x2E, 0x63, 0x6F, 0x6C, 0x6F, 0x72, 0x2E, 0x73, 0x65, 0x63, 0x6F, 0x6E, 0x64, 0x61, 0x72,
    0x79, 0x3B, 0x0A, 0x41, 0x54, 0x54, 0x52, 0x49, 0x42, 0x20, 0x54, 0x20, 0x3D, 0x20, 0x66, 0x72,
    0x61, 0x67, 0x6D, 0x65, 0x6E, 0x74, 0x2E, 0x74, 0x65, 0x78, 0x63, 0x6F, 0x6F, 0x72, 0x64, 0x5B,
    0x30, 0x5D, 0x3B, 0x0A, 0x41, 0x54, 0x54, 0x52, 0x49, 0x42, 0x20, 0x59, 0x20, 0x3D, 0x20, 0x66,
    0x72, 0x61, 0x67, 0x6D, 0x65, 0x6E, 0x74, 0x2E, 0x74, 0x65, 0x78, 0x63, 0x6F, 0x6F, 0x72, 0x64,
    0x5B, 0x31, 0x5D, 0x3B, 0x0A, 0x0A, 0x54, 0x45, 0x4D, 0x50, 0x20, 0x64, 0x2C, 0x20, 0x6C, 0x2C,
    0x20, 0x6B, 0x3B, 0x0A, 0x0A, 0x54, 0x45, 0x58, 0x20, 0x64, 0x2C, 0x20, 0x54, 0x2C, 0x20, 0x74,
    0x65, 0x78, 0x74, 0x75, 0x72, 0x65, 0x5B, 0x30, 0x5D, 0x2C, 0x20, 0x32, 0x44, 0x3B, 0x0A, 0x54,
    0x45, 0x58, 0x20, 0x6C, 0x2C, 0x20, 0x59, 0x2C, 0x20, 0x74, 0x65, 0x78, 0x74, 0x75, 0x72, 0x65,
    0x5B, 0x31, 0x5D, 0x2C, 0x20, 0x32, 0x44, 0x3B, 0x0A, 0x41, 0x44, 0x44, 0x20, 0x6B, 0x2E, 0x72,
    0x67, 0x62, 0x2C, 0x20, 0x76, 0x2C, 0x20, 0x6C, 0x3B, 0x0A, 0x4D, 0x55, 0x4C, 0x20, 0x64, 0x2E,
    0x72, 0x67, 0x62, 0x2C, 0x20, 0x64, 0x2C, 0x20, 0x6B, 0x3B, 0x0A, 0x4C, 0x52, 0x50, 0x20, 0x64,
    0x2E, 0x72, 0x67, 0x62, 0x2C, 0x20, 0x66, 0x2E, 0x78, 0x2C, 0x20, 0x73, 0x74, 0x61, 0x74, 0x65,
    0x2E, 0x66, 0x6F, 0x67, 0x2E, 0x63, 0x6F, 0x6C, 0x6F, 0x72, 0x2C, 0x20, 0x64, 0x3B, 0x0A, 0x4D,
    0x4F, 0x56, 0x20, 0x72, 0x65, 0x73, 0x75, 0x6C, 0x74, 0x2E, 0x63, 0x6F, 0x6C, 0x6F, 0x72, 0x2C,
    0x20, 0x64, 0x3B, 0x0A, 0x0A, 0x45, 0x4E, 0x44, 0x0A,
};

static const unsigned char kShaderSource1[] = {
    0x21, 0x21, 0x41, 0x52, 0x42, 0x66, 0x70, 0x31, 0x2E, 0x30, 0x0A, 0x41, 0x54, 0x54, 0x52, 0x49,
    0x42, 0x20, 0x76, 0x20, 0x3D, 0x20, 0x66, 0x72, 0x61, 0x67, 0x6D, 0x65, 0x6E, 0x74, 0x2E, 0x63,
    0x6F, 0x6C, 0x6F, 0x72, 0x2E, 0x70, 0x72, 0x69, 0x6D, 0x61, 0x72, 0x79, 0x3B, 0x0A, 0x41, 0x54,
    0x54, 0x52, 0x49, 0x42, 0x20, 0x66, 0x20, 0x3D, 0x20, 0x66, 0x72, 0x61, 0x67, 0x6D, 0x65, 0x6E,
    0x74, 0x2E, 0x63, 0x6F, 0x6C, 0x6F, 0x72, 0x2E, 0x73, 0x65, 0x63, 0x6F, 0x6E, 0x64, 0x61, 0x72,
    0x79, 0x3B, 0x0A, 0x41, 0x54, 0x54, 0x52, 0x49, 0x42, 0x20, 0x54, 0x20, 0x3D, 0x20, 0x66, 0x72,
    0x61, 0x67, 0x6D, 0x65, 0x6E, 0x74, 0x2E, 0x74, 0x65, 0x78, 0x63, 0x6F, 0x6F, 0x72, 0x64, 0x5B,
    0x30, 0x5D, 0x3B, 0x0A, 0x41, 0x54, 0x54, 0x52, 0x49, 0x42, 0x20, 0x59, 0x20, 0x3D, 0x20, 0x66,
    0x72, 0x61, 0x67, 0x6D, 0x65, 0x6E, 0x74, 0x2E, 0x74, 0x65, 0x78, 0x63, 0x6F, 0x6F, 0x72, 0x64,
    0x5B, 0x31, 0x5D, 0x3B, 0x0A, 0x41, 0x54, 0x54, 0x52, 0x49, 0x42, 0x20, 0x55, 0x20, 0x3D, 0x20,
    0x66, 0x72, 0x61, 0x67, 0x6D, 0x65, 0x6E, 0x74, 0x2E, 0x74, 0x65, 0x78, 0x63, 0x6F, 0x6F, 0x72,
    0x64, 0x5B, 0x32, 0x5D, 0x3B, 0x0A, 0x0A, 0x50, 0x41, 0x52, 0x41, 0x4D, 0x20, 0x63, 0x5B, 0x31,
    0x5D, 0x20, 0x3D, 0x20, 0x7B, 0x20, 0x70, 0x72, 0x6F, 0x67, 0x72, 0x61, 0x6D, 0x2E, 0x65, 0x6E,
    0x76, 0x5B, 0x30, 0x5D, 0x20, 0x7D, 0x3B, 0x0A, 0x54, 0x45, 0x4D, 0x50, 0x20, 0x64, 0x2C, 0x20,
    0x6C, 0x2C, 0x20, 0x6D, 0x2C, 0x20, 0x72, 0x2C, 0x20, 0x73, 0x3B, 0x0A, 0x54, 0x45, 0x4D, 0x50,
    0x20, 0x72, 0x54, 0x65, 0x6D, 0x70, 0x30, 0x3B, 0x0A, 0x0A, 0x54, 0x45, 0x58, 0x20, 0x64, 0x2C,
    0x20, 0x54, 0x2C, 0x20, 0x74, 0x65, 0x78, 0x74, 0x75, 0x72, 0x65, 0x5B, 0x30, 0x5D, 0x2C, 0x20,
    0x32, 0x44, 0x3B, 0x0A, 0x54, 0x45, 0x58, 0x20, 0x6C, 0x2C, 0x20, 0x59, 0x2C, 0x20, 0x74, 0x65,
    0x78, 0x74, 0x75, 0x72, 0x65, 0x5B, 0x31, 0x5D, 0x2C, 0x20, 0x32, 0x44, 0x3B, 0x0A, 0x54, 0x45,
    0x58, 0x20, 0x6D, 0x2C, 0x20, 0x55, 0x2C, 0x20, 0x74, 0x65, 0x78, 0x74, 0x75, 0x72, 0x65, 0x5B,
    0x32, 0x5D, 0x2C, 0x20, 0x43, 0x55, 0x42, 0x45, 0x3B, 0x0A, 0x4D, 0x55, 0x4C, 0x20, 0x72, 0x2E,
    0x72, 0x67, 0x62, 0x2C, 0x20, 0x76, 0x2C, 0x20, 0x64, 0x3B, 0x0A, 0x4D, 0x41, 0x44, 0x20, 0x72,
    0x2E, 0x72, 0x67, 0x62, 0x2C, 0x20, 0x6C, 0x2C, 0x20, 0x64, 0x2C, 0x20, 0x72, 0x3B, 0x0A, 0x53,
    0x55, 0x42, 0x20, 0x72, 0x54, 0x65, 0x6D, 0x70, 0x30, 0x2C, 0x20, 0x31, 0x2E, 0x30, 0x2C, 0x20,
    0x64, 0x3B, 0x0A, 0x4D, 0x55, 0x4C, 0x20, 0x73, 0x2E, 0x72, 0x67, 0x62, 0x2C, 0x20, 0x6D, 0x2C,
    0x20, 0x72, 0x54, 0x65, 0x6D, 0x70, 0x30, 0x2E, 0x61, 0x3B, 0x0A, 0x41, 0x44, 0x44, 0x20, 0x64,
    0x2E, 0x72, 0x67, 0x62, 0x2C, 0x20, 0x72, 0x2C, 0x20, 0x73, 0x3B, 0x0A, 0x4D, 0x4F, 0x56, 0x20,
    0x64, 0x2E, 0x61, 0x2C, 0x20, 0x63, 0x5B, 0x30, 0x5D, 0x2E, 0x61, 0x3B, 0x0A, 0x4C, 0x52, 0x50,
    0x20, 0x64, 0x2E, 0x72, 0x67, 0x62, 0x2C, 0x20, 0x66, 0x2E, 0x78, 0x2C, 0x20, 0x73, 0x74, 0x61,
    0x74, 0x65, 0x2E, 0x66, 0x6F, 0x67, 0x2E, 0x63, 0x6F, 0x6C, 0x6F, 0x72, 0x2C, 0x20, 0x64, 0x3B,
    0x0A, 0x4D, 0x4F, 0x56, 0x20, 0x72, 0x65, 0x73, 0x75, 0x6C, 0x74, 0x2E, 0x63, 0x6F, 0x6C, 0x6F,
    0x72, 0x2C, 0x20, 0x64, 0x3B, 0x0A, 0x0A, 0x45, 0x4E, 0x44, 0x0A,
};

static const unsigned char kShaderSource2[] = {
    0x21, 0x21, 0x41, 0x52, 0x42, 0x66, 0x70, 0x31, 0x2E, 0x30, 0x0A, 0x41, 0x54, 0x54, 0x52, 0x49,
    0x42, 0x20, 0x76, 0x20, 0x3D, 0x20, 0x66, 0x72, 0x61, 0x67, 0x6D, 0x65, 0x6E, 0x74, 0x2E, 0x63,
    0x6F, 0x6C, 0x6F, 0x72, 0x2E, 0x70, 0x72, 0x69, 0x6D, 0x61, 0x72, 0x79, 0x3B, 0x0A, 0x41, 0x54,
    0x54, 0x52, 0x49, 0x42, 0x20, 0x54, 0x20, 0x3D, 0x20, 0x66, 0x72, 0x61, 0x67, 0x6D, 0x65, 0x6E,
    0x74, 0x2E, 0x74, 0x65, 0x78, 0x63, 0x6F, 0x6F, 0x72, 0x64, 0x5B, 0x30, 0x5D, 0x3B, 0x0A, 0x41,
    0x54, 0x54, 0x52, 0x49, 0x42, 0x20, 0x59, 0x20, 0x3D, 0x20, 0x66, 0x72, 0x61, 0x67, 0x6D, 0x65,
    0x6E, 0x74, 0x2E, 0x74, 0x65, 0x78, 0x63, 0x6F, 0x6F, 0x72, 0x64, 0x5B, 0x31, 0x5D, 0x3B, 0x0A,
    0x41, 0x54, 0x54, 0x52, 0x49, 0x42, 0x20, 0x66, 0x20, 0x3D, 0x20, 0x66, 0x72, 0x61, 0x67, 0x6D,
    0x65, 0x6E, 0x74, 0x2E, 0x63, 0x6F, 0x6C, 0x6F, 0x72, 0x2E, 0x73, 0x65, 0x63, 0x6F, 0x6E, 0x64,
    0x61, 0x72, 0x79, 0x3B, 0x0A, 0x0A, 0x50, 0x41, 0x52, 0x41, 0x4D, 0x20, 0x63, 0x5B, 0x31, 0x5D,
    0x20, 0x3D, 0x20, 0x7B, 0x20, 0x70, 0x72, 0x6F, 0x67, 0x72, 0x61, 0x6D, 0x2E, 0x65, 0x6E, 0x76,
    0x5B, 0x30, 0x5D, 0x20, 0x7D, 0x3B, 0x0A, 0x54, 0x45, 0x4D, 0x50, 0x20, 0x64, 0x2C, 0x20, 0x6D,
    0x2C, 0x20, 0x72, 0x3B, 0x0A, 0x0A, 0x54, 0x45, 0x58, 0x20, 0x64, 0x2C, 0x20, 0x54, 0x2C, 0x20,
    0x74, 0x65, 0x78, 0x74, 0x75, 0x72, 0x65, 0x5B, 0x30, 0x5D, 0x2C, 0x20, 0x32, 0x44, 0x3B, 0x0A,
    0x54, 0x45, 0x58, 0x20, 0x6D, 0x2C, 0x20, 0x59, 0x2C, 0x20, 0x74, 0x65, 0x78, 0x74, 0x75, 0x72,
    0x65, 0x5B, 0x31, 0x5D, 0x2C, 0x20, 0x43, 0x55, 0x42, 0x45, 0x3B, 0x0A, 0x4D, 0x55, 0x4C, 0x20,
    0x64, 0x2E, 0x72, 0x67, 0x62, 0x2C, 0x20, 0x64, 0x2C, 0x20, 0x76, 0x3B, 0x0A, 0x53, 0x55, 0x42,
    0x20, 0x72, 0x2C, 0x20, 0x31, 0x2E, 0x30, 0x2C, 0x20, 0x64, 0x3B, 0x0A, 0x4D, 0x41, 0x44, 0x20,
    0x64, 0x2E, 0x72, 0x67, 0x62, 0x2C, 0x20, 0x72, 0x2E, 0x61, 0x2C, 0x20, 0x6D, 0x2C, 0x20, 0x64,
    0x3B, 0x0A, 0x4D, 0x4F, 0x56, 0x20, 0x64, 0x2E, 0x61, 0x2C, 0x20, 0x63, 0x5B, 0x30, 0x5D, 0x3B,
    0x0A, 0x4C, 0x52, 0x50, 0x20, 0x64, 0x2E, 0x72, 0x67, 0x62, 0x2C, 0x20, 0x66, 0x2E, 0x78, 0x2C,
    0x20, 0x73, 0x74, 0x61, 0x74, 0x65, 0x2E, 0x66, 0x6F, 0x67, 0x2E, 0x63, 0x6F, 0x6C, 0x6F, 0x72,
    0x2C, 0x20, 0x64, 0x3B, 0x0A, 0x4D, 0x4F, 0x56, 0x20, 0x72, 0x65, 0x73, 0x75, 0x6C, 0x74, 0x2E,
    0x63, 0x6F, 0x6C, 0x6F, 0x72, 0x2C, 0x20, 0x64, 0x3B, 0x0A, 0x0A, 0x45, 0x4E, 0x44, 0x0A,
};

static const unsigned char kShaderSource3[] = {
    0x21, 0x21, 0x41, 0x52, 0x42, 0x66, 0x70, 0x31, 0x2E, 0x30, 0x0A, 0x41, 0x54, 0x54, 0x52, 0x49,
    0x42, 0x20, 0x76, 0x30, 0x20, 0x3D, 0x20, 0x66, 0x72, 0x61, 0x67, 0x6D, 0x65, 0x6E, 0x74, 0x2E,
    0x63, 0x6F, 0x6C, 0x6F, 0x72, 0x2E, 0x70, 0x72, 0x69, 0x6D, 0x61, 0x72, 0x79, 0x3B, 0x0A, 0x41,
    0x54, 0x54, 0x52, 0x49, 0x42, 0x20, 0x54, 0x30, 0x20, 0x3D, 0x20, 0x66, 0x72, 0x61, 0x67, 0x6D,
    0x65, 0x6E, 0x74, 0x2E, 0x74, 0x65, 0x78, 0x63, 0x6F, 0x6F, 0x72, 0x64, 0x5B, 0x30, 0x5D, 0x3B,
    0x0A, 0x41, 0x54, 0x54, 0x52, 0x49, 0x42, 0x20, 0x54, 0x31, 0x20, 0x3D, 0x20, 0x66, 0x72, 0x61,
    0x67, 0x6D, 0x65, 0x6E, 0x74, 0x2E, 0x74, 0x65, 0x78, 0x63, 0x6F, 0x6F, 0x72, 0x64, 0x5B, 0x31,
    0x5D, 0x3B, 0x0A, 0x50, 0x41, 0x52, 0x41, 0x4D, 0x20, 0x63, 0x37, 0x20, 0x3D, 0x20, 0x70, 0x72,
    0x6F, 0x67, 0x72, 0x61, 0x6D, 0x2E, 0x65, 0x6E, 0x76, 0x5B, 0x37, 0x5D, 0x3B, 0x0A, 0x54, 0x45,
    0x4D, 0x50, 0x20, 0x72, 0x30, 0x2C, 0x20, 0x72, 0x31, 0x2C, 0x20, 0x72, 0x32, 0x3B, 0x0A, 0x54,
    0x45, 0x58, 0x20, 0x72, 0x30, 0x2C, 0x20, 0x54, 0x30, 0x2C, 0x20, 0x74, 0x65, 0x78, 0x74, 0x75,
    0x72, 0x65, 0x5B, 0x30, 0x5D, 0x2C, 0x20, 0x32, 0x44, 0x3B, 0x0A, 0x54, 0x45, 0x58, 0x20, 0x72,
    0x31, 0x2C, 0x20, 0x54, 0x31, 0x2C, 0x20, 0x74, 0x65, 0x78, 0x74, 0x75, 0x72, 0x65, 0x5B, 0x31,
    0x5D, 0x2C, 0x20, 0x32, 0x44, 0x3B, 0x0A, 0x4D, 0x55, 0x4C, 0x20, 0x72, 0x32, 0x2E, 0x72, 0x67,
    0x62, 0x2C, 0x20, 0x72, 0x30, 0x2C, 0x20, 0x72, 0x31, 0x3B, 0x0A, 0x4D, 0x41, 0x44, 0x20, 0x72,
    0x32, 0x2E, 0x72, 0x67, 0x62, 0x2C, 0x20, 0x72, 0x30, 0x2C, 0x20, 0x76, 0x30, 0x2C, 0x20, 0x72,
    0x32, 0x3B, 0x0A, 0x44, 0x50, 0x33, 0x20, 0x72, 0x32, 0x2E, 0x72, 0x67, 0x62, 0x2C, 0x20, 0x72,
    0x32, 0x2C, 0x20, 0x63, 0x37, 0x3B, 0x0A, 0x4D, 0x55, 0x4C, 0x20, 0x72, 0x30, 0x2E, 0x72, 0x67,
    0x62, 0x2C, 0x20, 0x72, 0x32, 0x2C, 0x20, 0x63, 0x37, 0x2E, 0x61, 0x3B, 0x0A, 0x4D, 0x55, 0x4C,
    0x20, 0x72, 0x30, 0x2E, 0x61, 0x2C, 0x20, 0x72, 0x30, 0x2E, 0x61, 0x2C, 0x20, 0x76, 0x30, 0x2E,
    0x61, 0x3B, 0x0A, 0x4D, 0x4F, 0x56, 0x20, 0x72, 0x65, 0x73, 0x75, 0x6C, 0x74, 0x2E, 0x63, 0x6F,
    0x6C, 0x6F, 0x72, 0x2C, 0x20, 0x72, 0x30, 0x3B, 0x0A, 0x45, 0x4E, 0x44, 0x0A,
};

static const unsigned char kShaderSource4[] = {
    0x21, 0x21, 0x41, 0x52, 0x42, 0x76, 0x70, 0x31, 0x2E, 0x30, 0x50, 0x41, 0x52, 0x41, 0x4D, 0x20,
    0x6D, 0x76, 0x4D, 0x61, 0x74, 0x72, 0x69, 0x78, 0x5B, 0x34, 0x5D, 0x20, 0x3D, 0x20, 0x7B, 0x20,
    0x73, 0x74, 0x61, 0x74, 0x65, 0x2E, 0x6D, 0x61, 0x74, 0x72, 0x69, 0x78, 0x2E, 0x6D, 0x6F, 0x64,
    0x65, 0x6C, 0x76, 0x69, 0x65, 0x77, 0x5B, 0x30, 0x5D, 0x20, 0x7D, 0x3B, 0x0A, 0x50, 0x41, 0x52,
    0x41, 0x4D, 0x20, 0x6D, 0x76, 0x70, 0x4D, 0x61, 0x74, 0x72, 0x69, 0x78, 0x5B, 0x34, 0x5D, 0x20,
    0x3D, 0x20, 0x7B, 0x20, 0x73, 0x74, 0x61, 0x74, 0x65, 0x2E, 0x6D, 0x61, 0x74, 0x72, 0x69, 0x78,
    0x2E, 0x6D, 0x76, 0x70, 0x20, 0x7D, 0x3B, 0x0A, 0x50, 0x41, 0x52, 0x41, 0x4D, 0x20, 0x66, 0x6F,
    0x67, 0x50, 0x61, 0x72, 0x61, 0x6D, 0x73, 0x20, 0x3D, 0x20, 0x73, 0x74, 0x61, 0x74, 0x65, 0x2E,
    0x66, 0x6F, 0x67, 0x2E, 0x70, 0x61, 0x72, 0x61, 0x6D, 0x73, 0x3B, 0x0A, 0x54, 0x45, 0x4D, 0x50,
    0x20, 0x76, 0x54, 0x65, 0x6D, 0x70, 0x3B, 0x0A, 0x54, 0x45, 0x4D, 0x50, 0x20, 0x76, 0x52, 0x65,
    0x67, 0x30, 0x2C, 0x20, 0x76, 0x52, 0x65, 0x67, 0x31, 0x2C, 0x20, 0x76, 0x52, 0x65, 0x67, 0x32,
    0x2C, 0x20, 0x76, 0x52, 0x65, 0x67, 0x33, 0x3B, 0x0A, 0x54, 0x45, 0x4D, 0x50, 0x20, 0x76, 0x52,
    0x65, 0x67, 0x31, 0x30, 0x3B, 0x0A, 0x54, 0x45, 0x4D, 0x50, 0x20, 0x76, 0x4E, 0x6F, 0x72, 0x6D,
    0x61, 0x6C, 0x57, 0x6F, 0x72, 0x6C, 0x64, 0x3B, 0x0A, 0x54, 0x45, 0x4D, 0x50, 0x20, 0x66, 0x6F,
    0x67, 0x54, 0x65, 0x6D, 0x70, 0x3B, 0x0A, 0x41, 0x4C, 0x49, 0x41, 0x53, 0x20, 0x76, 0x46, 0x69,
    0x6E, 0x61, 0x6C, 0x43, 0x6F, 0x6C, 0x6F, 0x75, 0x72, 0x20, 0x3D, 0x20, 0x76, 0x54, 0x65, 0x6D,
    0x70, 0x3B, 0x0A, 0x44, 0x50, 0x34, 0x20, 0x20, 0x20, 0x72, 0x65, 0x73, 0x75, 0x6C, 0x74, 0x2E,
    0x70, 0x6F, 0x73, 0x69, 0x74, 0x69, 0x6F, 0x6E, 0x2E, 0x78, 0x2C, 0x20, 0x6D, 0x76, 0x70, 0x4D,
    0x61, 0x74, 0x72, 0x69, 0x78, 0x5B, 0x30, 0x5D, 0x2C, 0x20, 0x76, 0x65, 0x72, 0x74, 0x65, 0x78,
    0x2E, 0x70, 0x6F, 0x73, 0x69, 0x74, 0x69, 0x6F, 0x6E, 0x3B, 0x0A, 0x44, 0x50, 0x34, 0x20, 0x20,
    0x20, 0x72, 0x65, 0x73, 0x75, 0x6C, 0x74, 0x2E, 0x70, 0x6F, 0x73, 0x69, 0x74, 0x69, 0x6F, 0x6E,
    0x2E, 0x79, 0x2C, 0x20, 0x6D, 0x76, 0x70, 0x4D, 0x61, 0x74, 0x72, 0x69, 0x78, 0x5B, 0x31, 0x5D,
    0x2C, 0x20, 0x76, 0x65, 0x72, 0x74, 0x65, 0x78, 0x2E, 0x70, 0x6F, 0x73, 0x69, 0x74, 0x69, 0x6F,
    0x6E, 0x3B, 0x0A, 0x44, 0x50, 0x34, 0x20, 0x20, 0x20, 0x72, 0x65, 0x73, 0x75, 0x6C, 0x74, 0x2E,
    0x70, 0x6F, 0x73, 0x69, 0x74, 0x69, 0x6F, 0x6E, 0x2E, 0x7A, 0x2C, 0x20, 0x6D, 0x76, 0x70, 0x4D,
    0x61, 0x74, 0x72, 0x69, 0x78, 0x5B, 0x32, 0x5D, 0x2C, 0x20, 0x76, 0x65, 0x72, 0x74, 0x65, 0x78,
    0x2E, 0x70, 0x6F, 0x73, 0x69, 0x74, 0x69, 0x6F, 0x6E, 0x3B, 0x0A, 0x44, 0x50, 0x34, 0x20, 0x20,
    0x20, 0x72, 0x65, 0x73, 0x75, 0x6C, 0x74, 0x2E, 0x70, 0x6F, 0x73, 0x69, 0x74, 0x69, 0x6F, 0x6E,
    0x2E, 0x77, 0x2C, 0x20, 0x6D, 0x76, 0x70, 0x4D, 0x61, 0x74, 0x72, 0x69, 0x78, 0x5B, 0x33, 0x5D,
    0x2C, 0x20, 0x76, 0x65, 0x72, 0x74, 0x65, 0x78, 0x2E, 0x70, 0x6F, 0x73, 0x69, 0x74, 0x69, 0x6F,
    0x6E, 0x3B, 0x0A, 0x44, 0x50, 0x34, 0x20, 0x20, 0x20, 0x76, 0x52, 0x65, 0x67, 0x31, 0x30, 0x2E,
    0x78, 0x2C, 0x20, 0x6D, 0x76, 0x4D, 0x61, 0x74, 0x72, 0x69, 0x78, 0x5B, 0x30, 0x5D, 0x2C, 0x20,
    0x76, 0x65, 0x72, 0x74, 0x65, 0x78, 0x2E, 0x70, 0x6F, 0x73, 0x69, 0x74, 0x69, 0x6F, 0x6E, 0x3B,
    0x0A, 0x44, 0x50, 0x34, 0x20, 0x20, 0x20, 0x76, 0x52, 0x65, 0x67, 0x31, 0x30, 0x2E, 0x79, 0x2C,
    0x20, 0x6D, 0x76, 0x4D, 0x61, 0x74, 0x72, 0x69, 0x78, 0x5B, 0x31, 0x5D, 0x2C, 0x20, 0x76, 0x65,
    0x72, 0x74, 0x65, 0x78, 0x2E, 0x70, 0x6F, 0x73, 0x69, 0x74, 0x69, 0x6F, 0x6E, 0x3B, 0x0A, 0x44,
    0x50, 0x34, 0x20, 0x20, 0x20, 0x76, 0x52, 0x65, 0x67, 0x31, 0x30, 0x2E, 0x7A, 0x2C, 0x20, 0x6D,
    0x76, 0x4D, 0x61, 0x74, 0x72, 0x69, 0x78, 0x5B, 0x32, 0x5D, 0x2C, 0x20, 0x76, 0x65, 0x72, 0x74,
    0x65, 0x78, 0x2E, 0x70, 0x6F, 0x73, 0x69, 0x74, 0x69, 0x6F, 0x6E, 0x3B, 0x0A, 0x44, 0x50, 0x34,
    0x20, 0x20, 0x20, 0x76, 0x52, 0x65, 0x67, 0x31, 0x30, 0x2E, 0x77, 0x2C, 0x20, 0x6D, 0x76, 0x4D,
    0x61, 0x74, 0x72, 0x69, 0x78, 0x5B, 0x33, 0x5D, 0x2C, 0x20, 0x76, 0x65, 0x72, 0x74, 0x65, 0x78,
    0x2E, 0x70, 0x6F, 0x73, 0x69, 0x74, 0x69, 0x6F, 0x6E, 0x3B, 0x0A, 0x44, 0x50, 0x33, 0x20, 0x20,
    0x20, 0x76, 0x4E, 0x6F, 0x72, 0x6D, 0x61, 0x6C, 0x57, 0x6F, 0x72, 0x6C, 0x64, 0x2E, 0x78, 0x2C,
    0x20, 0x6D, 0x76, 0x4D, 0x61, 0x74, 0x72, 0x69, 0x78, 0x5B, 0x30, 0x5D, 0x2C, 0x20, 0x76, 0x65,
    0x72, 0x74, 0x65, 0x78, 0x2E, 0x6E, 0x6F, 0x72, 0x6D, 0x61, 0x6C, 0x3B, 0x0A, 0x44, 0x50, 0x33,
    0x20, 0x20, 0x20, 0x76, 0x4E, 0x6F, 0x72, 0x6D, 0x61, 0x6C, 0x57, 0x6F, 0x72, 0x6C, 0x64, 0x2E,
    0x79, 0x2C, 0x20, 0x6D, 0x76, 0x4D, 0x61, 0x74, 0x72, 0x69, 0x78, 0x5B, 0x31, 0x5D, 0x2C, 0x20,
    0x76, 0x65, 0x72, 0x74, 0x65, 0x78, 0x2E, 0x6E, 0x6F, 0x72, 0x6D, 0x61, 0x6C, 0x3B, 0x0A, 0x44,
    0x50, 0x33, 0x20, 0x20, 0x20, 0x76, 0x4E, 0x6F, 0x72, 0x6D, 0x61, 0x6C, 0x57, 0x6F, 0x72, 0x6C,
    0x64, 0x2E, 0x7A, 0x2C, 0x20, 0x6D, 0x76, 0x4D, 0x61, 0x74, 0x72, 0x69, 0x78, 0x5B, 0x32, 0x5D,
    0x2C, 0x20, 0x76, 0x65, 0x72, 0x74, 0x65, 0x78, 0x2E, 0x6E, 0x6F, 0x72, 0x6D, 0x61, 0x6C, 0x3B,
    0x0A, 0x44, 0x50, 0x33, 0x09, 0x76, 0x52, 0x65, 0x67, 0x30, 0x2E, 0x78, 0x2C, 0x20, 0x76, 0x52,
    0x65, 0x67, 0x31, 0x30, 0x2C, 0x20, 0x76, 0x52, 0x65, 0x67, 0x31, 0x30, 0x3B, 0x0A, 0x52, 0x53,
    0x51, 0x09, 0x76, 0x52, 0x65, 0x67, 0x30, 0x2E, 0x78, 0x2C, 0x20, 0x76, 0x52, 0x65, 0x67, 0x30,
    0x2E, 0x78, 0x3B, 0x0A, 0x52, 0x43, 0x50, 0x09, 0x76, 0x52, 0x65, 0x67, 0x30, 0x2E, 0x78, 0x2C,
    0x20, 0x76, 0x52, 0x65, 0x67, 0x30, 0x2E, 0x78, 0x3B, 0x0A, 0x4D, 0x4F, 0x56, 0x20, 0x72, 0x65,
    0x73, 0x75, 0x6C, 0x74, 0x2E, 0x66, 0x6F, 0x67, 0x63, 0x6F, 0x6F, 0x72, 0x64, 0x2C, 0x20, 0x76,
    0x52, 0x65, 0x67, 0x30, 0x2E, 0x78, 0x3B, 0x0A, 0x41, 0x44, 0x44, 0x20, 0x66, 0x6F, 0x67, 0x54,
    0x65, 0x6D, 0x70, 0x2E, 0x78, 0x2C, 0x20, 0x2D, 0x66, 0x6F, 0x67, 0x50, 0x61, 0x72, 0x61, 0x6D,
    0x73, 0x2E, 0x79, 0x2C, 0x20, 0x76, 0x52, 0x65, 0x67, 0x30, 0x2E, 0x78, 0x3B, 0x0A, 0x53, 0x4C,
    0x54, 0x20, 0x66, 0x6F, 0x67, 0x54, 0x65, 0x6D, 0x70, 0x2E, 0x79, 0x2C, 0x20, 0x30, 0x2E, 0x30,
    0x2C, 0x20, 0x73, 0x74, 0x61, 0x74, 0x65, 0x2E, 0x66, 0x6F, 0x67, 0x2E, 0x63, 0x6F, 0x6C, 0x6F,
    0x72, 0x3B, 0x0A, 0x4D, 0x55, 0x4C, 0x20, 0x66, 0x6F, 0x67, 0x54, 0x65, 0x6D, 0x70, 0x2E, 0x7A,
    0x2C, 0x20, 0x66, 0x6F, 0x67, 0x54, 0x65, 0x6D, 0x70, 0x2E, 0x78, 0x2C, 0x20, 0x66, 0x6F, 0x67,
    0x50, 0x61, 0x72, 0x61, 0x6D, 0x73, 0x2E, 0x77, 0x3B, 0x0A, 0x4D, 0x55, 0x4C, 0x20, 0x72, 0x65,
    0x73, 0x75, 0x6C, 0x74, 0x2E, 0x63, 0x6F, 0x6C, 0x6F, 0x72, 0x2E, 0x73, 0x65, 0x63, 0x6F, 0x6E,
    0x64, 0x61, 0x72, 0x79, 0x2E, 0x78, 0x2C, 0x20, 0x66, 0x6F, 0x67, 0x54, 0x65, 0x6D, 0x70, 0x2E,
    0x7A, 0x2C, 0x20, 0x66, 0x6F, 0x67, 0x54, 0x65, 0x6D, 0x70, 0x2E, 0x79, 0x3B, 0x0A, 0x4D, 0x4F,
    0x56, 0x20, 0x20, 0x20, 0x72, 0x65, 0x73, 0x75, 0x6C, 0x74, 0x2E, 0x74, 0x65, 0x78, 0x63, 0x6F,
    0x6F, 0x72, 0x64, 0x5B, 0x30, 0x5D, 0x2C, 0x20, 0x76, 0x65, 0x72, 0x74, 0x65, 0x78, 0x2E, 0x74,
    0x65, 0x78, 0x63, 0x6F, 0x6F, 0x72, 0x64, 0x5B, 0x30, 0x5D, 0x3B, 0x0A, 0x4D, 0x4F, 0x56, 0x20,
    0x20, 0x20, 0x72, 0x65, 0x73, 0x75, 0x6C, 0x74, 0x2E, 0x74, 0x65, 0x78, 0x63, 0x6F, 0x6F, 0x72,
    0x64, 0x5B, 0x31, 0x5D, 0x2C, 0x20, 0x76, 0x65, 0x72, 0x74, 0x65, 0x78, 0x2E, 0x74, 0x65, 0x78,
    0x63, 0x6F, 0x6F, 0x72, 0x64, 0x5B, 0x31, 0x5D, 0x3B, 0x0A, 0x4D, 0x4F, 0x56, 0x20, 0x20, 0x20,
    0x72, 0x65, 0x73, 0x75, 0x6C, 0x74, 0x2E, 0x74, 0x65, 0x78, 0x63, 0x6F, 0x6F, 0x72, 0x64, 0x5B,
    0x32, 0x5D, 0x2C, 0x20, 0x76, 0x65, 0x72, 0x74, 0x65, 0x78, 0x2E, 0x74, 0x65, 0x78, 0x63, 0x6F,
    0x6F, 0x72, 0x64, 0x5B, 0x32, 0x5D, 0x3B, 0x0A, 0x4D, 0x4F, 0x56, 0x20, 0x20, 0x20, 0x72, 0x65,
    0x73, 0x75, 0x6C, 0x74, 0x2E, 0x74, 0x65, 0x78, 0x63, 0x6F, 0x6F, 0x72, 0x64, 0x5B, 0x33, 0x5D,
    0x2C, 0x20, 0x76, 0x65, 0x72, 0x74, 0x65, 0x78, 0x2E, 0x74, 0x65, 0x78, 0x63, 0x6F, 0x6F, 0x72,
    0x64, 0x5B, 0x33, 0x5D, 0x3B, 0x0A, 0x4D, 0x4F, 0x56, 0x20, 0x72, 0x65, 0x73, 0x75, 0x6C, 0x74,
    0x2E, 0x63, 0x6F, 0x6C, 0x6F, 0x72, 0x2C, 0x20, 0x70, 0x72, 0x6F, 0x67, 0x72, 0x61, 0x6D, 0x2E,
    0x65, 0x6E, 0x76, 0x5B, 0x31, 0x35, 0x5D, 0x2E, 0x77, 0x77, 0x77, 0x7A, 0x3B, 0x0A, 0x4D, 0x4F,
    0x56, 0x20, 0x76, 0x46, 0x69, 0x6E, 0x61, 0x6C, 0x43, 0x6F, 0x6C, 0x6F, 0x75, 0x72, 0x2C, 0x20,
    0x70, 0x72, 0x6F, 0x67, 0x72, 0x61, 0x6D, 0x2E, 0x65, 0x6E, 0x76, 0x5B, 0x38, 0x39, 0x5D, 0x2E,
    0x78, 0x78, 0x78, 0x77, 0x3B, 0x0A, 0x44, 0x50, 0x34, 0x20, 0x76, 0x52, 0x65, 0x67, 0x30, 0x2E,
    0x78, 0x2C, 0x20, 0x76, 0x52, 0x65, 0x67, 0x31, 0x30, 0x2C, 0x20, 0x70, 0x72, 0x6F, 0x67, 0x72,
    0x61, 0x6D, 0x2E, 0x65, 0x6E, 0x76, 0x5B, 0x39, 0x32, 0x5D, 0x3B, 0x0A, 0x44, 0x50, 0x34, 0x20,
    0x76, 0x52, 0x65, 0x67, 0x30, 0x2E, 0x79, 0x2C, 0x20, 0x76, 0x52, 0x65, 0x67, 0x31, 0x30, 0x2C,
    0x20, 0x70, 0x72, 0x6F, 0x67, 0x72, 0x61, 0x6D, 0x2E, 0x65, 0x6E, 0x76, 0x5B, 0x39, 0x31, 0x5D,
    0x3B, 0x0A, 0x44, 0x50, 0x34, 0x20, 0x76, 0x52, 0x65, 0x67, 0x30, 0x2E, 0x7A, 0x2C, 0x20, 0x76,
    0x52, 0x65, 0x67, 0x31, 0x30, 0x2C, 0x20, 0x70, 0x72, 0x6F, 0x67, 0x72, 0x61, 0x6D, 0x2E, 0x65,
    0x6E, 0x76, 0x5B, 0x39, 0x30, 0x5D, 0x3B, 0x0A, 0x44, 0x50, 0x34, 0x20, 0x76, 0x52, 0x65, 0x67,
    0x30, 0x2E, 0x77, 0x2C, 0x20, 0x76, 0x52, 0x65, 0x67, 0x31, 0x30, 0x2C, 0x20, 0x70, 0x72, 0x6F,
    0x67, 0x72, 0x61, 0x6D, 0x2E, 0x65, 0x6E, 0x76, 0x5B, 0x38, 0x39, 0x5D, 0x3B, 0x0A, 0x4D, 0x4F,
    0x56, 0x20, 0x76, 0x52, 0x65, 0x67, 0x31, 0x30, 0x2C, 0x20, 0x76, 0x52, 0x65, 0x67, 0x30, 0x3B,
    0x0A, 0x44, 0x50, 0x33, 0x20, 0x76, 0x52, 0x65, 0x67, 0x30, 0x2E, 0x78, 0x2C, 0x20, 0x76, 0x4E,
    0x6F, 0x72, 0x6D, 0x61, 0x6C, 0x57, 0x6F, 0x72, 0x6C, 0x64, 0x2C, 0x20, 0x70, 0x72, 0x6F, 0x67,
    0x72, 0x61, 0x6D, 0x2E, 0x65, 0x6E, 0x76, 0x5B, 0x39, 0x32, 0x5D, 0x3B, 0x0A, 0x44, 0x50, 0x33,
    0x20, 0x76, 0x52, 0x65, 0x67, 0x30, 0x2E, 0x79, 0x2C, 0x20, 0x76, 0x4E, 0x6F, 0x72, 0x6D, 0x61,
    0x6C, 0x57, 0x6F, 0x72, 0x6C, 0x64, 0x2C, 0x20, 0x70, 0x72, 0x6F, 0x67, 0x72, 0x61, 0x6D, 0x2E,
    0x65, 0x6E, 0x76, 0x5B, 0x39, 0x31, 0x5D, 0x3B, 0x0A, 0x44, 0x50, 0x33, 0x20, 0x76, 0x52, 0x65,
    0x67, 0x30, 0x2E, 0x7A, 0x2C, 0x20, 0x76, 0x4E, 0x6F, 0x72, 0x6D, 0x61, 0x6C, 0x57, 0x6F, 0x72,
    0x6C, 0x64, 0x2C, 0x20, 0x70, 0x72, 0x6F, 0x67, 0x72, 0x61, 0x6D, 0x2E, 0x65, 0x6E, 0x76, 0x5B,
    0x39, 0x30, 0x5D, 0x3B, 0x0A, 0x4D, 0x4F, 0x56, 0x20, 0x76, 0x4E, 0x6F, 0x72, 0x6D, 0x61, 0x6C,
    0x57, 0x6F, 0x72, 0x6C, 0x64, 0x2C, 0x20, 0x76, 0x52, 0x65, 0x67, 0x30, 0x3B, 0x0A, 0x41, 0x44,
    0x44, 0x20, 0x76, 0x52, 0x65, 0x67, 0x30, 0x2C, 0x20, 0x2D, 0x76, 0x52, 0x65, 0x67, 0x31, 0x30,
    0x2C, 0x20, 0x70, 0x72, 0x6F, 0x67, 0x72, 0x61, 0x6D, 0x2E, 0x65, 0x6E, 0x76, 0x5B, 0x38, 0x37,
    0x5D, 0x3B, 0x0A, 0x44, 0x50, 0x33, 0x20, 0x76, 0x52, 0x65, 0x67, 0x30, 0x2E, 0x77, 0x2C, 0x20,
    0x76, 0x52, 0x65, 0x67, 0x30, 0x2C, 0x20, 0x76, 0x52, 0x65, 0x67, 0x30, 0x3B, 0x0A, 0x52, 0x53,
    0x51, 0x20, 0x76, 0x52, 0x65, 0x67, 0x31, 0x2E, 0x77, 0x2C, 0x20, 0x76, 0x52, 0x65, 0x67, 0x30,
    0x2E, 0x77, 0x3B, 0x0A, 0x4D, 0x55, 0x4C, 0x20, 0x76, 0x52, 0x65, 0x67, 0x32, 0x2C, 0x20, 0x76,
    0x52, 0x65, 0x67, 0x30, 0x2C, 0x20, 0x76, 0x52, 0x65, 0x67, 0x31, 0x2E, 0x77, 0x3B, 0x0A, 0x44,
    0x53, 0x54, 0x20, 0x76, 0x52, 0x65, 0x67, 0x33, 0x2C, 0x20, 0x76, 0x52, 0x65, 0x67, 0x30, 0x2E,
    0x77, 0x2C, 0x20, 0x76, 0x52, 0x65, 0x67, 0x31, 0x2E, 0x77, 0x3B, 0x0A, 0x44, 0x50, 0x33, 0x20,
    0x76, 0x52, 0x65, 0x67, 0x33, 0x2E, 0x77, 0x2C, 0x20, 0x76, 0x52, 0x65, 0x67, 0x33, 0x2C, 0x20,
    0x70, 0x72, 0x6F, 0x67, 0x72, 0x61, 0x6D, 0x2E, 0x65, 0x6E, 0x76, 0x5B, 0x38, 0x33, 0x5D, 0x3B,
    0x0A, 0x52, 0x43, 0x50, 0x20, 0x76, 0x52, 0x65, 0x67, 0x33, 0x2E, 0x77, 0x2C, 0x20, 0x76, 0x52,
    0x65, 0x67, 0x33, 0x2E, 0x77, 0x3B, 0x0A, 0x44, 0x50, 0x33, 0x20, 0x76, 0x52, 0x65, 0x67, 0x30,
    0x2E, 0x78, 0x2C, 0x20, 0x76, 0x4E, 0x6F, 0x72, 0x6D, 0x61, 0x6C, 0x57, 0x6F, 0x72, 0x6C, 0x64,
    0x2C, 0x20, 0x76, 0x52, 0x65, 0x67, 0x32, 0x3B, 0x0A, 0x4C, 0x49, 0x54, 0x20, 0x76, 0x52, 0x65,
    0x67, 0x30, 0x2C, 0x20, 0x76, 0x52, 0x65, 0x67, 0x30, 0x3B, 0x0A, 0x4D, 0x55, 0x4C, 0x20, 0x76,
    0x52, 0x65, 0x67, 0x30, 0x2C, 0x20, 0x76, 0x52, 0x65, 0x67, 0x30, 0x2C, 0x20, 0x76, 0x52, 0x65,
    0x67, 0x33, 0x2E, 0x77, 0x3B, 0x0A, 0x4D, 0x55, 0x4C, 0x20, 0x76, 0x52, 0x65, 0x67, 0x31, 0x2C,
    0x20, 0x76, 0x52, 0x65, 0x67, 0x30, 0x2E, 0x78, 0x2C, 0x20, 0x70, 0x72, 0x6F, 0x67, 0x72, 0x61,
    0x6D, 0x2E, 0x65, 0x6E, 0x76, 0x5B, 0x38, 0x36, 0x5D, 0x3B, 0x0A, 0x4D, 0x41, 0x44, 0x20, 0x76,
    0x46, 0x69, 0x6E, 0x61, 0x6C, 0x43, 0x6F, 0x6C, 0x6F, 0x75, 0x72, 0x2E, 0x78, 0x79, 0x7A, 0x77,
    0x2C, 0x20, 0x76, 0x52, 0x65, 0x67, 0x31, 0x2C, 0x20, 0x70, 0x72, 0x6F, 0x67, 0x72, 0x61, 0x6D,
    0x2E, 0x65, 0x6E, 0x76, 0x5B, 0x39, 0x35, 0x5D, 0x2C, 0x20, 0x76, 0x46, 0x69, 0x6E, 0x61, 0x6C,
    0x43, 0x6F, 0x6C, 0x6F, 0x75, 0x72, 0x3B, 0x0A, 0x4D, 0x55, 0x4C, 0x20, 0x76, 0x52, 0x65, 0x67,
    0x31, 0x2C, 0x20, 0x76, 0x52, 0x65, 0x67, 0x30, 0x2E, 0x79, 0x2C, 0x20, 0x70, 0x72, 0x6F, 0x67,
    0x72, 0x61, 0x6D, 0x2E, 0x65, 0x6E, 0x76, 0x5B, 0x38, 0x35, 0x5D, 0x3B, 0x0A, 0x4D, 0x41, 0x44,
    0x20, 0x76, 0x46, 0x69, 0x6E, 0x61, 0x6C, 0x43, 0x6F, 0x6C, 0x6F, 0x75, 0x72, 0x2E, 0x78, 0x79,
    0x7A, 0x77, 0x2C, 0x20, 0x76, 0x52, 0x65, 0x67, 0x31, 0x2C, 0x20, 0x70, 0x72, 0x6F, 0x67, 0x72,
    0x61, 0x6D, 0x2E, 0x65, 0x6E, 0x76, 0x5B, 0x39, 0x34, 0x5D, 0x2C, 0x20, 0x76, 0x46, 0x69, 0x6E,
    0x61, 0x6C, 0x43, 0x6F, 0x6C, 0x6F, 0x75, 0x72, 0x3B, 0x0A, 0x41, 0x44, 0x44, 0x20, 0x76, 0x52,
    0x65, 0x67, 0x30, 0x2C, 0x20, 0x2D, 0x76, 0x52, 0x65, 0x67, 0x31, 0x30, 0x2C, 0x20, 0x70, 0x72,
    0x6F, 0x67, 0x72, 0x61, 0x6D, 0x2E, 0x65, 0x6E, 0x76, 0x5B, 0x38, 0x32, 0x5D, 0x3B, 0x0A, 0x44,
    0x50, 0x33, 0x20, 0x76, 0x52, 0x65, 0x67, 0x30, 0x2E, 0x77, 0x2C, 0x20, 0x76, 0x52, 0x65, 0x67,
    0x30, 0x2C, 0x20, 0x76, 0x52, 0x65, 0x67, 0x30, 0x3B, 0x0A, 0x52, 0x53, 0x51, 0x20, 0x76, 0x52,
    0x65, 0x67, 0x31, 0x2E, 0x77, 0x2C, 0x20, 0x76, 0x52, 0x65, 0x67, 0x30, 0x2E, 0x77, 0x3B, 0x0A,
    0x4D, 0x55, 0x4C, 0x20, 0x76, 0x52, 0x65, 0x67, 0x32, 0x2C, 0x20, 0x76, 0x52, 0x65, 0x67, 0x30,
    0x2C, 0x20, 0x76, 0x52, 0x65, 0x67, 0x31, 0x2E, 0x77, 0x3B, 0x0A, 0x44, 0x53, 0x54, 0x20, 0x76,
    0x52, 0x65, 0x67, 0x33, 0x2C, 0x20, 0x76, 0x52, 0x65, 0x67, 0x30, 0x2E, 0x77, 0x2C, 0x20, 0x76,
    0x52, 0x65, 0x67, 0x31, 0x2E, 0x77, 0x3B, 0x0A, 0x44, 0x50, 0x33, 0x20, 0x76, 0x52, 0x65, 0x67,
    0x33, 0x2E, 0x77, 0x2C, 0x20, 0x76, 0x52, 0x65, 0x67, 0x33, 0x2C, 0x20, 0x70, 0x72, 0x6F, 0x67,
    0x72, 0x61, 0x6D, 0x2E, 0x65, 0x6E, 0x76, 0x5B, 0x37, 0x38, 0x5D, 0x3B, 0x0A, 0x52, 0x43, 0x50,
    0x20, 0x76, 0x52, 0x65, 0x67, 0x33, 0x2E, 0x77, 0x2C, 0x20, 0x76, 0x52, 0x65, 0x67, 0x33, 0x2E,
    0x77, 0x3B, 0x0A, 0x44, 0x50, 0x33, 0x20, 0x76, 0x52, 0x65, 0x67, 0x30, 0x2E, 0x78, 0x2C, 0x20,
    0x76, 0x4E, 0x6F, 0x72, 0x6D, 0x61, 0x6C, 0x57, 0x6F, 0x72, 0x6C, 0x64, 0x2C, 0x20, 0x76, 0x52,
    0x65, 0x67, 0x32, 0x3B, 0x0A, 0x4C, 0x49, 0x54, 0x20, 0x76, 0x52, 0x65, 0x67, 0x30, 0x2C, 0x20,
    0x76, 0x52, 0x65, 0x67, 0x30, 0x3B, 0x0A, 0x4D, 0x55, 0x4C, 0x20, 0x76, 0x52, 0x65, 0x67, 0x30,
    0x2C, 0x20, 0x76, 0x52, 0x65, 0x67, 0x30, 0x2C, 0x20, 0x76, 0x52, 0x65, 0x67, 0x33, 0x2E, 0x77,
    0x3B, 0x0A, 0x4D, 0x55, 0x4C, 0x20, 0x76, 0x52, 0x65, 0x67, 0x31, 0x2C, 0x20, 0x76, 0x52, 0x65,
    0x67, 0x30, 0x2E, 0x78, 0x2C, 0x20, 0x70, 0x72, 0x6F, 0x67, 0x72, 0x61, 0x6D, 0x2E, 0x65, 0x6E,
    0x76, 0x5B, 0x38, 0x31, 0x5D, 0x3B, 0x0A, 0x4D, 0x41, 0x44, 0x20, 0x76, 0x46, 0x69, 0x6E, 0x61,
    0x6C, 0x43, 0x6F, 0x6C, 0x6F, 0x75, 0x72, 0x2E, 0x78, 0x79, 0x7A, 0x77, 0x2C, 0x20, 0x76, 0x52,
    0x65, 0x67, 0x31, 0x2C, 0x20, 0x70, 0x72, 0x6F, 0x67, 0x72, 0x61, 0x6D, 0x2E, 0x65, 0x6E, 0x76,
    0x5B, 0x39, 0x35, 0x5D, 0x2C, 0x20, 0x76, 0x46, 0x69, 0x6E, 0x61, 0x6C, 0x43, 0x6F, 0x6C, 0x6F,
    0x75, 0x72, 0x3B, 0x0A, 0x4D, 0x55, 0x4C, 0x20, 0x76, 0x52, 0x65, 0x67, 0x31, 0x2C, 0x20, 0x76,
    0x52, 0x65, 0x67, 0x30, 0x2E, 0x79, 0x2C, 0x20, 0x70, 0x72, 0x6F, 0x67, 0x72, 0x61, 0x6D, 0x2E,
    0x65, 0x6E, 0x76, 0x5B, 0x38, 0x30, 0x5D, 0x3B, 0x0A, 0x4D, 0x41, 0x44, 0x20, 0x76, 0x46, 0x69,
    0x6E, 0x61, 0x6C, 0x43, 0x6F, 0x6C, 0x6F, 0x75, 0x72, 0x2E, 0x78, 0x79, 0x7A, 0x77, 0x2C, 0x20,
    0x76, 0x52, 0x65, 0x67, 0x31, 0x2C, 0x20, 0x70, 0x72, 0x6F, 0x67, 0x72, 0x61, 0x6D, 0x2E, 0x65,
    0x6E, 0x76, 0x5B, 0x39, 0x34, 0x5D, 0x2C, 0x20, 0x76, 0x46, 0x69, 0x6E, 0x61, 0x6C, 0x43, 0x6F,
    0x6C, 0x6F, 0x75, 0x72, 0x3B, 0x0A, 0x41, 0x44, 0x44, 0x20, 0x76, 0x52, 0x65, 0x67, 0x30, 0x2C,
    0x20, 0x2D, 0x76, 0x52, 0x65, 0x67, 0x31, 0x30, 0x2C, 0x20, 0x70, 0x72, 0x6F, 0x67, 0x72, 0x61,
    0x6D, 0x2E, 0x65, 0x6E, 0x76, 0x5B, 0x37, 0x37, 0x5D, 0x3B, 0x0A, 0x44, 0x50, 0x33, 0x20, 0x76,
    0x52, 0x65, 0x67, 0x30, 0x2E, 0x77, 0x2C, 0x20, 0x76, 0x52, 0x65, 0x67, 0x30, 0x2C, 0x20, 0x76,
    0x52, 0x65, 0x67, 0x30, 0x3B, 0x0A, 0x52, 0x53, 0x51, 0x20, 0x76, 0x52, 0x65, 0x67, 0x31, 0x2E,
    0x77, 0x2C, 0x20, 0x76, 0x52, 0x65, 0x67, 0x30, 0x2E, 0x77, 0x3B, 0x0A, 0x4D, 0x55, 0x4C, 0x20,
    0x76, 0x52, 0x65, 0x67, 0x32, 0x2C, 0x20, 0x76, 0x52, 0x65, 0x67, 0x30, 0x2C, 0x20, 0x76, 0x52,
    0x65, 0x67, 0x31, 0x2E, 0x77, 0x3B, 0x0A, 0x44, 0x53, 0x54, 0x20, 0x76, 0x52, 0x65, 0x67, 0x33,
    0x2C, 0x20, 0x76, 0x52, 0x65, 0x67, 0x30, 0x2E, 0x77, 0x2C, 0x20, 0x76, 0x52, 0x65, 0x67, 0x31,
    0x2E, 0x77, 0x3B, 0x0A, 0x44, 0x50, 0x33, 0x20, 0x76, 0x52, 0x65, 0x67, 0x33, 0x2E, 0x77, 0x2C,
    0x20, 0x76, 0x52, 0x65, 0x67, 0x33, 0x2C, 0x20, 0x70, 0x72, 0x6F, 0x67, 0x72, 0x61, 0x6D, 0x2E,
    0x65, 0x6E, 0x76, 0x5B, 0x37, 0x33, 0x5D, 0x3B, 0x0A, 0x52, 0x43, 0x50, 0x20, 0x76, 0x52, 0x65,
    0x67, 0x33, 0x2E, 0x77, 0x2C, 0x20, 0x76, 0x52, 0x65, 0x67, 0x33, 0x2E, 0x77, 0x3B, 0x0A, 0x44,
    0x50, 0x33, 0x20, 0x76, 0x52, 0x65, 0x67, 0x30, 0x2E, 0x78, 0x2C, 0x20, 0x76, 0x4E, 0x6F, 0x72,
    0x6D, 0x61, 0x6C, 0x57, 0x6F, 0x72, 0x6C, 0x64, 0x2C, 0x20, 0x76, 0x52, 0x65, 0x67, 0x32, 0x3B,
    0x0A, 0x4C, 0x49, 0x54, 0x20, 0x76, 0x52, 0x65, 0x67, 0x30, 0x2C, 0x20, 0x76, 0x52, 0x65, 0x67,
    0x30, 0x3B, 0x0A, 0x4D, 0x55, 0x4C, 0x20, 0x76, 0x52, 0x65, 0x67, 0x30, 0x2C, 0x20, 0x76, 0x52,
    0x65, 0x67, 0x30, 0x2C, 0x20, 0x76, 0x52, 0x65, 0x67, 0x33, 0x2E, 0x77, 0x3B, 0x0A, 0x4D, 0x55,
    0x4C, 0x20, 0x76, 0x52, 0x65, 0x67, 0x31, 0x2C, 0x20, 0x76, 0x52, 0x65, 0x67, 0x30, 0x2E, 0x78,
    0x2C, 0x20, 0x70, 0x72, 0x6F, 0x67, 0x72, 0x61, 0x6D, 0x2E, 0x65, 0x6E, 0x76, 0x5B, 0x37, 0x36,
    0x5D, 0x3B, 0x0A, 0x4D, 0x41, 0x44, 0x20, 0x76, 0x46, 0x69, 0x6E, 0x61, 0x6C, 0x43, 0x6F, 0x6C,
    0x6F, 0x75, 0x72, 0x2E, 0x78, 0x79, 0x7A, 0x77, 0x2C, 0x20, 0x76, 0x52, 0x65, 0x67, 0x31, 0x2C,
    0x20, 0x70, 0x72, 0x6F, 0x67, 0x72, 0x61, 0x6D, 0x2E, 0x65, 0x6E, 0x76, 0x5B, 0x39, 0x35, 0x5D,
    0x2C, 0x20, 0x76, 0x46, 0x69, 0x6E, 0x61, 0x6C, 0x43, 0x6F, 0x6C, 0x6F, 0x75, 0x72, 0x3B, 0x0A,
    0x4D, 0x55, 0x4C, 0x20, 0x76, 0x52, 0x65, 0x67, 0x31, 0x2C, 0x20, 0x76, 0x52, 0x65, 0x67, 0x30,
    0x2E, 0x79, 0x2C, 0x20, 0x70, 0x72, 0x6F, 0x67, 0x72, 0x61, 0x6D, 0x2E, 0x65, 0x6E, 0x76, 0x5B,
    0x37, 0x35, 0x5D, 0x3B, 0x0A, 0x4D, 0x41, 0x44, 0x20, 0x76, 0x46, 0x69, 0x6E, 0x61, 0x6C, 0x43,
    0x6F, 0x6C, 0x6F, 0x75, 0x72, 0x2E, 0x78, 0x79, 0x7A, 0x77, 0x2C, 0x20, 0x76, 0x52, 0x65, 0x67,
    0x31, 0x2C, 0x20, 0x70, 0x72, 0x6F, 0x67, 0x72, 0x61, 0x6D, 0x2E, 0x65, 0x6E, 0x76, 0x5B, 0x39,
    0x34, 0x5D, 0x2C, 0x20, 0x76, 0x46, 0x69, 0x6E, 0x61, 0x6C, 0x43, 0x6F, 0x6C, 0x6F, 0x75, 0x72,
    0x3B, 0x0A, 0x41, 0x44, 0x44, 0x20, 0x76, 0x52, 0x65, 0x67, 0x30, 0x2C, 0x20, 0x2D, 0x76, 0x52,
    0x65, 0x67, 0x31, 0x30, 0x2C, 0x20, 0x70, 0x72, 0x6F, 0x67, 0x72, 0x61, 0x6D, 0x2E, 0x65, 0x6E,
    0x76, 0x5B, 0x37, 0x32, 0x5D, 0x3B, 0x0A, 0x44, 0x50, 0x33, 0x20, 0x76, 0x52, 0x65, 0x67, 0x30,
    0x2E, 0x77, 0x2C, 0x20, 0x76, 0x52, 0x65, 0x67, 0x30, 0x2C, 0x20, 0x76, 0x52, 0x65, 0x67, 0x30,
    0x3B, 0x0A, 0x52, 0x53, 0x51, 0x20, 0x76, 0x52, 0x65, 0x67, 0x31, 0x2E, 0x77, 0x2C, 0x20, 0x76,
    0x52, 0x65, 0x67, 0x30, 0x2E, 0x77, 0x3B, 0x0A, 0x4D, 0x55, 0x4C, 0x20, 0x76, 0x52, 0x65, 0x67,
    0x32, 0x2C, 0x20, 0x76, 0x52, 0x65, 0x67, 0x30, 0x2C, 0x20, 0x76, 0x52, 0x65, 0x67, 0x31, 0x2E,
    0x77, 0x3B, 0x0A, 0x44, 0x53, 0x54, 0x20, 0x76, 0x52, 0x65, 0x67, 0x33, 0x2C, 0x20, 0x76, 0x52,
    0x65, 0x67, 0x30, 0x2E, 0x77, 0x2C, 0x20, 0x76, 0x52, 0x65, 0x67, 0x31, 0x2E, 0x77, 0x3B, 0x0A,
    0x44, 0x50, 0x33, 0x20, 0x76, 0x52, 0x65, 0x67, 0x33, 0x2E, 0x77, 0x2C, 0x20, 0x76, 0x52, 0x65,
    0x67, 0x33, 0x2C, 0x20, 0x70, 0x72, 0x6F, 0x67, 0x72, 0x61, 0x6D, 0x2E, 0x65, 0x6E, 0x76, 0x5B,
    0x36, 0x38, 0x5D, 0x3B, 0x0A, 0x52, 0x43, 0x50, 0x20, 0x76, 0x52, 0x65, 0x67, 0x33, 0x2E, 0x77,
    0x2C, 0x20, 0x76, 0x52, 0x65, 0x67, 0x33, 0x2E, 0x77, 0x3B, 0x0A, 0x44, 0x50, 0x33, 0x20, 0x76,
    0x52, 0x65, 0x67, 0x30, 0x2E, 0x78, 0x2C, 0x20, 0x76, 0x4E, 0x6F, 0x72, 0x6D, 0x61, 0x6C, 0x57,
    0x6F, 0x72, 0x6C, 0x64, 0x2C, 0x20, 0x76, 0x52, 0x65, 0x67, 0x32, 0x3B, 0x0A, 0x4C, 0x49, 0x54,
    0x20, 0x76, 0x52, 0x65, 0x67, 0x30, 0x2C, 0x20, 0x76, 0x52, 0x65, 0x67, 0x30, 0x3B, 0x0A, 0x4D,
    0x55, 0x4C, 0x20, 0x76, 0x52, 0x65, 0x67, 0x30, 0x2C, 0x20, 0x76, 0x52, 0x65, 0x67, 0x30, 0x2C,
    0x20, 0x76, 0x52, 0x65, 0x67, 0x33, 0x2E, 0x77, 0x3B, 0x0A, 0x4D, 0x55, 0x4C, 0x20, 0x76, 0x52,
    0x65, 0x67, 0x31, 0x2C, 0x20, 0x76, 0x52, 0x65, 0x67, 0x30, 0x2E, 0x78, 0x2C, 0x20, 0x70, 0x72,
    0x6F, 0x67, 0x72, 0x61, 0x6D, 0x2E, 0x65, 0x6E, 0x76, 0x5B, 0x37, 0x31, 0x5D, 0x3B, 0x0A, 0x4D,
    0x41, 0x44, 0x20, 0x76, 0x46, 0x69, 0x6E, 0x61, 0x6C, 0x43, 0x6F, 0x6C, 0x6F, 0x75, 0x72, 0x2E,
    0x78, 0x79, 0x7A, 0x77, 0x2C, 0x20, 0x76, 0x52, 0x65, 0x67, 0x31, 0x2C, 0x20, 0x70, 0x72, 0x6F,
    0x67, 0x72, 0x61, 0x6D, 0x2E, 0x65, 0x6E, 0x76, 0x5B, 0x39, 0x35, 0x5D, 0x2C, 0x20, 0x76, 0x46,
    0x69, 0x6E, 0x61, 0x6C, 0x43, 0x6F, 0x6C, 0x6F, 0x75, 0x72, 0x3B, 0x0A, 0x4D, 0x55, 0x4C, 0x20,
    0x76, 0x52, 0x65, 0x67, 0x31, 0x2C, 0x20, 0x76, 0x52, 0x65, 0x67, 0x30, 0x2E, 0x79, 0x2C, 0x20,
    0x70, 0x72, 0x6F, 0x67, 0x72, 0x61, 0x6D, 0x2E, 0x65, 0x6E, 0x76, 0x5B, 0x37, 0x30, 0x5D, 0x3B,
    0x0A, 0x4D, 0x41, 0x44, 0x20, 0x76, 0x46, 0x69, 0x6E, 0x61, 0x6C, 0x43, 0x6F, 0x6C, 0x6F, 0x75,
    0x72, 0x2E, 0x78, 0x79, 0x7A, 0x77, 0x2C, 0x20, 0x76, 0x52, 0x65, 0x67, 0x31, 0x2C, 0x20, 0x70,
    0x72, 0x6F, 0x67, 0x72, 0x61, 0x6D, 0x2E, 0x65, 0x6E, 0x76, 0x5B, 0x39, 0x34, 0x5D, 0x2C, 0x20,
    0x76, 0x46, 0x69, 0x6E, 0x61, 0x6C, 0x43, 0x6F, 0x6C, 0x6F, 0x75, 0x72, 0x3B, 0x0A, 0x41, 0x44,
    0x44, 0x20, 0x76, 0x52, 0x65, 0x67, 0x30, 0x2C, 0x20, 0x2D, 0x76, 0x52, 0x65, 0x67, 0x31, 0x30,
    0x2C, 0x20, 0x70, 0x72, 0x6F, 0x67, 0x72, 0x61, 0x6D, 0x2E, 0x65, 0x6E, 0x76, 0x5B, 0x36, 0x37,
    0x5D, 0x3B, 0x0A, 0x44, 0x50, 0x33, 0x20, 0x76, 0x52, 0x65, 0x67, 0x30, 0x2E, 0x77, 0x2C, 0x20,
    0x76, 0x52, 0x65, 0x67, 0x30, 0x2C, 0x20, 0x76, 0x52, 0x65, 0x67, 0x30, 0x3B, 0x0A, 0x52, 0x53,
    0x51, 0x20, 0x76, 0x52, 0x65, 0x67, 0x31, 0x2E, 0x77, 0x2C, 0x20, 0x76, 0x52, 0x65, 0x67, 0x30,
    0x2E, 0x77, 0x3B, 0x0A, 0x4D, 0x55, 0x4C, 0x20, 0x76, 0x52, 0x65, 0x67, 0x32, 0x2C, 0x20, 0x76,
    0x52, 0x65, 0x67, 0x30, 0x2C, 0x20, 0x76, 0x52, 0x65, 0x67, 0x31, 0x2E, 0x77, 0x3B, 0x0A, 0x44,
    0x53, 0x54, 0x20, 0x76, 0x52, 0x65, 0x67, 0x33, 0x2C, 0x20, 0x76, 0x52, 0x65, 0x67, 0x30, 0x2E,
    0x77, 0x2C, 0x20, 0x76, 0x52, 0x65, 0x67, 0x31, 0x2E, 0x77, 0x3B, 0x0A, 0x44, 0x50, 0x33, 0x20,
    0x76, 0x52, 0x65, 0x67, 0x33, 0x2E, 0x77, 0x2C, 0x20, 0x76, 0x52, 0x65, 0x67, 0x33, 0x2C, 0x20,
    0x70, 0x72, 0x6F, 0x67, 0x72, 0x61, 0x6D, 0x2E, 0x65, 0x6E, 0x76, 0x5B, 0x36, 0x33, 0x5D, 0x3B,
    0x0A, 0x52, 0x43, 0x50, 0x20, 0x76, 0x52, 0x65, 0x67, 0x33, 0x2E, 0x77, 0x2C, 0x20, 0x76, 0x52,
    0x65, 0x67, 0x33, 0x2E, 0x77, 0x3B, 0x0A, 0x44, 0x50, 0x33, 0x20, 0x76, 0x52, 0x65, 0x67, 0x30,
    0x2E, 0x78, 0x2C, 0x20, 0x76, 0x4E, 0x6F, 0x72, 0x6D, 0x61, 0x6C, 0x57, 0x6F, 0x72, 0x6C, 0x64,
    0x2C, 0x20, 0x76, 0x52, 0x65, 0x67, 0x32, 0x3B, 0x0A, 0x4C, 0x49, 0x54, 0x20, 0x76, 0x52, 0x65,
    0x67, 0x30, 0x2C, 0x20, 0x76, 0x52, 0x65, 0x67, 0x30, 0x3B, 0x0A, 0x4D, 0x55, 0x4C, 0x20, 0x76,
    0x52, 0x65, 0x67, 0x30, 0x2C, 0x20, 0x76, 0x52, 0x65, 0x67, 0x30, 0x2C, 0x20, 0x76, 0x52, 0x65,
    0x67, 0x33, 0x2E, 0x77, 0x3B, 0x0A, 0x4D, 0x55, 0x4C, 0x20, 0x76, 0x52, 0x65, 0x67, 0x31, 0x2C,
    0x20, 0x76, 0x52, 0x65, 0x67, 0x30, 0x2E, 0x78, 0x2C, 0x20, 0x70, 0x72, 0x6F, 0x67, 0x72, 0x61,
    0x6D, 0x2E, 0x65, 0x6E, 0x76, 0x5B, 0x36, 0x36, 0x5D, 0x3B, 0x0A, 0x4D, 0x41, 0x44, 0x20, 0x76,
    0x46, 0x69, 0x6E, 0x61, 0x6C, 0x43, 0x6F, 0x6C, 0x6F, 0x75, 0x72, 0x2E, 0x78, 0x79, 0x7A, 0x77,
    0x2C, 0x20, 0x76, 0x52, 0x65, 0x67, 0x31, 0x2C, 0x20, 0x70, 0x72, 0x6F, 0x67, 0x72, 0x61, 0x6D,
    0x2E, 0x65, 0x6E, 0x76, 0x5B, 0x39, 0x35, 0x5D, 0x2C, 0x20, 0x76, 0x46, 0x69, 0x6E, 0x61, 0x6C,
    0x43, 0x6F, 0x6C, 0x6F, 0x75, 0x72, 0x3B, 0x0A, 0x4D, 0x55, 0x4C, 0x20, 0x76, 0x52, 0x65, 0x67,
    0x31, 0x2C, 0x20, 0x76, 0x52, 0x65, 0x67, 0x30, 0x2E, 0x79, 0x2C, 0x20, 0x70, 0x72, 0x6F, 0x67,
    0x72, 0x61, 0x6D, 0x2E, 0x65, 0x6E, 0x76, 0x5B, 0x36, 0x35, 0x5D, 0x3B, 0x0A, 0x4D, 0x41, 0x44,
    0x20, 0x76, 0x46, 0x69, 0x6E, 0x61, 0x6C, 0x43, 0x6F, 0x6C, 0x6F, 0x75, 0x72, 0x2E, 0x78, 0x79,
    0x7A, 0x77, 0x2C, 0x20, 0x76, 0x52, 0x65, 0x67, 0x31, 0x2C, 0x20, 0x70, 0x72, 0x6F, 0x67, 0x72,
    0x61, 0x6D, 0x2E, 0x65, 0x6E, 0x76, 0x5B, 0x39, 0x34, 0x5D, 0x2C, 0x20, 0x76, 0x46, 0x69, 0x6E,
    0x61, 0x6C, 0x43, 0x6F, 0x6C, 0x6F, 0x75, 0x72, 0x3B, 0x0A, 0x41, 0x44, 0x44, 0x20, 0x76, 0x52,
    0x65, 0x67, 0x30, 0x2C, 0x20, 0x2D, 0x76, 0x52, 0x65, 0x67, 0x31, 0x30, 0x2C, 0x20, 0x70, 0x72,
    0x6F, 0x67, 0x72, 0x61, 0x6D, 0x2E, 0x65, 0x6E, 0x76, 0x5B, 0x36, 0x32, 0x5D, 0x3B, 0x0A, 0x44,
    0x50, 0x33, 0x20, 0x76, 0x52, 0x65, 0x67, 0x30, 0x2E, 0x77, 0x2C, 0x20, 0x76, 0x52, 0x65, 0x67,
    0x30, 0x2C, 0x20, 0x76, 0x52, 0x65, 0x67, 0x30, 0x3B, 0x0A, 0x52, 0x53, 0x51, 0x20, 0x76, 0x52,
    0x65, 0x67, 0x31, 0x2E, 0x77, 0x2C, 0x20, 0x76, 0x52, 0x65, 0x67, 0x30, 0x2E, 0x77, 0x3B, 0x0A,
    0x4D, 0x55, 0x4C, 0x20, 0x76, 0x52, 0x65, 0x67, 0x32, 0x2C, 0x20, 0x76, 0x52, 0x65, 0x67, 0x30,
    0x2C, 0x20, 0x76, 0x52, 0x65, 0x67, 0x31, 0x2E, 0x77, 0x3B, 0x0A, 0x44, 0x53, 0x54, 0x20, 0x76,
    0x52, 0x65, 0x67, 0x33, 0x2C, 0x20, 0x76, 0x52, 0x65, 0x67, 0x30, 0x2E, 0x77, 0x2C, 0x20, 0x76,
    0x52, 0x65, 0x67, 0x31, 0x2E, 0x77, 0x3B, 0x0A, 0x44, 0x50, 0x33, 0x20, 0x76, 0x52, 0x65, 0x67,
    0x33, 0x2E, 0x77, 0x2C, 0x20, 0x76, 0x52, 0x65, 0x67, 0x33, 0x2C, 0x20, 0x70, 0x72, 0x6F, 0x67,
    0x72, 0x61, 0x6D, 0x2E, 0x65, 0x6E, 0x76, 0x5B, 0x35, 0x38, 0x5D, 0x3B, 0x0A, 0x52, 0x43, 0x50,
    0x20, 0x76, 0x52, 0x65, 0x67, 0x33, 0x2E, 0x77, 0x2C, 0x20, 0x76, 0x52, 0x65, 0x67, 0x33, 0x2E,
    0x77, 0x3B, 0x0A, 0x44, 0x50, 0x33, 0x20, 0x76, 0x52, 0x65, 0x67, 0x30, 0x2E, 0x78, 0x2C, 0x20,
    0x76, 0x4E, 0x6F, 0x72, 0x6D, 0x61, 0x6C, 0x57, 0x6F, 0x72, 0x6C, 0x64, 0x2C, 0x20, 0x76, 0x52,
    0x65, 0x67, 0x32, 0x3B, 0x0A, 0x4C, 0x49, 0x54, 0x20, 0x76, 0x52, 0x65, 0x67, 0x30, 0x2C, 0x20,
    0x76, 0x52, 0x65, 0x67, 0x30, 0x3B, 0x0A, 0x4D, 0x55, 0x4C, 0x20, 0x76, 0x52, 0x65, 0x67, 0x30,
    0x2C, 0x20, 0x76, 0x52, 0x65, 0x67, 0x30, 0x2C, 0x20, 0x76, 0x52, 0x65, 0x67, 0x33, 0x2E, 0x77,
    0x3B, 0x0A, 0x4D, 0x55, 0x4C, 0x20, 0x76, 0x52, 0x65, 0x67, 0x31, 0x2C, 0x20, 0x76, 0x52, 0x65,
    0x67, 0x30, 0x2E, 0x78, 0x2C, 0x20, 0x70, 0x72, 0x6F, 0x67, 0x72, 0x61, 0x6D, 0x2E, 0x65, 0x6E,
    0x76, 0x5B, 0x36, 0x31, 0x5D, 0x3B, 0x0A, 0x4D, 0x41, 0x44, 0x20, 0x76, 0x46, 0x69, 0x6E, 0x61,
    0x6C, 0x43, 0x6F, 0x6C, 0x6F, 0x75, 0x72, 0x2E, 0x78, 0x79, 0x7A, 0x77, 0x2C, 0x20, 0x76, 0x52,
    0x65, 0x67, 0x31, 0x2C, 0x20, 0x70, 0x72, 0x6F, 0x67, 0x72, 0x61, 0x6D, 0x2E, 0x65, 0x6E, 0x76,
    0x5B, 0x39, 0x35, 0x5D, 0x2C, 0x20, 0x76, 0x46, 0x69, 0x6E, 0x61, 0x6C, 0x43, 0x6F, 0x6C, 0x6F,
    0x75, 0x72, 0x3B, 0x0A, 0x4D, 0x55, 0x4C, 0x20, 0x76, 0x52, 0x65, 0x67, 0x31, 0x2C, 0x20, 0x76,
    0x52, 0x65, 0x67, 0x30, 0x2E, 0x79, 0x2C, 0x20, 0x70, 0x72, 0x6F, 0x67, 0x72, 0x61, 0x6D, 0x2E,
    0x65, 0x6E, 0x76, 0x5B, 0x36, 0x30, 0x5D, 0x3B, 0x0A, 0x4D, 0x41, 0x44, 0x20, 0x76, 0x46, 0x69,
    0x6E, 0x61, 0x6C, 0x43, 0x6F, 0x6C, 0x6F, 0x75, 0x72, 0x2E, 0x78, 0x79, 0x7A, 0x77, 0x2C, 0x20,
    0x76, 0x52, 0x65, 0x67, 0x31, 0x2C, 0x20, 0x70, 0x72, 0x6F, 0x67, 0x72, 0x61, 0x6D, 0x2E, 0x65,
    0x6E, 0x76, 0x5B, 0x39, 0x34, 0x5D, 0x2C, 0x20, 0x76, 0x46, 0x69, 0x6E, 0x61, 0x6C, 0x43, 0x6F,
    0x6C, 0x6F, 0x75, 0x72, 0x3B, 0x0A, 0x41, 0x44, 0x44, 0x20, 0x76, 0x52, 0x65, 0x67, 0x30, 0x2C,
    0x20, 0x2D, 0x76, 0x52, 0x65, 0x67, 0x31, 0x30, 0x2C, 0x20, 0x70, 0x72, 0x6F, 0x67, 0x72, 0x61,
    0x6D, 0x2E, 0x65, 0x6E, 0x76, 0x5B, 0x35, 0x37, 0x5D, 0x3B, 0x0A, 0x44, 0x50, 0x33, 0x20, 0x76,
    0x52, 0x65, 0x67, 0x30, 0x2E, 0x77, 0x2C, 0x20, 0x76, 0x52, 0x65, 0x67, 0x30, 0x2C, 0x20, 0x76,
    0x52, 0x65, 0x67, 0x30, 0x3B, 0x0A, 0x52, 0x53, 0x51, 0x20, 0x76, 0x52, 0x65, 0x67, 0x31, 0x2E,
    0x77, 0x2C, 0x20, 0x76, 0x52, 0x65, 0x67, 0x30, 0x2E, 0x77, 0x3B, 0x0A, 0x4D, 0x55, 0x4C, 0x20,
    0x76, 0x52, 0x65, 0x67, 0x32, 0x2C, 0x20, 0x76, 0x52, 0x65, 0x67, 0x30, 0x2C, 0x20, 0x76, 0x52,
    0x65, 0x67, 0x31, 0x2E, 0x77, 0x3B, 0x0A, 0x44, 0x53, 0x54, 0x20, 0x76, 0x52, 0x65, 0x67, 0x33,
    0x2C, 0x20, 0x76, 0x52, 0x65, 0x67, 0x30, 0x2E, 0x77, 0x2C, 0x20, 0x76, 0x52, 0x65, 0x67, 0x31,
    0x2E, 0x77, 0x3B, 0x0A, 0x44, 0x50, 0x33, 0x20, 0x76, 0x52, 0x65, 0x67, 0x33, 0x2E, 0x77, 0x2C,
    0x20, 0x76, 0x52, 0x65, 0x67, 0x33, 0x2C, 0x20, 0x70, 0x72, 0x6F, 0x67, 0x72, 0x61, 0x6D, 0x2E,
    0x65, 0x6E, 0x76, 0x5B, 0x35, 0x33, 0x5D, 0x3B, 0x0A, 0x52, 0x43, 0x50, 0x20, 0x76, 0x52, 0x65,
    0x67, 0x33, 0x2E, 0x77, 0x2C, 0x20, 0x76, 0x52, 0x65, 0x67, 0x33, 0x2E, 0x77, 0x3B, 0x0A, 0x44,
    0x50, 0x33, 0x20, 0x76, 0x52, 0x65, 0x67, 0x30, 0x2E, 0x78, 0x2C, 0x20, 0x76, 0x4E, 0x6F, 0x72,
    0x6D, 0x61, 0x6C, 0x57, 0x6F, 0x72, 0x6C, 0x64, 0x2C, 0x20, 0x76, 0x52, 0x65, 0x67, 0x32, 0x3B,
    0x0A, 0x4C, 0x49, 0x54, 0x20, 0x76, 0x52, 0x65, 0x67, 0x30, 0x2C, 0x20, 0x76, 0x52, 0x65, 0x67,
    0x30, 0x3B, 0x0A, 0x4D, 0x55, 0x4C, 0x20, 0x76, 0x52, 0x65, 0x67, 0x30, 0x2C, 0x20, 0x76, 0x52,
    0x65, 0x67, 0x30, 0x2C, 0x20, 0x76, 0x52, 0x65, 0x67, 0x33, 0x2E, 0x77, 0x3B, 0x0A, 0x4D, 0x55,
    0x4C, 0x20, 0x76, 0x52, 0x65, 0x67, 0x31, 0x2C, 0x20, 0x76, 0x52, 0x65, 0x67, 0x30, 0x2E, 0x78,
    0x2C, 0x20, 0x70, 0x72, 0x6F, 0x67, 0x72, 0x61, 0x6D, 0x2E, 0x65, 0x6E, 0x76, 0x5B, 0x35, 0x36,
    0x5D, 0x3B, 0x0A, 0x4D, 0x41, 0x44, 0x20, 0x76, 0x46, 0x69, 0x6E, 0x61, 0x6C, 0x43, 0x6F, 0x6C,
    0x6F, 0x75, 0x72, 0x2E, 0x78, 0x79, 0x7A, 0x77, 0x2C, 0x20, 0x76, 0x52, 0x65, 0x67, 0x31, 0x2C,
    0x20, 0x70, 0x72, 0x6F, 0x67, 0x72, 0x61, 0x6D, 0x2E, 0x65, 0x6E, 0x76, 0x5B, 0x39, 0x35, 0x5D,
    0x2C, 0x20, 0x76, 0x46, 0x69, 0x6E, 0x61, 0x6C, 0x43, 0x6F, 0x6C, 0x6F, 0x75, 0x72, 0x3B, 0x0A,
    0x4D, 0x55, 0x4C, 0x20, 0x76, 0x52, 0x65, 0x67, 0x31, 0x2C, 0x20, 0x76, 0x52, 0x65, 0x67, 0x30,
    0x2E, 0x79, 0x2C, 0x20, 0x70, 0x72, 0x6F, 0x67, 0x72, 0x61, 0x6D, 0x2E, 0x65, 0x6E, 0x76, 0x5B,
    0x35, 0x35, 0x5D, 0x3B, 0x0A, 0x4D, 0x41, 0x44, 0x20, 0x76, 0x46, 0x69, 0x6E, 0x61, 0x6C, 0x43,
    0x6F, 0x6C, 0x6F, 0x75, 0x72, 0x2E, 0x78, 0x79, 0x7A, 0x77, 0x2C, 0x20, 0x76, 0x52, 0x65, 0x67,
    0x31, 0x2C, 0x20, 0x70, 0x72, 0x6F, 0x67, 0x72, 0x61, 0x6D, 0x2E, 0x65, 0x6E, 0x76, 0x5B, 0x39,
    0x34, 0x5D, 0x2C, 0x20, 0x76, 0x46, 0x69, 0x6E, 0x61, 0x6C, 0x43, 0x6F, 0x6C, 0x6F, 0x75, 0x72,
    0x3B, 0x0A, 0x41, 0x44, 0x44, 0x20, 0x76, 0x52, 0x65, 0x67, 0x30, 0x2C, 0x20, 0x2D, 0x76, 0x52,
    0x65, 0x67, 0x31, 0x30, 0x2C, 0x20, 0x70, 0x72, 0x6F, 0x67, 0x72, 0x61, 0x6D, 0x2E, 0x65, 0x6E,
    0x76, 0x5B, 0x35, 0x32, 0x5D, 0x3B, 0x0A, 0x44, 0x50, 0x33, 0x20, 0x76, 0x52, 0x65, 0x67, 0x30,
    0x2E, 0x77, 0x2C, 0x20, 0x76, 0x52, 0x65, 0x67, 0x30, 0x2C, 0x20, 0x76, 0x52, 0x65, 0x67, 0x30,
    0x3B, 0x0A, 0x52, 0x53, 0x51, 0x20, 0x76, 0x52, 0x65, 0x67, 0x31, 0x2E, 0x77, 0x2C, 0x20, 0x76,
    0x52, 0x65, 0x67, 0x30, 0x2E, 0x77, 0x3B, 0x0A, 0x4D, 0x55, 0x4C, 0x20, 0x76, 0x52, 0x65, 0x67,
    0x32, 0x2C, 0x20, 0x76, 0x52, 0x65, 0x67, 0x30, 0x2C, 0x20, 0x76, 0x52, 0x65, 0x67, 0x31, 0x2E,
    0x77, 0x3B, 0x0A, 0x44, 0x53, 0x54, 0x20, 0x76, 0x52, 0x65, 0x67, 0x33, 0x2C, 0x20, 0x76, 0x52,
    0x65, 0x67, 0x30, 0x2E, 0x77, 0x2C, 0x20, 0x76, 0x52, 0x65, 0x67, 0x31, 0x2E, 0x77, 0x3B, 0x0A,
    0x44, 0x50, 0x33, 0x20, 0x76, 0x52, 0x65, 0x67, 0x33, 0x2E, 0x77, 0x2C, 0x20, 0x76, 0x52, 0x65,
    0x67, 0x33, 0x2C, 0x20, 0x70, 0x72, 0x6F, 0x67, 0x72, 0x61, 0x6D, 0x2E, 0x65, 0x6E, 0x76, 0x5B,
    0x34, 0x38, 0x5D, 0x3B, 0x0A, 0x52, 0x43, 0x50, 0x20, 0x76, 0x52, 0x65, 0x67, 0x33, 0x2E, 0x77,
    0x2C, 0x20, 0x76, 0x52, 0x65, 0x67, 0x33, 0x2E, 0x77, 0x3B, 0x0A, 0x44, 0x50, 0x33, 0x20, 0x76,
    0x52, 0x65, 0x67, 0x30, 0x2E, 0x78, 0x2C, 0x20, 0x76, 0x4E, 0x6F, 0x72, 0x6D, 0x61, 0x6C, 0x57,
    0x6F, 0x72, 0x6C, 0x64, 0x2C, 0x20, 0x76, 0x52, 0x65, 0x67, 0x32, 0x3B, 0x0A, 0x4C, 0x49, 0x54,
    0x20, 0x76, 0x52, 0x65, 0x67, 0x30, 0x2C, 0x20, 0x76, 0x52, 0x65, 0x67, 0x30, 0x3B, 0x0A, 0x4D,
    0x55, 0x4C, 0x20, 0x76, 0x52, 0x65, 0x67, 0x30, 0x2C, 0x20, 0x76, 0x52, 0x65, 0x67, 0x30, 0x2C,
    0x20, 0x76, 0x52, 0x65, 0x67, 0x33, 0x2E, 0x77, 0x3B, 0x0A, 0x4D, 0x55, 0x4C, 0x20, 0x76, 0x52,
    0x65, 0x67, 0x31, 0x2C, 0x20, 0x76, 0x52, 0x65, 0x67, 0x30, 0x2E, 0x78, 0x2C, 0x20, 0x70, 0x72,
    0x6F, 0x67, 0x72, 0x61, 0x6D, 0x2E, 0x65, 0x6E, 0x76, 0x5B, 0x35, 0x31, 0x5D, 0x3B, 0x0A, 0x4D,
    0x41, 0x44, 0x20, 0x76, 0x46, 0x69, 0x6E, 0x61, 0x6C, 0x43, 0x6F, 0x6C, 0x6F, 0x75, 0x72, 0x2E,
    0x78, 0x79, 0x7A, 0x77, 0x2C, 0x20, 0x76, 0x52, 0x65, 0x67, 0x31, 0x2C, 0x20, 0x70, 0x72, 0x6F,
    0x67, 0x72, 0x61, 0x6D, 0x2E, 0x65, 0x6E, 0x76, 0x5B, 0x39, 0x35, 0x5D, 0x2C, 0x20, 0x76, 0x46,
    0x69, 0x6E, 0x61, 0x6C, 0x43, 0x6F, 0x6C, 0x6F, 0x75, 0x72, 0x3B, 0x0A, 0x4D, 0x55, 0x4C, 0x20,
    0x76, 0x52, 0x65, 0x67, 0x31, 0x2C, 0x20, 0x76, 0x52, 0x65, 0x67, 0x30, 0x2E, 0x79, 0x2C, 0x20,
    0x70, 0x72, 0x6F, 0x67, 0x72, 0x61, 0x6D, 0x2E, 0x65, 0x6E, 0x76, 0x5B, 0x35, 0x30, 0x5D, 0x3B,
    0x0A, 0x4D, 0x41, 0x44, 0x20, 0x76, 0x46, 0x69, 0x6E, 0x61, 0x6C, 0x43, 0x6F, 0x6C, 0x6F, 0x75,
    0x72, 0x2E, 0x78, 0x79, 0x7A, 0x77, 0x2C, 0x20, 0x76, 0x52, 0x65, 0x67, 0x31, 0x2C, 0x20, 0x70,
    0x72, 0x6F, 0x67, 0x72, 0x61, 0x6D, 0x2E, 0x65, 0x6E, 0x76, 0x5B, 0x39, 0x34, 0x5D, 0x2C, 0x20,
    0x76, 0x46, 0x69, 0x6E, 0x61, 0x6C, 0x43, 0x6F, 0x6C, 0x6F, 0x75, 0x72, 0x3B, 0x0A, 0x41, 0x44,
    0x44, 0x20, 0x76, 0x52, 0x65, 0x67, 0x30, 0x2C, 0x20, 0x2D, 0x76, 0x52, 0x65, 0x67, 0x31, 0x30,
    0x2C, 0x20, 0x70, 0x72, 0x6F, 0x67, 0x72, 0x61, 0x6D, 0x2E, 0x65, 0x6E, 0x76, 0x5B, 0x34, 0x37,
    0x5D, 0x3B, 0x0A, 0x44, 0x50, 0x33, 0x20, 0x76, 0x52, 0x65, 0x67, 0x30, 0x2E, 0x77, 0x2C, 0x20,
    0x76, 0x52, 0x65, 0x67, 0x30, 0x2C, 0x20, 0x76, 0x52, 0x65, 0x67, 0x30, 0x3B, 0x0A, 0x52, 0x53,
    0x51, 0x20, 0x76, 0x52, 0x65, 0x67, 0x31, 0x2E, 0x77, 0x2C, 0x20, 0x76, 0x52, 0x65, 0x67, 0x30,
    0x2E, 0x77, 0x3B, 0x0A, 0x4D, 0x55, 0x4C, 0x20, 0x76, 0x52, 0x65, 0x67, 0x32, 0x2C, 0x20, 0x76,
    0x52, 0x65, 0x67, 0x30, 0x2C, 0x20, 0x76, 0x52, 0x65, 0x67, 0x31, 0x2E, 0x77, 0x3B, 0x0A, 0x44,
    0x53, 0x54, 0x20, 0x76, 0x52, 0x65, 0x67, 0x33, 0x2C, 0x20, 0x76, 0x52, 0x65, 0x67, 0x30, 0x2E,
    0x77, 0x2C, 0x20, 0x76, 0x52, 0x65, 0x67, 0x31, 0x2E, 0x77, 0x3B, 0x0A, 0x44, 0x50, 0x33, 0x20,
    0x76, 0x52, 0x65, 0x67, 0x33, 0x2E, 0x77, 0x2C, 0x20, 0x76, 0x52, 0x65, 0x67, 0x33, 0x2C, 0x20,
    0x70, 0x72, 0x6F, 0x67, 0x72, 0x61, 0x6D, 0x2E, 0x65, 0x6E, 0x76, 0x5B, 0x34, 0x33, 0x5D, 0x3B,
    0x0A, 0x52, 0x43, 0x50, 0x20, 0x76, 0x52, 0x65, 0x67, 0x33, 0x2E, 0x77, 0x2C, 0x20, 0x76, 0x52,
    0x65, 0x67, 0x33, 0x2E, 0x77, 0x3B, 0x0A, 0x44, 0x50, 0x33, 0x20, 0x76, 0x52, 0x65, 0x67, 0x30,
    0x2E, 0x78, 0x2C, 0x20, 0x76, 0x4E, 0x6F, 0x72, 0x6D, 0x61, 0x6C, 0x57, 0x6F, 0x72, 0x6C, 0x64,
    0x2C, 0x20, 0x76, 0x52, 0x65, 0x67, 0x32, 0x3B, 0x0A, 0x4C, 0x49, 0x54, 0x20, 0x76, 0x52, 0x65,
    0x67, 0x30, 0x2C, 0x20, 0x76, 0x52, 0x65, 0x67, 0x30, 0x3B, 0x0A, 0x4D, 0x55, 0x4C, 0x20, 0x76,
    0x52, 0x65, 0x67, 0x30, 0x2C, 0x20, 0x76, 0x52, 0x65, 0x67, 0x30, 0x2C, 0x20, 0x76, 0x52, 0x65,
    0x67, 0x33, 0x2E, 0x77, 0x3B, 0x0A, 0x4D, 0x55, 0x4C, 0x20, 0x76, 0x52, 0x65, 0x67, 0x31, 0x2C,
    0x20, 0x76, 0x52, 0x65, 0x67, 0x30, 0x2E, 0x78, 0x2C, 0x20, 0x70, 0x72, 0x6F, 0x67, 0x72, 0x61,
    0x6D, 0x2E, 0x65, 0x6E, 0x76, 0x5B, 0x34, 0x36, 0x5D, 0x3B, 0x0A, 0x4D, 0x41, 0x44, 0x20, 0x76,
    0x46, 0x69, 0x6E, 0x61, 0x6C, 0x43, 0x6F, 0x6C, 0x6F, 0x75, 0x72, 0x2E, 0x78, 0x79, 0x7A, 0x77,
    0x2C, 0x20, 0x76, 0x52, 0x65, 0x67, 0x31, 0x2C, 0x20, 0x70, 0x72, 0x6F, 0x67, 0x72, 0x61, 0x6D,
    0x2E, 0x65, 0x6E, 0x76, 0x5B, 0x39, 0x35, 0x5D, 0x2C, 0x20, 0x76, 0x46, 0x69, 0x6E, 0x61, 0x6C,
    0x43, 0x6F, 0x6C, 0x6F, 0x75, 0x72, 0x3B, 0x0A, 0x4D, 0x55, 0x4C, 0x20, 0x76, 0x52, 0x65, 0x67,
    0x31, 0x2C, 0x20, 0x76, 0x52, 0x65, 0x67, 0x30, 0x2E, 0x79, 0x2C, 0x20, 0x70, 0x72, 0x6F, 0x67,
    0x72, 0x61, 0x6D, 0x2E, 0x65, 0x6E, 0x76, 0x5B, 0x34, 0x35, 0x5D, 0x3B, 0x0A, 0x4D, 0x41, 0x44,
    0x20, 0x76, 0x46, 0x69, 0x6E, 0x61, 0x6C, 0x43, 0x6F, 0x6C, 0x6F, 0x75, 0x72, 0x2E, 0x78, 0x79,
    0x7A, 0x77, 0x2C, 0x20, 0x76, 0x52, 0x65, 0x67, 0x31, 0x2C, 0x20, 0x70, 0x72, 0x6F, 0x67, 0x72,
    0x61, 0x6D, 0x2E, 0x65, 0x6E, 0x76, 0x5B, 0x39, 0x34, 0x5D, 0x2C, 0x20, 0x76, 0x46, 0x69, 0x6E,
    0x61, 0x6C, 0x43, 0x6F, 0x6C, 0x6F, 0x75, 0x72, 0x3B, 0x0A, 0x41, 0x44, 0x44, 0x20, 0x76, 0x46,
    0x69, 0x6E, 0x61, 0x6C, 0x43, 0x6F, 0x6C, 0x6F, 0x75, 0x72, 0x2C, 0x20, 0x76, 0x46, 0x69, 0x6E,
    0x61, 0x6C, 0x43, 0x6F, 0x6C, 0x6F, 0x75, 0x72, 0x2C, 0x20, 0x70, 0x72, 0x6F, 0x67, 0x72, 0x61,
    0x6D, 0x2E, 0x65, 0x6E, 0x76, 0x5B, 0x39, 0x33, 0x5D, 0x3B, 0x0A, 0x4D, 0x4F, 0x56, 0x20, 0x76,
    0x46, 0x69, 0x6E, 0x61, 0x6C, 0x43, 0x6F, 0x6C, 0x6F, 0x75, 0x72, 0x2E, 0x77, 0x2C, 0x20, 0x70,
    0x72, 0x6F, 0x67, 0x72, 0x61, 0x6D, 0x2E, 0x65, 0x6E, 0x76, 0x5B, 0x39, 0x34, 0x5D, 0x3B, 0x0A,
    0x4D, 0x4F, 0x56, 0x20, 0x72, 0x65, 0x73, 0x75, 0x6C, 0x74, 0x2E, 0x63, 0x6F, 0x6C, 0x6F, 0x72,
    0x2C, 0x20, 0x76, 0x46, 0x69, 0x6E, 0x61, 0x6C, 0x43, 0x6F, 0x6C, 0x6F, 0x75, 0x72, 0x3B, 0x0A,
    0x45, 0x4E, 0x44, 0x0A,
};

static const unsigned char kShaderSource5[] = {
    0x21, 0x21, 0x41, 0x52, 0x42, 0x76, 0x70, 0x31, 0x2E, 0x30, 0x50, 0x41, 0x52, 0x41, 0x4D, 0x20,
    0x6D, 0x76, 0x4D, 0x61, 0x74, 0x72, 0x69, 0x78, 0x5B, 0x34, 0x5D, 0x20, 0x3D, 0x20, 0x7B, 0x20,
    0x73, 0x74, 0x61, 0x74, 0x65, 0x2E, 0x6D, 0x61, 0x74, 0x72, 0x69, 0x78, 0x2E, 0x6D, 0x6F, 0x64,
    0x65, 0x6C, 0x76, 0x69, 0x65, 0x77, 0x5B, 0x30, 0x5D, 0x20, 0x7D, 0x3B, 0x0A, 0x50, 0x41, 0x52,
    0x41, 0x4D, 0x20, 0x6D, 0x76, 0x70, 0x4D, 0x61, 0x74, 0x72, 0x69, 0x78, 0x5B, 0x34, 0x5D, 0x20,
    0x3D, 0x20, 0x7B, 0x20, 0x73, 0x74, 0x61, 0x74, 0x65, 0x2E, 0x6D, 0x61, 0x74, 0x72, 0x69, 0x78,
    0x2E, 0x6D, 0x76, 0x70, 0x20, 0x7D, 0x3B, 0x0A, 0x50, 0x41, 0x52, 0x41, 0x4D, 0x20, 0x66, 0x6F,
    0x67, 0x50, 0x61, 0x72, 0x61, 0x6D, 0x73, 0x20, 0x3D, 0x20, 0x73, 0x74, 0x61, 0x74, 0x65, 0x2E,
    0x66, 0x6F, 0x67, 0x2E, 0x70, 0x61, 0x72, 0x61, 0x6D, 0x73, 0x3B, 0x0A, 0x54, 0x45, 0x4D, 0x50,
    0x20, 0x76, 0x54, 0x65, 0x6D, 0x70, 0x3B, 0x0A, 0x54, 0x45, 0x4D, 0x50, 0x20, 0x76, 0x52, 0x65,
    0x67, 0x30, 0x2C, 0x20, 0x76, 0x52, 0x65, 0x67, 0x31, 0x2C, 0x20, 0x76, 0x52, 0x65, 0x67, 0x32,
    0x2C, 0x20, 0x76, 0x52, 0x65, 0x67, 0x33, 0x3B, 0x0A, 0x54, 0x45, 0x4D, 0x50, 0x20, 0x76, 0x52,
    0x65, 0x67, 0x31, 0x30, 0x3B, 0x0A, 0x54, 0x45, 0x4D, 0x50, 0x20, 0x76, 0x4E, 0x6F, 0x72, 0x6D,
    0x61, 0x6C, 0x57, 0x6F, 0x72, 0x6C, 0x64, 0x3B, 0x0A, 0x54, 0x45, 0x4D, 0x50, 0x20, 0x66, 0x6F,
    0x67, 0x54, 0x65, 0x6D, 0x70, 0x3B, 0x0A, 0x41, 0x4C, 0x49, 0x41, 0x53, 0x20, 0x76, 0x46, 0x69,
    0x6E, 0x61, 0x6C, 0x43, 0x6F, 0x6C, 0x6F, 0x75, 0x72, 0x20, 0x3D, 0x20, 0x76, 0x54, 0x65, 0x6D,
    0x70, 0x3B, 0x0A, 0x44, 0x50, 0x34, 0x20, 0x20, 0x20, 0x72, 0x65, 0x73, 0x75, 0x6C, 0x74, 0x2E,
    0x70, 0x6F, 0x73, 0x69, 0x74, 0x69, 0x6F, 0x6E, 0x2E, 0x78, 0x2C, 0x20, 0x6D, 0x76, 0x70, 0x4D,
    0x61, 0x74, 0x72, 0x69, 0x78, 0x5B, 0x30, 0x5D, 0x2C, 0x20, 0x76, 0x65, 0x72, 0x74, 0x65, 0x78,
    0x2E, 0x70, 0x6F, 0x73, 0x69, 0x74, 0x69, 0x6F, 0x6E, 0x3B, 0x0A, 0x44, 0x50, 0x34, 0x20, 0x20,
    0x20, 0x72, 0x65, 0x73, 0x75, 0x6C, 0x74, 0x2E, 0x70, 0x6F, 0x73, 0x69, 0x74, 0x69, 0x6F, 0x6E,
    0x2E, 0x79, 0x2C, 0x20, 0x6D, 0x76, 0x70, 0x4D, 0x61, 0x74, 0x72, 0x69, 0x78, 0x5B, 0x31, 0x5D,
    0x2C, 0x20, 0x76, 0x65, 0x72, 0x74, 0x65, 0x78, 0x2E, 0x70, 0x6F, 0x73, 0x69, 0x74, 0x69, 0x6F,
    0x6E, 0x3B, 0x0A, 0x44, 0x50, 0x34, 0x20, 0x20, 0x20, 0x72, 0x65, 0x73, 0x75, 0x6C, 0x74, 0x2E,
    0x70, 0x6F, 0x73, 0x69, 0x74, 0x69, 0x6F, 0x6E, 0x2E, 0x7A, 0x2C, 0x20, 0x6D, 0x76, 0x70, 0x4D,
    0x61, 0x74, 0x72, 0x69, 0x78, 0x5B, 0x32, 0x5D, 0x2C, 0x20, 0x76, 0x65, 0x72, 0x74, 0x65, 0x78,
    0x2E, 0x70, 0x6F, 0x73, 0x69, 0x74, 0x69, 0x6F, 0x6E, 0x3B, 0x0A, 0x44, 0x50, 0x34, 0x20, 0x20,
    0x20, 0x72, 0x65, 0x73, 0x75, 0x6C, 0x74, 0x2E, 0x70, 0x6F, 0x73, 0x69, 0x74, 0x69, 0x6F, 0x6E,
    0x2E, 0x77, 0x2C, 0x20, 0x6D, 0x76, 0x70, 0x4D, 0x61, 0x74, 0x72, 0x69, 0x78, 0x5B, 0x33, 0x5D,
    0x2C, 0x20, 0x76, 0x65, 0x72, 0x74, 0x65, 0x78, 0x2E, 0x70, 0x6F, 0x73, 0x69, 0x74, 0x69, 0x6F,
    0x6E, 0x3B, 0x0A, 0x44, 0x50, 0x34, 0x20, 0x20, 0x20, 0x76, 0x52, 0x65, 0x67, 0x31, 0x30, 0x2E,
    0x78, 0x2C, 0x20, 0x6D, 0x76, 0x4D, 0x61, 0x74, 0x72, 0x69, 0x78, 0x5B, 0x30, 0x5D, 0x2C, 0x20,
    0x76, 0x65, 0x72, 0x74, 0x65, 0x78, 0x2E, 0x70, 0x6F, 0x73, 0x69, 0x74, 0x69, 0x6F, 0x6E, 0x3B,
    0x0A, 0x44, 0x50, 0x34, 0x20, 0x20, 0x20, 0x76, 0x52, 0x65, 0x67, 0x31, 0x30, 0x2E, 0x79, 0x2C,
    0x20, 0x6D, 0x76, 0x4D, 0x61, 0x74, 0x72, 0x69, 0x78, 0x5B, 0x31, 0x5D, 0x2C, 0x20, 0x76, 0x65,
    0x72, 0x74, 0x65, 0x78, 0x2E, 0x70, 0x6F, 0x73, 0x69, 0x74, 0x69, 0x6F, 0x6E, 0x3B, 0x0A, 0x44,
    0x50, 0x34, 0x20, 0x20, 0x20, 0x76, 0x52, 0x65, 0x67, 0x31, 0x30, 0x2E, 0x7A, 0x2C, 0x20, 0x6D,
    0x76, 0x4D, 0x61, 0x74, 0x72, 0x69, 0x78, 0x5B, 0x32, 0x5D, 0x2C, 0x20, 0x76, 0x65, 0x72, 0x74,
    0x65, 0x78, 0x2E, 0x70, 0x6F, 0x73, 0x69, 0x74, 0x69, 0x6F, 0x6E, 0x3B, 0x0A, 0x44, 0x50, 0x34,
    0x20, 0x20, 0x20, 0x76, 0x52, 0x65, 0x67, 0x31, 0x30, 0x2E, 0x77, 0x2C, 0x20, 0x6D, 0x76, 0x4D,
    0x61, 0x74, 0x72, 0x69, 0x78, 0x5B, 0x33, 0x5D, 0x2C, 0x20, 0x76, 0x65, 0x72, 0x74, 0x65, 0x78,
    0x2E, 0x70, 0x6F, 0x73, 0x69, 0x74, 0x69, 0x6F, 0x6E, 0x3B, 0x0A, 0x44, 0x50, 0x33, 0x20, 0x20,
    0x20, 0x76, 0x4E, 0x6F, 0x72, 0x6D, 0x61, 0x6C, 0x57, 0x6F, 0x72, 0x6C, 0x64, 0x2E, 0x78, 0x2C,
    0x20, 0x6D, 0x76, 0x4D, 0x61, 0x74, 0x72, 0x69, 0x78, 0x5B, 0x30, 0x5D, 0x2C, 0x20, 0x76, 0x65,
    0x72, 0x74, 0x65, 0x78, 0x2E, 0x6E, 0x6F, 0x72, 0x6D, 0x61, 0x6C, 0x3B, 0x0A, 0x44, 0x50, 0x33,
    0x20, 0x20, 0x20, 0x76, 0x4E, 0x6F, 0x72, 0x6D, 0x61, 0x6C, 0x57, 0x6F, 0x72, 0x6C, 0x64, 0x2E,
    0x79, 0x2C, 0x20, 0x6D, 0x76, 0x4D, 0x61, 0x74, 0x72, 0x69, 0x78, 0x5B, 0x31, 0x5D, 0x2C, 0x20,
    0x76, 0x65, 0x72, 0x74, 0x65, 0x78, 0x2E, 0x6E, 0x6F, 0x72, 0x6D, 0x61, 0x6C, 0x3B, 0x0A, 0x44,
    0x50, 0x33, 0x20, 0x20, 0x20, 0x76, 0x4E, 0x6F, 0x72, 0x6D, 0x61, 0x6C, 0x57, 0x6F, 0x72, 0x6C,
    0x64, 0x2E, 0x7A, 0x2C, 0x20, 0x6D, 0x76, 0x4D, 0x61, 0x74, 0x72, 0x69, 0x78, 0x5B, 0x32, 0x5D,
    0x2C, 0x20, 0x76, 0x65, 0x72, 0x74, 0x65, 0x78, 0x2E, 0x6E, 0x6F, 0x72, 0x6D, 0x61, 0x6C, 0x3B,
    0x0A, 0x44, 0x50, 0x33, 0x09, 0x76, 0x52, 0x65, 0x67, 0x30, 0x2E, 0x78, 0x2C, 0x20, 0x76, 0x52,
    0x65, 0x67, 0x31, 0x30, 0x2C, 0x20, 0x76, 0x52, 0x65, 0x67, 0x31, 0x30, 0x3B, 0x0A, 0x52, 0x53,
    0x51, 0x09, 0x76, 0x52, 0x65, 0x67, 0x30, 0x2E, 0x78, 0x2C, 0x20, 0x76, 0x52, 0x65, 0x67, 0x30,
    0x2E, 0x78, 0x3B, 0x0A, 0x52, 0x43, 0x50, 0x09, 0x76, 0x52, 0x65, 0x67, 0x30, 0x2E, 0x78, 0x2C,
    0x20, 0x76, 0x52, 0x65, 0x67, 0x30, 0x2E, 0x78, 0x3B, 0x0A, 0x4D, 0x4F, 0x56, 0x20, 0x72, 0x65,
    0x73, 0x75, 0x6C, 0x74, 0x2E, 0x66, 0x6F, 0x67, 0x63, 0x6F, 0x6F, 0x72, 0x64, 0x2C, 0x20, 0x76,
    0x52, 0x65, 0x67, 0x30, 0x2E, 0x78, 0x3B, 0x0A, 0x41, 0x44, 0x44, 0x20, 0x66, 0x6F, 0x67, 0x54,
    0x65, 0x6D, 0x70, 0x2E, 0x78, 0x2C, 0x20, 0x2D, 0x66, 0x6F, 0x67, 0x50, 0x61, 0x72, 0x61, 0x6D,
    0x73, 0x2E, 0x79, 0x2C, 0x20, 0x76, 0x52, 0x65, 0x67, 0x30, 0x2E, 0x78, 0x3B, 0x0A, 0x53, 0x4C,
    0x54, 0x20, 0x66, 0x6F, 0x67, 0x54, 0x65, 0x6D, 0x70, 0x2E, 0x79, 0x2C, 0x20, 0x30, 0x2E, 0x30,
    0x2C, 0x20, 0x73, 0x74, 0x61, 0x74, 0x65, 0x2E, 0x66, 0x6F, 0x67, 0x2E, 0x63, 0x6F, 0x6C, 0x6F,
    0x72, 0x3B, 0x0A, 0x4D, 0x55, 0x4C, 0x20, 0x66, 0x6F, 0x67, 0x54, 0x65, 0x6D, 0x70, 0x2E, 0x7A,
    0x2C, 0x20, 0x66, 0x6F, 0x67, 0x54, 0x65, 0x6D, 0x70, 0x2E, 0x78, 0x2C, 0x20, 0x66, 0x6F, 0x67,
    0x50, 0x61, 0x72, 0x61, 0x6D, 0x73, 0x2E, 0x77, 0x3B, 0x0A, 0x4D, 0x55, 0x4C, 0x20, 0x72, 0x65,
    0x73, 0x75, 0x6C, 0x74, 0x2E, 0x63, 0x6F, 0x6C, 0x6F, 0x72, 0x2E, 0x73, 0x65, 0x63, 0x6F, 0x6E,
    0x64, 0x61, 0x72, 0x79, 0x2E, 0x78, 0x2C, 0x20, 0x66, 0x6F, 0x67, 0x54, 0x65, 0x6D, 0x70, 0x2E,
    0x7A, 0x2C, 0x20, 0x66, 0x6F, 0x67, 0x54, 0x65, 0x6D, 0x70, 0x2E, 0x79, 0x3B, 0x0A, 0x4D, 0x4F,
    0x56, 0x20, 0x20, 0x20, 0x72, 0x65, 0x73, 0x75, 0x6C, 0x74, 0x2E, 0x74, 0x65, 0x78, 0x63, 0x6F,
    0x6F, 0x72, 0x64, 0x5B, 0x30, 0x5D, 0x2C, 0x20, 0x76, 0x65, 0x72, 0x74, 0x65, 0x78, 0x2E, 0x74,
    0x65, 0x78, 0x63, 0x6F, 0x6F, 0x72, 0x64, 0x5B, 0x30, 0x5D, 0x3B, 0x0A, 0x4D, 0x4F, 0x56, 0x20,
    0x20, 0x20, 0x72, 0x65, 0x73, 0x75, 0x6C, 0x74, 0x2E, 0x74, 0x65, 0x78, 0x63, 0x6F, 0x6F, 0x72,
    0x64, 0x5B, 0x31, 0x5D, 0x2C, 0x20, 0x76, 0x65, 0x72, 0x74, 0x65, 0x78, 0x2E, 0x74, 0x65, 0x78,
    0x63, 0x6F, 0x6F, 0x72, 0x64, 0x5B, 0x31, 0x5D, 0x3B, 0x0A, 0x4D, 0x4F, 0x56, 0x20, 0x20, 0x20,
    0x72, 0x65, 0x73, 0x75, 0x6C, 0x74, 0x2E, 0x74, 0x65, 0x78, 0x63, 0x6F, 0x6F, 0x72, 0x64, 0x5B,
    0x32, 0x5D, 0x2C, 0x20, 0x76, 0x65, 0x72, 0x74, 0x65, 0x78, 0x2E, 0x74, 0x65, 0x78, 0x63, 0x6F,
    0x6F, 0x72, 0x64, 0x5B, 0x32, 0x5D, 0x3B, 0x0A, 0x4D, 0x4F, 0x56, 0x20, 0x20, 0x20, 0x72, 0x65,
    0x73, 0x75, 0x6C, 0x74, 0x2E, 0x74, 0x65, 0x78, 0x63, 0x6F, 0x6F, 0x72, 0x64, 0x5B, 0x33, 0x5D,
    0x2C, 0x20, 0x76, 0x65, 0x72, 0x74, 0x65, 0x78, 0x2E, 0x74, 0x65, 0x78, 0x63, 0x6F, 0x6F, 0x72,
    0x64, 0x5B, 0x33, 0x5D, 0x3B, 0x0A, 0x4D, 0x4F, 0x56, 0x20, 0x72, 0x65, 0x73, 0x75, 0x6C, 0x74,
    0x2E, 0x63, 0x6F, 0x6C, 0x6F, 0x72, 0x2C, 0x20, 0x70, 0x72, 0x6F, 0x67, 0x72, 0x61, 0x6D, 0x2E,
    0x65, 0x6E, 0x76, 0x5B, 0x31, 0x35, 0x5D, 0x2E, 0x77, 0x77, 0x77, 0x7A, 0x3B, 0x0A, 0x4D, 0x4F,
    0x56, 0x20, 0x76, 0x46, 0x69, 0x6E, 0x61, 0x6C, 0x43, 0x6F, 0x6C, 0x6F, 0x75, 0x72, 0x2C, 0x20,
    0x70, 0x72, 0x6F, 0x67, 0x72, 0x61, 0x6D, 0x2E, 0x65, 0x6E, 0x76, 0x5B, 0x38, 0x39, 0x5D, 0x2E,
    0x78, 0x78, 0x78, 0x77, 0x3B, 0x0A, 0x44, 0x50, 0x34, 0x20, 0x76, 0x52, 0x65, 0x67, 0x30, 0x2E,
    0x78, 0x2C, 0x20, 0x76, 0x52, 0x65, 0x67, 0x31, 0x30, 0x2C, 0x20, 0x70, 0x72, 0x6F, 0x67, 0x72,
    0x61, 0x6D, 0x2E, 0x65, 0x6E, 0x76, 0x5B, 0x39, 0x32, 0x5D, 0x3B, 0x0A, 0x44, 0x50, 0x34, 0x20,
    0x76, 0x52, 0x65, 0x67, 0x30, 0x2E, 0x79, 0x2C, 0x20, 0x76, 0x52, 0x65, 0x67, 0x31, 0x30, 0x2C,
    0x20, 0x70, 0x72, 0x6F, 0x67, 0x72, 0x61, 0x6D, 0x2E, 0x65, 0x6E, 0x76, 0x5B, 0x39, 0x31, 0x5D,
    0x3B, 0x0A, 0x44, 0x50, 0x34, 0x20, 0x76, 0x52, 0x65, 0x67, 0x30, 0x2E, 0x7A, 0x2C, 0x20, 0x76,
    0x52, 0x65, 0x67, 0x31, 0x30, 0x2C, 0x20, 0x70, 0x72, 0x6F, 0x67, 0x72, 0x61, 0x6D, 0x2E, 0x65,
    0x6E, 0x76, 0x5B, 0x39, 0x30, 0x5D, 0x3B, 0x0A, 0x44, 0x50, 0x34, 0x20, 0x76, 0x52, 0x65, 0x67,
    0x30, 0x2E, 0x77, 0x2C, 0x20, 0x76, 0x52, 0x65, 0x67, 0x31, 0x30, 0x2C, 0x20, 0x70, 0x72, 0x6F,
    0x67, 0x72, 0x61, 0x6D, 0x2E, 0x65, 0x6E, 0x76, 0x5B, 0x38, 0x39, 0x5D, 0x3B, 0x0A, 0x4D, 0x4F,
    0x56, 0x20, 0x76, 0x52, 0x65, 0x67, 0x31, 0x30, 0x2C, 0x20, 0x76, 0x52, 0x65, 0x67, 0x30, 0x3B,
    0x0A, 0x44, 0x50, 0x33, 0x20, 0x76, 0x52, 0x65, 0x67, 0x30, 0x2E, 0x78, 0x2C, 0x20, 0x76, 0x4E,
    0x6F, 0x72, 0x6D, 0x61, 0x6C, 0x57, 0x6F, 0x72, 0x6C, 0x64, 0x2C, 0x20, 0x70, 0x72, 0x6F, 0x67,
    0x72, 0x61, 0x6D, 0x2E, 0x65, 0x6E, 0x76, 0x5B, 0x39, 0x32, 0x5D, 0x3B, 0x0A, 0x44, 0x50, 0x33,
    0x20, 0x76, 0x52, 0x65, 0x67, 0x30, 0x2E, 0x79, 0x2C, 0x20, 0x76, 0x4E, 0x6F, 0x72, 0x6D, 0x61,
    0x6C, 0x57, 0x6F, 0x72, 0x6C, 0x64, 0x2C, 0x20, 0x70, 0x72, 0x6F, 0x67, 0x72, 0x61, 0x6D, 0x2E,
    0x65, 0x6E, 0x76, 0x5B, 0x39, 0x31, 0x5D, 0x3B, 0x0A, 0x44, 0x50, 0x33, 0x20, 0x76, 0x52, 0x65,
    0x67, 0x30, 0x2E, 0x7A, 0x2C, 0x20, 0x76, 0x4E, 0x6F, 0x72, 0x6D, 0x61, 0x6C, 0x57, 0x6F, 0x72,
    0x6C, 0x64, 0x2C, 0x20, 0x70, 0x72, 0x6F, 0x67, 0x72, 0x61, 0x6D, 0x2E, 0x65, 0x6E, 0x76, 0x5B,
    0x39, 0x30, 0x5D, 0x3B, 0x0A, 0x4D, 0x4F, 0x56, 0x20, 0x76, 0x4E, 0x6F, 0x72, 0x6D, 0x61, 0x6C,
    0x57, 0x6F, 0x72, 0x6C, 0x64, 0x2C, 0x20, 0x76, 0x52, 0x65, 0x67, 0x30, 0x3B, 0x0A, 0x41, 0x44,
    0x44, 0x20, 0x76, 0x52, 0x65, 0x67, 0x30, 0x2C, 0x20, 0x2D, 0x76, 0x52, 0x65, 0x67, 0x31, 0x30,
    0x2C, 0x20, 0x70, 0x72, 0x6F, 0x67, 0x72, 0x61, 0x6D, 0x2E, 0x65, 0x6E, 0x76, 0x5B, 0x38, 0x37,
    0x5D, 0x3B, 0x0A, 0x44, 0x50, 0x33, 0x20, 0x76, 0x52, 0x65, 0x67, 0x30, 0x2E, 0x77, 0x2C, 0x20,
    0x76, 0x52, 0x65, 0x67, 0x30, 0x2C, 0x20, 0x76, 0x52, 0x65, 0x67, 0x30, 0x3B, 0x0A, 0x52, 0x53,
    0x51, 0x20, 0x76, 0x52, 0x65, 0x67, 0x31, 0x2E, 0x77, 0x2C, 0x20, 0x76, 0x52, 0x65, 0x67, 0x30,
    0x2E, 0x77, 0x3B, 0x0A, 0x4D, 0x55, 0x4C, 0x20, 0x76, 0x52, 0x65, 0x67, 0x32, 0x2C, 0x20, 0x76,
    0x52, 0x65, 0x67, 0x30, 0x2C, 0x20, 0x76, 0x52, 0x65, 0x67, 0x31, 0x2E, 0x77, 0x3B, 0x0A, 0x44,
    0x53, 0x54, 0x20, 0x76, 0x52, 0x65, 0x67, 0x33, 0x2C, 0x20, 0x76, 0x52, 0x65, 0x67, 0x30, 0x2E,
    0x77, 0x2C, 0x20, 0x76, 0x52, 0x65, 0x67, 0x31, 0x2E, 0x77, 0x3B, 0x0A, 0x44, 0x50, 0x33, 0x20,
    0x76, 0x52, 0x65, 0x67, 0x33, 0x2E, 0x77, 0x2C, 0x20, 0x76, 0x52, 0x65, 0x67, 0x33, 0x2C, 0x20,
    0x70, 0x72, 0x6F, 0x67, 0x72, 0x61, 0x6D, 0x2E, 0x65, 0x6E, 0x76, 0x5B, 0x38, 0x33, 0x5D, 0x3B,
    0x0A, 0x52, 0x43, 0x50, 0x20, 0x76, 0x52, 0x65, 0x67, 0x33, 0x2E, 0x77, 0x2C, 0x20, 0x76, 0x52,
    0x65, 0x67, 0x33, 0x2E, 0x77, 0x3B, 0x0A, 0x44, 0x50, 0x33, 0x20, 0x76, 0x52, 0x65, 0x67, 0x30,
    0x2E, 0x78, 0x2C, 0x20, 0x76, 0x4E, 0x6F, 0x72, 0x6D, 0x61, 0x6C, 0x57, 0x6F, 0x72, 0x6C, 0x64,
    0x2C, 0x20, 0x76, 0x52, 0x65, 0x67, 0x32, 0x3B, 0x0A, 0x4C, 0x49, 0x54, 0x20, 0x76, 0x52, 0x65,
    0x67, 0x30, 0x2C, 0x20, 0x76, 0x52, 0x65, 0x67, 0x30, 0x3B, 0x0A, 0x4D, 0x55, 0x4C, 0x20, 0x76,
    0x52, 0x65, 0x67, 0x30, 0x2C, 0x20, 0x76, 0x52, 0x65, 0x67, 0x30, 0x2C, 0x20, 0x76, 0x52, 0x65,
    0x67, 0x33, 0x2E, 0x77, 0x3B, 0x0A, 0x4D, 0x55, 0x4C, 0x20, 0x76, 0x52, 0x65, 0x67, 0x31, 0x2C,
    0x20, 0x76, 0x52, 0x65, 0x67, 0x30, 0x2E, 0x78, 0x2C, 0x20, 0x70, 0x72, 0x6F, 0x67, 0x72, 0x61,
    0x6D, 0x2E, 0x65, 0x6E, 0x76, 0x5B, 0x38, 0x36, 0x5D, 0x3B, 0x0A, 0x4D, 0x41, 0x44, 0x20, 0x76,
    0x46, 0x69, 0x6E, 0x61, 0x6C, 0x43, 0x6F, 0x6C, 0x6F, 0x75, 0x72, 0x2E, 0x78, 0x79, 0x7A, 0x77,
    0x2C, 0x20, 0x76, 0x52, 0x65, 0x67, 0x31, 0x2C, 0x20, 0x70, 0x72, 0x6F, 0x67, 0x72, 0x61, 0x6D,
    0x2E, 0x65, 0x6E, 0x76, 0x5B, 0x39, 0x35, 0x5D, 0x2C, 0x20, 0x76, 0x46, 0x69, 0x6E, 0x61, 0x6C,
    0x43, 0x6F, 0x6C, 0x6F, 0x75, 0x72, 0x3B, 0x0A, 0x4D, 0x55, 0x4C, 0x20, 0x76, 0x52, 0x65, 0x67,
    0x31, 0x2C, 0x20, 0x76, 0x52, 0x65, 0x67, 0x30, 0x2E, 0x79, 0x2C, 0x20, 0x70, 0x72, 0x6F, 0x67,
    0x72, 0x61, 0x6D, 0x2E, 0x65, 0x6E, 0x76, 0x5B, 0x38, 0x35, 0x5D, 0x3B, 0x0A, 0x4D, 0x41, 0x44,
    0x20, 0x76, 0x46, 0x69, 0x6E, 0x61, 0x6C, 0x43, 0x6F, 0x6C, 0x6F, 0x75, 0x72, 0x2E, 0x78, 0x79,
    0x7A, 0x77, 0x2C, 0x20, 0x76, 0x52, 0x65, 0x67, 0x31, 0x2C, 0x20, 0x70, 0x72, 0x6F, 0x67, 0x72,
    0x61, 0x6D, 0x2E, 0x65, 0x6E, 0x76, 0x5B, 0x39, 0x34, 0x5D, 0x2C, 0x20, 0x76, 0x46, 0x69, 0x6E,
    0x61, 0x6C, 0x43, 0x6F, 0x6C, 0x6F, 0x75, 0x72, 0x3B, 0x0A, 0x41, 0x44, 0x44, 0x20, 0x76, 0x52,
    0x65, 0x67, 0x30, 0x2C, 0x20, 0x2D, 0x76, 0x52, 0x65, 0x67, 0x31, 0x30, 0x2C, 0x20, 0x70, 0x72,
    0x6F, 0x67, 0x72, 0x61, 0x6D, 0x2E, 0x65, 0x6E, 0x76, 0x5B, 0x38, 0x32, 0x5D, 0x3B, 0x0A, 0x44,
    0x50, 0x33, 0x20, 0x76, 0x52, 0x65, 0x67, 0x30, 0x2E, 0x77, 0x2C, 0x20, 0x76, 0x52, 0x65, 0x67,
    0x30, 0x2C, 0x20, 0x76, 0x52, 0x65, 0x67, 0x30, 0x3B, 0x0A, 0x52, 0x53, 0x51, 0x20, 0x76, 0x52,
    0x65, 0x67, 0x31, 0x2E, 0x77, 0x2C, 0x20, 0x76, 0x52, 0x65, 0x67, 0x30, 0x2E, 0x77, 0x3B, 0x0A,
    0x4D, 0x55, 0x4C, 0x20, 0x76, 0x52, 0x65, 0x67, 0x32, 0x2C, 0x20, 0x76, 0x52, 0x65, 0x67, 0x30,
    0x2C, 0x20, 0x76, 0x52, 0x65, 0x67, 0x31, 0x2E, 0x77, 0x3B, 0x0A, 0x44, 0x53, 0x54, 0x20, 0x76,
    0x52, 0x65, 0x67, 0x33, 0x2C, 0x20, 0x76, 0x52, 0x65, 0x67, 0x30, 0x2E, 0x77, 0x2C, 0x20, 0x76,
    0x52, 0x65, 0x67, 0x31, 0x2E, 0x77, 0x3B, 0x0A, 0x44, 0x50, 0x33, 0x20, 0x76, 0x52, 0x65, 0x67,
    0x33, 0x2E, 0x77, 0x2C, 0x20, 0x76, 0x52, 0x65, 0x67, 0x33, 0x2C, 0x20, 0x70, 0x72, 0x6F, 0x67,
    0x72, 0x61, 0x6D, 0x2E, 0x65, 0x6E, 0x76, 0x5B, 0x37, 0x38, 0x5D, 0x3B, 0x0A, 0x52, 0x43, 0x50,
    0x20, 0x76, 0x52, 0x65, 0x67, 0x33, 0x2E, 0x77, 0x2C, 0x20, 0x76, 0x52, 0x65, 0x67, 0x33, 0x2E,
    0x77, 0x3B, 0x0A, 0x44, 0x50, 0x33, 0x20, 0x76, 0x52, 0x65, 0x67, 0x30, 0x2E, 0x78, 0x2C, 0x20,
    0x76, 0x4E, 0x6F, 0x72, 0x6D, 0x61, 0x6C, 0x57, 0x6F, 0x72, 0x6C, 0x64, 0x2C, 0x20, 0x76, 0x52,
    0x65, 0x67, 0x32, 0x3B, 0x0A, 0x4C, 0x49, 0x54, 0x20, 0x76, 0x52, 0x65, 0x67, 0x30, 0x2C, 0x20,
    0x76, 0x52, 0x65, 0x67, 0x30, 0x3B, 0x0A, 0x4D, 0x55, 0x4C, 0x20, 0x76, 0x52, 0x65, 0x67, 0x30,
    0x2C, 0x20, 0x76, 0x52, 0x65, 0x67, 0x30, 0x2C, 0x20, 0x76, 0x52, 0x65, 0x67, 0x33, 0x2E, 0x77,
    0x3B, 0x0A, 0x4D, 0x55, 0x4C, 0x20, 0x76, 0x52, 0x65, 0x67, 0x31, 0x2C, 0x20, 0x76, 0x52, 0x65,
    0x67, 0x30, 0x2E, 0x78, 0x2C, 0x20, 0x70, 0x72, 0x6F, 0x67, 0x72, 0x61, 0x6D, 0x2E, 0x65, 0x6E,
    0x76, 0x5B, 0x38, 0x31, 0x5D, 0x3B, 0x0A, 0x4D, 0x41, 0x44, 0x20, 0x76, 0x46, 0x69, 0x6E, 0x61,
    0x6C, 0x43, 0x6F, 0x6C, 0x6F, 0x75, 0x72, 0x2E, 0x78, 0x79, 0x7A, 0x77, 0x2C, 0x20, 0x76, 0x52,
    0x65, 0x67, 0x31, 0x2C, 0x20, 0x70, 0x72, 0x6F, 0x67, 0x72, 0x61, 0x6D, 0x2E, 0x65, 0x6E, 0x76,
    0x5B, 0x39, 0x35, 0x5D, 0x2C, 0x20, 0x76, 0x46, 0x69, 0x6E, 0x61, 0x6C, 0x43, 0x6F, 0x6C, 0x6F,
    0x75, 0x72, 0x3B, 0x0A, 0x4D, 0x55, 0x4C, 0x20, 0x76, 0x52, 0x65, 0x67, 0x31, 0x2C, 0x20, 0x76,
    0x52, 0x65, 0x67, 0x30, 0x2E, 0x79, 0x2C, 0x20, 0x70, 0x72, 0x6F, 0x67, 0x72, 0x61, 0x6D, 0x2E,
    0x65, 0x6E, 0x76, 0x5B, 0x38, 0x30, 0x5D, 0x3B, 0x0A, 0x4D, 0x41, 0x44, 0x20, 0x76, 0x46, 0x69,
    0x6E, 0x61, 0x6C, 0x43, 0x6F, 0x6C, 0x6F, 0x75, 0x72, 0x2E, 0x78, 0x79, 0x7A, 0x77, 0x2C, 0x20,
    0x76, 0x52, 0x65, 0x67, 0x31, 0x2C, 0x20, 0x70, 0x72, 0x6F, 0x67, 0x72, 0x61, 0x6D, 0x2E, 0x65,
    0x6E, 0x76, 0x5B, 0x39, 0x34, 0x5D, 0x2C, 0x20, 0x76, 0x46, 0x69, 0x6E, 0x61, 0x6C, 0x43, 0x6F,
    0x6C, 0x6F, 0x75, 0x72, 0x3B, 0x0A, 0x41, 0x44, 0x44, 0x20, 0x76, 0x52, 0x65, 0x67, 0x30, 0x2C,
    0x20, 0x2D, 0x76, 0x52, 0x65, 0x67, 0x31, 0x30, 0x2C, 0x20, 0x70, 0x72, 0x6F, 0x67, 0x72, 0x61,
    0x6D, 0x2E, 0x65, 0x6E, 0x76, 0x5B, 0x37, 0x37, 0x5D, 0x3B, 0x0A, 0x44, 0x50, 0x33, 0x20, 0x76,
    0x52, 0x65, 0x67, 0x30, 0x2E, 0x77, 0x2C, 0x20, 0x76, 0x52, 0x65, 0x67, 0x30, 0x2C, 0x20, 0x76,
    0x52, 0x65, 0x67, 0x30, 0x3B, 0x0A, 0x52, 0x53, 0x51, 0x20, 0x76, 0x52, 0x65, 0x67, 0x31, 0x2E,
    0x77, 0x2C, 0x20, 0x76, 0x52, 0x65, 0x67, 0x30, 0x2E, 0x77, 0x3B, 0x0A, 0x4D, 0x55, 0x4C, 0x20,
    0x76, 0x52, 0x65, 0x67, 0x32, 0x2C, 0x20, 0x76, 0x52, 0x65, 0x67, 0x30, 0x2C, 0x20, 0x76, 0x52,
    0x65, 0x67, 0x31, 0x2E, 0x77, 0x3B, 0x0A, 0x44, 0x53, 0x54, 0x20, 0x76, 0x52, 0x65, 0x67, 0x33,
    0x2C, 0x20, 0x76, 0x52, 0x65, 0x67, 0x30, 0x2E, 0x77, 0x2C, 0x20, 0x76, 0x52, 0x65, 0x67, 0x31,
    0x2E, 0x77, 0x3B, 0x0A, 0x44, 0x50, 0x33, 0x20, 0x76, 0x52, 0x65, 0x67, 0x33, 0x2E, 0x77, 0x2C,
    0x20, 0x76, 0x52, 0x65, 0x67, 0x33, 0x2C, 0x20, 0x70, 0x72, 0x6F, 0x67, 0x72, 0x61, 0x6D, 0x2E,
    0x65, 0x6E, 0x76, 0x5B, 0x37, 0x33, 0x5D, 0x3B, 0x0A, 0x52, 0x43, 0x50, 0x20, 0x76, 0x52, 0x65,
    0x67, 0x33, 0x2E, 0x77, 0x2C, 0x20, 0x76, 0x52, 0x65, 0x67, 0x33, 0x2E, 0x77, 0x3B, 0x0A, 0x44,
    0x50, 0x33, 0x20, 0x76, 0x52, 0x65, 0x67, 0x30, 0x2E, 0x78, 0x2C, 0x20, 0x76, 0x4E, 0x6F, 0x72,
    0x6D, 0x61, 0x6C, 0x57, 0x6F, 0x72, 0x6C, 0x64, 0x2C, 0x20, 0x76, 0x52, 0x65, 0x67, 0x32, 0x3B,
    0x0A, 0x4C, 0x49, 0x54, 0x20, 0x76, 0x52, 0x65, 0x67, 0x30, 0x2C, 0x20, 0x76, 0x52, 0x65, 0x67,
    0x30, 0x3B, 0x0A, 0x4D, 0x55, 0x4C, 0x20, 0x76, 0x52, 0x65, 0x67, 0x30, 0x2C, 0x20, 0x76, 0x52,
    0x65, 0x67, 0x30, 0x2C, 0x20, 0x76, 0x52, 0x65, 0x67, 0x33, 0x2E, 0x77, 0x3B, 0x0A, 0x4D, 0x55,
    0x4C, 0x20, 0x76, 0x52, 0x65, 0x67, 0x31, 0x2C, 0x20, 0x76, 0x52, 0x65, 0x67, 0x30, 0x2E, 0x78,
    0x2C, 0x20, 0x70, 0x72, 0x6F, 0x67, 0x72, 0x61, 0x6D, 0x2E, 0x65, 0x6E, 0x76, 0x5B, 0x37, 0x36,
    0x5D, 0x3B, 0x0A, 0x4D, 0x41, 0x44, 0x20, 0x76, 0x46, 0x69, 0x6E, 0x61, 0x6C, 0x43, 0x6F, 0x6C,
    0x6F, 0x75, 0x72, 0x2E, 0x78, 0x79, 0x7A, 0x77, 0x2C, 0x20, 0x76, 0x52, 0x65, 0x67, 0x31, 0x2C,
    0x20, 0x70, 0x72, 0x6F, 0x67, 0x72, 0x61, 0x6D, 0x2E, 0x65, 0x6E, 0x76, 0x5B, 0x39, 0x35, 0x5D,
    0x2C, 0x20, 0x76, 0x46, 0x69, 0x6E, 0x61, 0x6C, 0x43, 0x6F, 0x6C, 0x6F, 0x75, 0x72, 0x3B, 0x0A,
    0x4D, 0x55, 0x4C, 0x20, 0x76, 0x52, 0x65, 0x67, 0x31, 0x2C, 0x20, 0x76, 0x52, 0x65, 0x67, 0x30,
    0x2E, 0x79, 0x2C, 0x20, 0x70, 0x72, 0x6F, 0x67, 0x72, 0x61, 0x6D, 0x2E, 0x65, 0x6E, 0x76, 0x5B,
    0x37, 0x35, 0x5D, 0x3B, 0x0A, 0x4D, 0x41, 0x44, 0x20, 0x76, 0x46, 0x69, 0x6E, 0x61, 0x6C, 0x43,
    0x6F, 0x6C, 0x6F, 0x75, 0x72, 0x2E, 0x78, 0x79, 0x7A, 0x77, 0x2C, 0x20, 0x76, 0x52, 0x65, 0x67,
    0x31, 0x2C, 0x20, 0x70, 0x72, 0x6F, 0x67, 0x72, 0x61, 0x6D, 0x2E, 0x65, 0x6E, 0x76, 0x5B, 0x39,
    0x34, 0x5D, 0x2C, 0x20, 0x76, 0x46, 0x69, 0x6E, 0x61, 0x6C, 0x43, 0x6F, 0x6C, 0x6F, 0x75, 0x72,
    0x3B, 0x0A, 0x41, 0x44, 0x44, 0x20, 0x76, 0x46, 0x69, 0x6E, 0x61, 0x6C, 0x43, 0x6F, 0x6C, 0x6F,
    0x75, 0x72, 0x2C, 0x20, 0x76, 0x46, 0x69, 0x6E, 0x61, 0x6C, 0x43, 0x6F, 0x6C, 0x6F, 0x75, 0x72,
    0x2C, 0x20, 0x70, 0x72, 0x6F, 0x67, 0x72, 0x61, 0x6D, 0x2E, 0x65, 0x6E, 0x76, 0x5B, 0x39, 0x33,
    0x5D, 0x3B, 0x0A, 0x4D, 0x4F, 0x56, 0x20, 0x76, 0x46, 0x69, 0x6E, 0x61, 0x6C, 0x43, 0x6F, 0x6C,
    0x6F, 0x75, 0x72, 0x2E, 0x77, 0x2C, 0x20, 0x70, 0x72, 0x6F, 0x67, 0x72, 0x61, 0x6D, 0x2E, 0x65,
    0x6E, 0x76, 0x5B, 0x39, 0x34, 0x5D, 0x3B, 0x0A, 0x4D, 0x4F, 0x56, 0x20, 0x72, 0x65, 0x73, 0x75,
    0x6C, 0x74, 0x2E, 0x63, 0x6F, 0x6C, 0x6F, 0x72, 0x2C, 0x20, 0x76, 0x46, 0x69, 0x6E, 0x61, 0x6C,
    0x43, 0x6F, 0x6C, 0x6F, 0x75, 0x72, 0x3B, 0x0A, 0x45, 0x4E, 0x44, 0x0A,
};

static const unsigned char kShaderSource6[] = {
    0x21, 0x21, 0x41, 0x52, 0x42, 0x76, 0x70, 0x31, 0x2E, 0x30, 0x0A, 0x50, 0x41, 0x52, 0x41, 0x4D,
    0x20, 0x6D, 0x76, 0x4D, 0x5B, 0x34, 0x5D, 0x20, 0x3D, 0x20, 0x7B, 0x20, 0x73, 0x74, 0x61, 0x74,
    0x65, 0x2E, 0x6D, 0x61, 0x74, 0x72, 0x69, 0x78, 0x2E, 0x6D, 0x6F, 0x64, 0x65, 0x6C, 0x76, 0x69,
    0x65, 0x77, 0x5B, 0x30, 0x5D, 0x20, 0x7D, 0x3B, 0x0A, 0x50, 0x41, 0x52, 0x41, 0x4D, 0x20, 0x6D,
    0x76, 0x70, 0x4D, 0x5B, 0x34, 0x5D, 0x20, 0x3D, 0x20, 0x7B, 0x20, 0x73, 0x74, 0x61, 0x74, 0x65,
    0x2E, 0x6D, 0x61, 0x74, 0x72, 0x69, 0x78, 0x2E, 0x6D, 0x76, 0x70, 0x20, 0x7D, 0x3B, 0x0A, 0x54,
    0x45, 0x4D, 0x50, 0x20, 0x76, 0x54, 0x65, 0x6D, 0x70, 0x2C, 0x20, 0x76, 0x52, 0x65, 0x67, 0x30,
    0x2C, 0x20, 0x76, 0x52, 0x65, 0x67, 0x31, 0x2C, 0x20, 0x76, 0x52, 0x65, 0x67, 0x32, 0x2C, 0x20,
    0x76, 0x52, 0x65, 0x67, 0x33, 0x2C, 0x20, 0x76, 0x52, 0x65, 0x67, 0x34, 0x2C, 0x20, 0x76, 0x52,
    0x65, 0x67, 0x31, 0x30, 0x2C, 0x20, 0x76, 0x4E, 0x6F, 0x72, 0x6D, 0x61, 0x6C, 0x57, 0x6F, 0x72,
    0x6C, 0x64, 0x2C, 0x20, 0x74, 0x3B, 0x0A, 0x50, 0x41, 0x52, 0x41, 0x4D, 0x20, 0x66, 0x20, 0x3D,
    0x20, 0x73, 0x74, 0x61, 0x74, 0x65, 0x2E, 0x66, 0x6F, 0x67, 0x2E, 0x70, 0x61, 0x72, 0x61, 0x6D,
    0x73, 0x3B, 0x0A, 0x41, 0x4C, 0x49, 0x41, 0x53, 0x20, 0x76, 0x46, 0x69, 0x6E, 0x61, 0x6C, 0x43,
    0x6F, 0x6C, 0x6F, 0x75, 0x72, 0x20, 0x3D, 0x20, 0x76, 0x54, 0x65, 0x6D, 0x70, 0x3B, 0x0A, 0x0A,
    0x44, 0x50, 0x34, 0x20, 0x72, 0x65, 0x73, 0x75, 0x6C, 0x74, 0x2E, 0x70, 0x6F, 0x73, 0x69, 0x74,
    0x69, 0x6F, 0x6E, 0x2E, 0x78, 0x2C, 0x20, 0x6D, 0x76, 0x70, 0x4D, 0x5B, 0x30, 0x5D, 0x2C, 0x20,
    0x76, 0x65, 0x72, 0x74, 0x65, 0x78, 0x2E, 0x70, 0x6F, 0x73, 0x69, 0x74, 0x69, 0x6F, 0x6E, 0x3B,
    0x0A, 0x44, 0x50, 0x34, 0x20, 0x72, 0x65, 0x73, 0x75, 0x6C, 0x74, 0x2E, 0x70, 0x6F, 0x73, 0x69,
    0x74, 0x69, 0x6F, 0x6E, 0x2E, 0x79, 0x2C, 0x20, 0x6D, 0x76, 0x70, 0x4D, 0x5B, 0x31, 0x5D, 0x2C,
    0x20, 0x76, 0x65, 0x72, 0x74, 0x65, 0x78, 0x2E, 0x70, 0x6F, 0x73, 0x69, 0x74, 0x69, 0x6F, 0x6E,
    0x3B, 0x0A, 0x44, 0x50, 0x34, 0x20, 0x72, 0x65, 0x73, 0x75, 0x6C, 0x74, 0x2E, 0x70, 0x6F, 0x73,
    0x69, 0x74, 0x69, 0x6F, 0x6E, 0x2E, 0x7A, 0x2C, 0x20, 0x6D, 0x76, 0x70, 0x4D, 0x5B, 0x32, 0x5D,
    0x2C, 0x20, 0x76, 0x65, 0x72, 0x74, 0x65, 0x78, 0x2E, 0x70, 0x6F, 0x73, 0x69, 0x74, 0x69, 0x6F,
    0x6E, 0x3B, 0x0A, 0x44, 0x50, 0x34, 0x20, 0x72, 0x65, 0x73, 0x75, 0x6C, 0x74, 0x2E, 0x70, 0x6F,
    0x73, 0x69, 0x74, 0x69, 0x6F, 0x6E, 0x2E, 0x77, 0x2C, 0x20, 0x6D, 0x76, 0x70, 0x4D, 0x5B, 0x33,
    0x5D, 0x2C, 0x20, 0x76, 0x65, 0x72, 0x74, 0x65, 0x78, 0x2E, 0x70, 0x6F, 0x73, 0x69, 0x74, 0x69,
    0x6F, 0x6E, 0x3B, 0x0A, 0x44, 0x50, 0x34, 0x20, 0x76, 0x52, 0x65, 0x67, 0x31, 0x30, 0x2E, 0x78,
    0x2C, 0x20, 0x6D, 0x76, 0x4D, 0x5B, 0x30, 0x5D, 0x2C, 0x20, 0x76, 0x65, 0x72, 0x74, 0x65, 0x78,
    0x2E, 0x70, 0x6F, 0x73, 0x69, 0x74, 0x69, 0x6F, 0x6E, 0x3B, 0x0A, 0x44, 0x50, 0x34, 0x20, 0x76,
    0x52, 0x65, 0x67, 0x31, 0x30, 0x2E, 0x79, 0x2C, 0x20, 0x6D, 0x76, 0x4D, 0x5B, 0x31, 0x5D, 0x2C,
    0x20, 0x76, 0x65, 0x72, 0x74, 0x65, 0x78, 0x2E, 0x70, 0x6F, 0x73, 0x69, 0x74, 0x69, 0x6F, 0x6E,
    0x3B, 0x0A, 0x44, 0x50, 0x34, 0x20, 0x76, 0x52, 0x65, 0x67, 0x31, 0x30, 0x2E, 0x7A, 0x2C, 0x20,
    0x6D, 0x76, 0x4D, 0x5B, 0x32, 0x5D, 0x2C, 0x20, 0x76, 0x65, 0x72, 0x74, 0x65, 0x78, 0x2E, 0x70,
    0x6F, 0x73, 0x69, 0x74, 0x69, 0x6F, 0x6E, 0x3B, 0x0A, 0x44, 0x50, 0x34, 0x20, 0x76, 0x52, 0x65,
    0x67, 0x31, 0x30, 0x2E, 0x77, 0x2C, 0x20, 0x6D, 0x76, 0x4D, 0x5B, 0x33, 0x5D, 0x2C, 0x20, 0x76,
    0x65, 0x72, 0x74, 0x65, 0x78, 0x2E, 0x70, 0x6F, 0x73, 0x69, 0x74, 0x69, 0x6F, 0x6E, 0x3B, 0x0A,
    0x44, 0x50, 0x33, 0x20, 0x76, 0x4E, 0x6F, 0x72, 0x6D, 0x61, 0x6C, 0x57, 0x6F, 0x72, 0x6C, 0x64,
    0x2E, 0x78, 0x2C, 0x20, 0x6D, 0x76, 0x4D, 0x5B, 0x30, 0x5D, 0x2C, 0x20, 0x76, 0x65, 0x72, 0x74,
    0x65, 0x78, 0x2E, 0x6E, 0x6F, 0x72, 0x6D, 0x61, 0x6C, 0x3B, 0x0A, 0x44, 0x50, 0x33, 0x20, 0x76,
    0x4E, 0x6F, 0x72, 0x6D, 0x61, 0x6C, 0x57, 0x6F, 0x72, 0x6C, 0x64, 0x2E, 0x79, 0x2C, 0x20, 0x6D,
    0x76, 0x4D, 0x5B, 0x31, 0x5D, 0x2C, 0x20, 0x76, 0x65, 0x72, 0x74, 0x65, 0x78, 0x2E, 0x6E, 0x6F,
    0x72, 0x6D, 0x61, 0x6C, 0x3B, 0x0A, 0x44, 0x50, 0x33, 0x20, 0x76, 0x4E, 0x6F, 0x72, 0x6D, 0x61,
    0x6C, 0x57, 0x6F, 0x72, 0x6C, 0x64, 0x2E, 0x7A, 0x2C, 0x20, 0x6D, 0x76, 0x4D, 0x5B, 0x32, 0x5D,
    0x2C, 0x20, 0x76, 0x65, 0x72, 0x74, 0x65, 0x78, 0x2E, 0x6E, 0x6F, 0x72, 0x6D, 0x61, 0x6C, 0x3B,
    0x0A, 0x44, 0x50, 0x33, 0x20, 0x76, 0x52, 0x65, 0x67, 0x30, 0x2E, 0x78, 0x2C, 0x20, 0x76, 0x52,
    0x65, 0x67, 0x31, 0x30, 0x2C, 0x20, 0x76, 0x52, 0x65, 0x67, 0x31, 0x30, 0x3B, 0x0A, 0x52, 0x53,
    0x51, 0x20, 0x76, 0x52, 0x65, 0x67, 0x30, 0x2E, 0x78, 0x2C, 0x20, 0x76, 0x52, 0x65, 0x67, 0x30,
    0x2E, 0x78, 0x3B, 0x0A, 0x52, 0x43, 0x50, 0x20, 0x76, 0x52, 0x65, 0x67, 0x30, 0x2E, 0x78, 0x2C,
    0x20, 0x76, 0x52, 0x65, 0x67, 0x30, 0x2E, 0x78, 0x3B, 0x0A, 0x4D, 0x4F, 0x56, 0x20, 0x72, 0x65,
    0x73, 0x75, 0x6C, 0x74, 0x2E, 0x66, 0x6F, 0x67, 0x63, 0x6F, 0x6F, 0x72, 0x64, 0x2C, 0x20, 0x76,
    0x52, 0x65, 0x67, 0x30, 0x2E, 0x78, 0x3B, 0x0A, 0x41, 0x44, 0x44, 0x20, 0x76, 0x52, 0x65, 0x67,
    0x31, 0x2E, 0x78, 0x2C, 0x20, 0x2D, 0x66, 0x2E, 0x79, 0x2C, 0x20, 0x76, 0x52, 0x65, 0x67, 0x30,
    0x2E, 0x78, 0x3B, 0x0A, 0x53, 0x4C, 0x54, 0x20, 0x74, 0x2E, 0x78, 0x2C, 0x20, 0x30, 0x2E, 0x30,
    0x2C, 0x20, 0x73, 0x74, 0x61, 0x74, 0x65, 0x2E, 0x66, 0x6F, 0x67, 0x2E, 0x63, 0x6F, 0x6C, 0x6F,
    0x72, 0x3B, 0x0A, 0x4D, 0x55, 0x4C, 0x20, 0x74, 0x2E, 0x79, 0x2C, 0x20, 0x76, 0x52, 0x65, 0x67,
    0x31, 0x2E, 0x78, 0x2C, 0x20, 0x66, 0x2E, 0x77, 0x3B, 0x0A, 0x4D, 0x55, 0x4C, 0x20, 0x72, 0x65,
    0x73, 0x75, 0x6C, 0x74, 0x2E, 0x63, 0x6F, 0x6C, 0x6F, 0x72, 0x2E, 0x73, 0x65, 0x63, 0x6F, 0x6E,
    0x64, 0x61, 0x72, 0x79, 0x2E, 0x78, 0x2C, 0x20, 0x74, 0x2E, 0x79, 0x2C, 0x20, 0x74, 0x2E, 0x78,
    0x3B, 0x0A, 0x44, 0x50, 0x33, 0x20, 0x76, 0x52, 0x65, 0x67, 0x30, 0x2E, 0x78, 0x2C, 0x20, 0x76,
    0x4E, 0x6F, 0x72, 0x6D, 0x61, 0x6C, 0x57, 0x6F, 0x72, 0x6C, 0x64, 0x2C, 0x20, 0x2D, 0x76, 0x52,
    0x65, 0x67, 0x31, 0x30, 0x3B, 0x0A, 0x4D, 0x55, 0x4C, 0x20, 0x76, 0x52, 0x65, 0x67, 0x31, 0x2C,
    0x20, 0x76, 0x52, 0x65, 0x67, 0x30, 0x2E, 0x78, 0x2C, 0x20, 0x76, 0x4E, 0x6F, 0x72, 0x6D, 0x61,
    0x6C, 0x57, 0x6F, 0x72, 0x6C, 0x64, 0x3B, 0x0A, 0x4D, 0x55, 0x4C, 0x20, 0x76, 0x52, 0x65, 0x67,
    0x32, 0x2C, 0x20, 0x76, 0x52, 0x65, 0x67, 0x31, 0x2C, 0x20, 0x70, 0x72, 0x6F, 0x67, 0x72, 0x61,
    0x6D, 0x2E, 0x65, 0x6E, 0x76, 0x5B, 0x31, 0x36, 0x5D, 0x2E, 0x79, 0x3B, 0x0A, 0x41, 0x44, 0x44,
    0x20, 0x76, 0x52, 0x65, 0x67, 0x33, 0x2C, 0x20, 0x76, 0x52, 0x65, 0x67, 0x31, 0x30, 0x2C, 0x20,
    0x76, 0x52, 0x65, 0x67, 0x32, 0x3B, 0x0A, 0x44, 0x50, 0x33, 0x20, 0x76, 0x52, 0x65, 0x67, 0x33,
    0x2E, 0x77, 0x2C, 0x20, 0x76, 0x52, 0x65, 0x67, 0x33, 0x2C, 0x20, 0x76, 0x52, 0x65, 0x67, 0x33,
    0x3B, 0x0A, 0x52, 0x53, 0x51, 0x20, 0x76, 0x52, 0x65, 0x67, 0x33, 0x2E, 0x77, 0x2C, 0x20, 0x76,
    0x52, 0x65, 0x67, 0x33, 0x2E, 0x77, 0x3B, 0x0A, 0x4D, 0x55, 0x4C, 0x20, 0x76, 0x52, 0x65, 0x67,
    0x33, 0x2C, 0x20, 0x76, 0x52, 0x65, 0x67, 0x33, 0x2C, 0x20, 0x76, 0x52, 0x65, 0x67, 0x33, 0x2E,
    0x77, 0x3B, 0x0A, 0x44, 0x50, 0x33, 0x20, 0x76, 0x52, 0x65, 0x67, 0x34, 0x2E, 0x78, 0x2C, 0x20,
    0x70, 0x72, 0x6F, 0x67, 0x72, 0x61, 0x6D, 0x2E, 0x65, 0x6E, 0x76, 0x5B, 0x39, 0x32, 0x5D, 0x2C,
    0x20, 0x76, 0x52, 0x65, 0x67, 0x33, 0x3B, 0x0A, 0x44, 0x50, 0x33, 0x20, 0x76, 0x52, 0x65, 0x67,
    0x34, 0x2E, 0x79, 0x2C, 0x20, 0x70, 0x72, 0x6F, 0x67, 0x72, 0x61, 0x6D, 0x2E, 0x65, 0x6E, 0x76,
    0x5B, 0x39, 0x31, 0x5D, 0x2C, 0x20, 0x76, 0x52, 0x65, 0x67, 0x33, 0x3B, 0x0A, 0x44, 0x50, 0x33,
    0x20, 0x76, 0x52, 0x65, 0x67, 0x34, 0x2E, 0x7A, 0x2C, 0x20, 0x70, 0x72, 0x6F, 0x67, 0x72, 0x61,
    0x6D, 0x2E, 0x65, 0x6E, 0x76, 0x5B, 0x39, 0x30, 0x5D, 0x2C, 0x20, 0x76, 0x52, 0x65, 0x67, 0x33,
    0x3B, 0x0A, 0x4D, 0x4F, 0x56, 0x20, 0x76, 0x52, 0x65, 0x67, 0x34, 0x2E, 0x77, 0x2C, 0x20, 0x70,
    0x72, 0x6F, 0x67, 0x72, 0x61, 0x6D, 0x2E, 0x65, 0x6E, 0x76, 0x5B, 0x31, 0x36, 0x5D, 0x2E, 0x77,
    0x3B, 0x0A, 0x4D, 0x4F, 0x56, 0x20, 0x72, 0x65, 0x73, 0x75, 0x6C, 0x74, 0x2E, 0x74, 0x65, 0x78,
    0x63, 0x6F, 0x6F, 0x72, 0x64, 0x5B, 0x30, 0x5D, 0x2C, 0x20, 0x76, 0x65, 0x72, 0x74, 0x65, 0x78,
    0x2E, 0x74, 0x65, 0x78, 0x63, 0x6F, 0x6F, 0x72, 0x64, 0x5B, 0x30, 0x5D, 0x3B, 0x0A, 0x4D, 0x4F,
    0x56, 0x20, 0x72, 0x65, 0x73, 0x75, 0x6C, 0x74, 0x2E, 0x74, 0x65, 0x78, 0x63, 0x6F, 0x6F, 0x72,
    0x64, 0x5B, 0x31, 0x5D, 0x2C, 0x20, 0x76, 0x65, 0x72, 0x74, 0x65, 0x78, 0x2E, 0x74, 0x65, 0x78,
    0x63, 0x6F, 0x6F, 0x72, 0x64, 0x5B, 0x31, 0x5D, 0x3B, 0x0A, 0x4D, 0x4F, 0x56, 0x20, 0x72, 0x65,
    0x73, 0x75, 0x6C, 0x74, 0x2E, 0x74, 0x65, 0x78, 0x63, 0x6F, 0x6F, 0x72, 0x64, 0x5B, 0x32, 0x5D,
    0x2C, 0x20, 0x76, 0x52, 0x65, 0x67, 0x34, 0x3B, 0x0A, 0x4D, 0x4F, 0x56, 0x20, 0x72, 0x65, 0x73,
    0x75, 0x6C, 0x74, 0x2E, 0x74, 0x65, 0x78, 0x63, 0x6F, 0x6F, 0x72, 0x64, 0x5B, 0x33, 0x5D, 0x2C,
    0x20, 0x76, 0x65, 0x72, 0x74, 0x65, 0x78, 0x2E, 0x74, 0x65, 0x78, 0x63, 0x6F, 0x6F, 0x72, 0x64,
    0x5B, 0x33, 0x5D, 0x3B, 0x0A, 0x4D, 0x4F, 0x56, 0x20, 0x72, 0x65, 0x73, 0x75, 0x6C, 0x74, 0x2E,
    0x63, 0x6F, 0x6C, 0x6F, 0x72, 0x2C, 0x20, 0x70, 0x72, 0x6F, 0x67, 0x72, 0x61, 0x6D, 0x2E, 0x65,
    0x6E, 0x76, 0x5B, 0x31, 0x35, 0x5D, 0x2E, 0x77, 0x77, 0x77, 0x7A, 0x3B, 0x0A, 0x0A, 0x45, 0x4E,
    0x44, 0x0A,
};

static const unsigned char kShaderSource7[] = {
    0x21, 0x21, 0x41, 0x52, 0x42, 0x76, 0x70, 0x31, 0x2E, 0x30, 0x50, 0x41, 0x52, 0x41, 0x4D, 0x20,
    0x63, 0x6F, 0x6E, 0x73, 0x74, 0x30, 0x20, 0x3D, 0x20, 0x30, 0x2E, 0x30, 0x3B, 0x0A, 0x50, 0x41,
    0x52, 0x41, 0x4D, 0x20, 0x63, 0x6F, 0x6E, 0x73, 0x74, 0x31, 0x20, 0x3D, 0x20, 0x31, 0x2E, 0x30,
    0x3B, 0x0A, 0x50, 0x41, 0x52, 0x41, 0x4D, 0x20, 0x6D, 0x76, 0x4D, 0x61, 0x74, 0x72, 0x69, 0x78,
    0x5B, 0x34, 0x5D, 0x20, 0x3D, 0x20, 0x7B, 0x20, 0x73, 0x74, 0x61, 0x74, 0x65, 0x2E, 0x6D, 0x61,
    0x74, 0x72, 0x69, 0x78, 0x2E, 0x6D, 0x6F, 0x64, 0x65, 0x6C, 0x76, 0x69, 0x65, 0x77, 0x5B, 0x30,
    0x5D, 0x20, 0x7D, 0x3B, 0x0A, 0x50, 0x41, 0x52, 0x41, 0x4D, 0x20, 0x6D, 0x76, 0x70, 0x4D, 0x61,
    0x74, 0x72, 0x69, 0x78, 0x5B, 0x34, 0x5D, 0x20, 0x3D, 0x20, 0x7B, 0x20, 0x73, 0x74, 0x61, 0x74,
    0x65, 0x2E, 0x6D, 0x61, 0x74, 0x72, 0x69, 0x78, 0x2E, 0x6D, 0x76, 0x70, 0x20, 0x7D, 0x3B, 0x0A,
    0x50, 0x41, 0x52, 0x41, 0x4D, 0x20, 0x66, 0x6F, 0x67, 0x50, 0x61, 0x72, 0x61, 0x6D, 0x73, 0x20,
    0x3D, 0x20, 0x73, 0x74, 0x61, 0x74, 0x65, 0x2E, 0x66, 0x6F, 0x67, 0x2E, 0x70, 0x61, 0x72, 0x61,
    0x6D, 0x73, 0x3B, 0x0A, 0x54, 0x45, 0x4D, 0x50, 0x20, 0x76, 0x54, 0x65, 0x6D, 0x70, 0x3B, 0x0A,
    0x54, 0x45, 0x4D, 0x50, 0x20, 0x76, 0x52, 0x65, 0x67, 0x30, 0x2C, 0x20, 0x76, 0x52, 0x65, 0x67,
    0x31, 0x2C, 0x20, 0x76, 0x52, 0x65, 0x67, 0x32, 0x2C, 0x20, 0x76, 0x52, 0x65, 0x67, 0x33, 0x3B,
    0x0A, 0x54, 0x45, 0x4D, 0x50, 0x20, 0x76, 0x52, 0x65, 0x67, 0x31, 0x30, 0x3B, 0x0A, 0x54, 0x45,
    0x4D, 0x50, 0x20, 0x76, 0x4E, 0x6F, 0x72, 0x6D, 0x61, 0x6C, 0x57, 0x6F, 0x72, 0x6C, 0x64, 0x3B,
    0x0D, 0x0A, 0x54, 0x45, 0x4D, 0x50, 0x20, 0x66, 0x6F, 0x67, 0x54, 0x65, 0x6D, 0x70, 0x3B, 0x0A,
    0x41, 0x4C, 0x49, 0x41, 0x53, 0x20, 0x76, 0x46, 0x69, 0x6E, 0x61, 0x6C, 0x43, 0x6F, 0x6C, 0x6F,
    0x75, 0x72, 0x20, 0x3D, 0x20, 0x76, 0x54, 0x65, 0x6D, 0x70, 0x3B, 0x0A, 0x44, 0x50, 0x34, 0x20,
    0x20, 0x20, 0x72, 0x65, 0x73, 0x75, 0x6C, 0x74, 0x2E, 0x70, 0x6F, 0x73, 0x69, 0x74, 0x69, 0x6F,
    0x6E, 0x2E, 0x78, 0x2C, 0x20, 0x6D, 0x76, 0x70, 0x4D, 0x61, 0x74, 0x72, 0x69, 0x78, 0x5B, 0x30,
    0x5D, 0x2C, 0x20, 0x76, 0x65, 0x72, 0x74, 0x65, 0x78, 0x2E, 0x70, 0x6F, 0x73, 0x69, 0x74, 0x69,
    0x6F, 0x6E, 0x3B, 0x0A, 0x44, 0x50, 0x34, 0x20, 0x20, 0x20, 0x72, 0x65, 0x73, 0x75, 0x6C, 0x74,
    0x2E, 0x70, 0x6F, 0x73, 0x69, 0x74, 0x69, 0x6F, 0x6E, 0x2E, 0x79, 0x2C, 0x20, 0x6D, 0x76, 0x70,
    0x4D, 0x61, 0x74, 0x72, 0x69, 0x78, 0x5B, 0x31, 0x5D, 0x2C, 0x20, 0x76, 0x65, 0x72, 0x74, 0x65,
    0x78, 0x2E, 0x70, 0x6F, 0x73, 0x69, 0x74, 0x69, 0x6F, 0x6E, 0x3B, 0x0A, 0x44, 0x50, 0x34, 0x20,
    0x20, 0x20, 0x72, 0x65, 0x73, 0x75, 0x6C, 0x74, 0x2E, 0x70, 0x6F, 0x73, 0x69, 0x74, 0x69, 0x6F,
    0x6E, 0x2E, 0x7A, 0x2C, 0x20, 0x6D, 0x76, 0x70, 0x4D, 0x61, 0x74, 0x72, 0x69, 0x78, 0x5B, 0x32,
    0x5D, 0x2C, 0x20, 0x76, 0x65, 0x72, 0x74, 0x65, 0x78, 0x2E, 0x70, 0x6F, 0x73, 0x69, 0x74, 0x69,
    0x6F, 0x6E, 0x3B, 0x0A, 0x44, 0x50, 0x34, 0x20, 0x20, 0x20, 0x72, 0x65, 0x73, 0x75, 0x6C, 0x74,
    0x2E, 0x70, 0x6F, 0x73, 0x69, 0x74, 0x69, 0x6F, 0x6E, 0x2E, 0x77, 0x2C, 0x20, 0x6D, 0x76, 0x70,
    0x4D, 0x61, 0x74, 0x72, 0x69, 0x78, 0x5B, 0x33, 0x5D, 0x2C, 0x20, 0x76, 0x65, 0x72, 0x74, 0x65,
    0x78, 0x2E, 0x70, 0x6F, 0x73, 0x69, 0x74, 0x69, 0x6F, 0x6E, 0x3B, 0x0A, 0x44, 0x50, 0x34, 0x20,
    0x20, 0x20, 0x76, 0x52, 0x65, 0x67, 0x31, 0x30, 0x2E, 0x78, 0x2C, 0x20, 0x6D, 0x76, 0x4D, 0x61,
    0x74, 0x72, 0x69, 0x78, 0x5B, 0x30, 0x5D, 0x2C, 0x20, 0x76, 0x65, 0x72, 0x74, 0x65, 0x78, 0x2E,
    0x70, 0x6F, 0x73, 0x69, 0x74, 0x69, 0x6F, 0x6E, 0x3B, 0x0A, 0x44, 0x50, 0x34, 0x20, 0x20, 0x20,
    0x76, 0x52, 0x65, 0x67, 0x31, 0x30, 0x2E, 0x79, 0x2C, 0x20, 0x6D, 0x76, 0x4D, 0x61, 0x74, 0x72,
    0x69, 0x78, 0x5B, 0x31, 0x5D, 0x2C, 0x20, 0x76, 0x65, 0x72, 0x74, 0x65, 0x78, 0x2E, 0x70, 0x6F,
    0x73, 0x69, 0x74, 0x69, 0x6F, 0x6E, 0x3B, 0x0A, 0x44, 0x50, 0x34, 0x20, 0x20, 0x20, 0x76, 0x52,
    0x65, 0x67, 0x31, 0x30, 0x2E, 0x7A, 0x2C, 0x20, 0x6D, 0x76, 0x4D, 0x61, 0x74, 0x72, 0x69, 0x78,
    0x5B, 0x32, 0x5D, 0x2C, 0x20, 0x76, 0x65, 0x72, 0x74, 0x65, 0x78, 0x2E, 0x70, 0x6F, 0x73, 0x69,
    0x74, 0x69, 0x6F, 0x6E, 0x3B, 0x0A, 0x44, 0x50, 0x34, 0x20, 0x20, 0x20, 0x76, 0x52, 0x65, 0x67,
    0x31, 0x30, 0x2E, 0x77, 0x2C, 0x20, 0x6D, 0x76, 0x4D, 0x61, 0x74, 0x72, 0x69, 0x78, 0x5B, 0x33,
    0x5D, 0x2C, 0x20, 0x76, 0x65, 0x72, 0x74, 0x65, 0x78, 0x2E, 0x70, 0x6F, 0x73, 0x69, 0x74, 0x69,
    0x6F, 0x6E, 0x3B, 0x0A, 0x44, 0x50, 0x33, 0x20, 0x20, 0x20, 0x76, 0x4E, 0x6F, 0x72, 0x6D, 0x61,
    0x6C, 0x57, 0x6F, 0x72, 0x6C, 0x64, 0x2E, 0x78, 0x2C, 0x20, 0x6D, 0x76, 0x4D, 0x61, 0x74, 0x72,
    0x69, 0x78, 0x5B, 0x30, 0x5D, 0x2C, 0x20, 0x76, 0x65, 0x72, 0x74, 0x65, 0x78, 0x2E, 0x6E, 0x6F,
    0x72, 0x6D, 0x61, 0x6C, 0x3B, 0x0A, 0x44, 0x50, 0x33, 0x20, 0x20, 0x20, 0x76, 0x4E, 0x6F, 0x72,
    0x6D, 0x61, 0x6C, 0x57, 0x6F, 0x72, 0x6C, 0x64, 0x2E, 0x79, 0x2C, 0x20, 0x6D, 0x76, 0x4D, 0x61,
    0x74, 0x72, 0x69, 0x78, 0x5B, 0x31, 0x5D, 0x2C, 0x20, 0x76, 0x65, 0x72, 0x74, 0x65, 0x78, 0x2E,
    0x6E, 0x6F, 0x72, 0x6D, 0x61, 0x6C, 0x3B, 0x0A, 0x44, 0x50, 0x33, 0x20, 0x20, 0x20, 0x76, 0x4E,
    0x6F, 0x72, 0x6D, 0x61, 0x6C, 0x57, 0x6F, 0x72, 0x6C, 0x64, 0x2E, 0x7A, 0x2C, 0x20, 0x6D, 0x76,
    0x4D, 0x61, 0x74, 0x72, 0x69, 0x78, 0x5B, 0x32, 0x5D, 0x2C, 0x20, 0x76, 0x65, 0x72, 0x74, 0x65,
    0x78, 0x2E, 0x6E, 0x6F, 0x72, 0x6D, 0x61, 0x6C, 0x3B, 0x0A, 0x44, 0x50, 0x33, 0x09, 0x76, 0x52,
    0x65, 0x67, 0x30, 0x2E, 0x78, 0x2C, 0x20, 0x76, 0x52, 0x65, 0x67, 0x31, 0x30, 0x2C, 0x20, 0x76,
    0x52, 0x65, 0x67, 0x31, 0x30, 0x3B, 0x0A, 0x52, 0x53, 0x51, 0x09, 0x76, 0x52, 0x65, 0x67, 0x30,
    0x2E, 0x78, 0x2C, 0x20, 0x76, 0x52, 0x65, 0x67, 0x30, 0x2E, 0x78, 0x3B, 0x0A, 0x52, 0x43, 0x50,
    0x09, 0x76, 0x52, 0x65, 0x67, 0x30, 0x2E, 0x78, 0x2C, 0x20, 0x76, 0x52, 0x65, 0x67, 0x30, 0x2E,
    0x78, 0x3B, 0x0A, 0x41, 0x44, 0x44, 0x09, 0x76, 0x52, 0x65, 0x67, 0x30, 0x2E, 0x78, 0x2C, 0x20,
    0x2D, 0x73, 0x74, 0x61, 0x74, 0x65, 0x2E, 0x66, 0x6F, 0x67, 0x2E, 0x70, 0x61, 0x72, 0x61, 0x6D,
    0x73, 0x2E, 0x79, 0x2C, 0x20, 0x76, 0x52, 0x65, 0x67, 0x30, 0x3B, 0x0A, 0x4D, 0x4F, 0x56, 0x20,
    0x20, 0x20, 0x20, 0x72, 0x65, 0x73, 0x75, 0x6C, 0x74, 0x2E, 0x63, 0x6F, 0x6C, 0x6F, 0x72, 0x2E,
    0x78, 0x79, 0x7A, 0x2C, 0x20, 0x73, 0x74, 0x61, 0x74, 0x65, 0x2E, 0x66, 0x6F, 0x67, 0x2E, 0x63,
    0x6F, 0x6C, 0x6F, 0x72, 0x3B, 0x0A, 0x4D, 0x55, 0x4C, 0x09, 0x72, 0x65, 0x73, 0x75, 0x6C, 0x74,
    0x2E, 0x63, 0x6F, 0x6C, 0x6F, 0x72, 0x2E, 0x77, 0x2C, 0x20, 0x76, 0x52, 0x65, 0x67, 0x30, 0x2E,
    0x78, 0x2C, 0x20, 0x73, 0x74, 0x61, 0x74, 0x65, 0x2E, 0x66, 0x6F, 0x67, 0x2E, 0x70, 0x61, 0x72,
    0x61, 0x6D, 0x73, 0x2E, 0x77, 0x3B, 0x0A, 0x4D, 0x4F, 0x56, 0x20, 0x72, 0x65, 0x73, 0x75, 0x6C,
    0x74, 0x2E, 0x66, 0x6F, 0x67, 0x63, 0x6F, 0x6F, 0x72, 0x64, 0x2C, 0x20, 0x63, 0x6F, 0x6E, 0x73,
    0x74, 0x31, 0x3B, 0x0D, 0x0A, 0x41, 0x44, 0x44, 0x20, 0x66, 0x6F, 0x67, 0x54, 0x65, 0x6D, 0x70,
    0x2E, 0x78, 0x2C, 0x20, 0x2D, 0x66, 0x6F, 0x67, 0x50, 0x61, 0x72, 0x61, 0x6D, 0x73, 0x2E, 0x79,
    0x2C, 0x20, 0x63, 0x6F, 0x6E, 0x73, 0x74, 0x31, 0x3B, 0x0D, 0x0A, 0x53, 0x4C, 0x54, 0x20, 0x66,
    0x6F, 0x67, 0x54, 0x65, 0x6D, 0x70, 0x2E, 0x79, 0x2C, 0x20, 0x30, 0x2E, 0x30, 0x2C, 0x20, 0x73,
    0x74, 0x61, 0x74, 0x65, 0x2E, 0x66, 0x6F, 0x67, 0x2E, 0x63, 0x6F, 0x6C, 0x6F, 0x72, 0x3B, 0x0D,
    0x0A, 0x4D, 0x55, 0x4C, 0x20, 0x66, 0x6F, 0x67, 0x54, 0x65, 0x6D, 0x70, 0x2E, 0x7A, 0x2C, 0x20,
    0x66, 0x6F, 0x67, 0x54, 0x65, 0x6D, 0x70, 0x2E, 0x78, 0x2C, 0x20, 0x66, 0x6F, 0x67, 0x50, 0x61,
    0x72, 0x61, 0x6D, 0x73, 0x2E, 0x77, 0x3B, 0x0D, 0x0A, 0x4D, 0x55, 0x4C, 0x20, 0x72, 0x65, 0x73,
    0x75, 0x6C, 0x74, 0x2E, 0x63, 0x6F, 0x6C, 0x6F, 0x72, 0x2E, 0x73, 0x65, 0x63, 0x6F, 0x6E, 0x64,
    0x61, 0x72, 0x79, 0x2E, 0x78, 0x2C, 0x20, 0x66, 0x6F, 0x67, 0x54, 0x65, 0x6D, 0x70, 0x2E, 0x7A,
    0x2C, 0x20, 0x66, 0x6F, 0x67, 0x54, 0x65, 0x6D, 0x70, 0x2E, 0x79, 0x3B, 0x0A, 0x45, 0x4E, 0x44,
    0x0A,
};

static const unsigned char kShaderSource8[] = {
    0x21, 0x21, 0x41, 0x52, 0x42, 0x76, 0x70, 0x31, 0x2E, 0x30, 0x41, 0x54, 0x54, 0x52, 0x49, 0x42,
    0x20, 0x76, 0x54, 0x65, 0x78, 0x30, 0x20, 0x3D, 0x20, 0x76, 0x65, 0x72, 0x74, 0x65, 0x78, 0x2E,
    0x74, 0x65, 0x78, 0x63, 0x6F, 0x6F, 0x72, 0x64, 0x5B, 0x30, 0x5D, 0x3B, 0x0A, 0x41, 0x54, 0x54,
    0x52, 0x49, 0x42, 0x20, 0x76, 0x54, 0x65, 0x78, 0x34, 0x20, 0x3D, 0x20, 0x76, 0x65, 0x72, 0x74,
    0x65, 0x78, 0x2E, 0x61, 0x74, 0x74, 0x72, 0x69, 0x62, 0x5B, 0x31, 0x32, 0x5D, 0x3B, 0x0A, 0x41,
    0x54, 0x54, 0x52, 0x49, 0x42, 0x20, 0x76, 0x54, 0x65, 0x78, 0x35, 0x20, 0x3D, 0x20, 0x76, 0x65,
    0x72, 0x74, 0x65, 0x78, 0x2E, 0x61, 0x74, 0x74, 0x72, 0x69, 0x62, 0x5B, 0x31, 0x33, 0x5D, 0x3B,
    0x0A, 0x41, 0x54, 0x54, 0x52, 0x49, 0x42, 0x20, 0x76, 0x54, 0x65, 0x78, 0x36, 0x20, 0x3D, 0x20,
    0x76, 0x65, 0x72, 0x74, 0x65, 0x78, 0x2E, 0x61, 0x74, 0x74, 0x72, 0x69, 0x62, 0x5B, 0x31, 0x34,
    0x5D, 0x3B, 0x0A, 0x50, 0x41, 0x52, 0x41, 0x4D, 0x20, 0x6D, 0x76, 0x4D, 0x61, 0x74, 0x72, 0x69,
    0x78, 0x5B, 0x34, 0x5D, 0x20, 0x3D, 0x20, 0x7B, 0x20, 0x73, 0x74, 0x61, 0x74, 0x65, 0x2E, 0x6D,
    0x61, 0x74, 0x72, 0x69, 0x78, 0x2E, 0x6D, 0x6F, 0x64, 0x65, 0x6C, 0x76, 0x69, 0x65, 0x77, 0x20,
    0x7D, 0x3B, 0x0A, 0x50, 0x41, 0x52, 0x41, 0x4D, 0x20, 0x6D, 0x76, 0x70, 0x4D, 0x61, 0x74, 0x72,
    0x69, 0x78, 0x5B, 0x34, 0x5D, 0x20, 0x3D, 0x20, 0x7B, 0x20, 0x73, 0x74, 0x61, 0x74, 0x65, 0x2E,
    0x6D, 0x61, 0x74, 0x72, 0x69, 0x78, 0x2E, 0x6D, 0x76, 0x70, 0x20, 0x7D, 0x3B, 0x0D, 0x0A, 0x50,
    0x41, 0x52, 0x41, 0x4D, 0x20, 0x66, 0x6F, 0x67, 0x50, 0x61, 0x72, 0x61, 0x6D, 0x73, 0x20, 0x3D,
    0x20, 0x73, 0x74, 0x61, 0x74, 0x65, 0x2E, 0x66, 0x6F, 0x67, 0x2E, 0x70, 0x61, 0x72, 0x61, 0x6D,
    0x73, 0x3B, 0x0A, 0x54, 0x45, 0x4D, 0x50, 0x20, 0x76, 0x52, 0x65, 0x67, 0x31, 0x2C, 0x20, 0x76,
    0x52, 0x65, 0x67, 0x33, 0x2C, 0x20, 0x76, 0x52, 0x65, 0x67, 0x31, 0x30, 0x3B, 0x0A, 0x54, 0x45,
    0x4D, 0x50, 0x20, 0x76, 0x52, 0x65, 0x67, 0x30, 0x3B, 0x0A, 0x54, 0x45, 0x4D, 0x50, 0x20, 0x76,
    0x46, 0x69, 0x6E, 0x61, 0x6C, 0x43, 0x6F, 0x6C, 0x6F, 0x75, 0x72, 0x3B, 0x0D, 0x0A, 0x54, 0x45,
    0x4D, 0x50, 0x20, 0x66, 0x6F, 0x67, 0x54, 0x65, 0x6D, 0x70, 0x3B, 0x0A, 0x44, 0x50, 0x34, 0x20,
    0x20, 0x20, 0x72, 0x65, 0x73, 0x75, 0x6C, 0x74, 0x2E, 0x70, 0x6F, 0x73, 0x69, 0x74, 0x69, 0x6F,
    0x6E, 0x2E, 0x78, 0x2C, 0x20, 0x6D, 0x76, 0x70, 0x4D, 0x61, 0x74, 0x72, 0x69, 0x78, 0x5B, 0x30,
    0x5D, 0x2C, 0x20, 0x76, 0x65, 0x72, 0x74, 0x65, 0x78, 0x2E, 0x70, 0x6F, 0x73, 0x69, 0x74, 0x69,
    0x6F, 0x6E, 0x3B, 0x0A, 0x44, 0x50, 0x34, 0x20, 0x20, 0x20, 0x72, 0x65, 0x73, 0x75, 0x6C, 0x74,
    0x2E, 0x70, 0x6F, 0x73, 0x69, 0x74, 0x69, 0x6F, 0x6E, 0x2E, 0x79, 0x2C, 0x20, 0x6D, 0x76, 0x70,
    0x4D, 0x61, 0x74, 0x72, 0x69, 0x78, 0x5B, 0x31, 0x5D, 0x2C, 0x20, 0x76, 0x65, 0x72, 0x74, 0x65,
    0x78, 0x2E, 0x70, 0x6F, 0x73, 0x69, 0x74, 0x69, 0x6F, 0x6E, 0x3B, 0x0A, 0x44, 0x50, 0x34, 0x20,
    0x20, 0x20, 0x72, 0x65, 0x73, 0x75, 0x6C, 0x74, 0x2E, 0x70, 0x6F, 0x73, 0x69, 0x74, 0x69, 0x6F,
    0x6E, 0x2E, 0x7A, 0x2C, 0x20, 0x6D, 0x76, 0x70, 0x4D, 0x61, 0x74, 0x72, 0x69, 0x78, 0x5B, 0x32,
    0x5D, 0x2C, 0x20, 0x76, 0x65, 0x72, 0x74, 0x65, 0x78, 0x2E, 0x70, 0x6F, 0x73, 0x69, 0x74, 0x69,
    0x6F, 0x6E, 0x3B, 0x0A, 0x44, 0x50, 0x34, 0x20, 0x20, 0x20, 0x72, 0x65, 0x73, 0x75, 0x6C, 0x74,
    0x2E, 0x70, 0x6F, 0x73, 0x69, 0x74, 0x69, 0x6F, 0x6E, 0x2E, 0x77, 0x2C, 0x20, 0x6D, 0x76, 0x70,
    0x4D, 0x61, 0x74, 0x72, 0x69, 0x78, 0x5B, 0x33, 0x5D, 0x2C, 0x20, 0x76, 0x65, 0x72, 0x74, 0x65,
    0x78, 0x2E, 0x70, 0x6F, 0x73, 0x69, 0x74, 0x69, 0x6F, 0x6E, 0x3B, 0x0A, 0x44, 0x50, 0x33, 0x20,
    0x20, 0x20, 0x76, 0x52, 0x65, 0x67, 0x31, 0x2E, 0x78, 0x2C, 0x20, 0x6D, 0x76, 0x4D, 0x61, 0x74,
    0x72, 0x69, 0x78, 0x5B, 0x30, 0x5D, 0x2C, 0x20, 0x76, 0x54, 0x65, 0x78, 0x34, 0x3B, 0x20, 0x44,
    0x50, 0x33, 0x20, 0x20, 0x20, 0x76, 0x52, 0x65, 0x67, 0x31, 0x30, 0x2E, 0x78, 0x2C, 0x20, 0x6D,
    0x76, 0x4D, 0x61, 0x74, 0x72, 0x69, 0x78, 0x5B, 0x30, 0x5D, 0x2C, 0x20, 0x76, 0x54, 0x65, 0x78,
    0x35, 0x3B, 0x20, 0x44, 0x50, 0x33, 0x20, 0x20, 0x20, 0x76, 0x52, 0x65, 0x67, 0x33, 0x2E, 0x78,
    0x2C, 0x20, 0x6D, 0x76, 0x4D, 0x61, 0x74, 0x72, 0x69, 0x78, 0x5B, 0x30, 0x5D, 0x2C, 0x20, 0x76,
    0x54, 0x65, 0x78, 0x36, 0x3B, 0x20, 0x44, 0x50, 0x33, 0x20, 0x20, 0x20, 0x76, 0x52, 0x65, 0x67,
    0x31, 0x2E, 0x79, 0x2C, 0x20, 0x6D, 0x76, 0x4D, 0x61, 0x74, 0x72, 0x69, 0x78, 0x5B, 0x31, 0x5D,
    0x2C, 0x20, 0x76, 0x54, 0x65, 0x78, 0x34, 0x3B, 0x20, 0x44, 0x50, 0x33, 0x20, 0x20, 0x20, 0x76,
    0x52, 0x65, 0x67, 0x31, 0x30, 0x2E, 0x79, 0x2C, 0x20, 0x6D, 0x76, 0x4D, 0x61, 0x74, 0x72, 0x69,
    0x78, 0x5B, 0x31, 0x5D, 0x2C, 0x20, 0x76, 0x54, 0x65, 0x78, 0x35, 0x3B, 0x20, 0x44, 0x50, 0x33,
    0x20, 0x20, 0x20, 0x76, 0x52, 0x65, 0x67, 0x33, 0x2E, 0x79, 0x2C, 0x20, 0x6D, 0x76, 0x4D, 0x61,
    0x74, 0x72, 0x69, 0x78, 0x5B, 0x31, 0x5D, 0x2C, 0x20, 0x76, 0x54, 0x65, 0x78, 0x36, 0x3B, 0x20,
    0x44, 0x50, 0x33, 0x20, 0x20, 0x20, 0x76, 0x52, 0x65, 0x67, 0x31, 0x2E, 0x7A, 0x2C, 0x20, 0x6D,
    0x76, 0x4D, 0x61, 0x74, 0x72, 0x69, 0x78, 0x5B, 0x32, 0x5D, 0x2C, 0x20, 0x76, 0x54, 0x65, 0x78,
    0x34, 0x3B, 0x20, 0x44, 0x50, 0x33, 0x20, 0x20, 0x20, 0x76, 0x52, 0x65, 0x67, 0x31, 0x30, 0x2E,
    0x7A, 0x2C, 0x20, 0x6D, 0x76, 0x4D, 0x61, 0x74, 0x72, 0x69, 0x78, 0x5B, 0x32, 0x5D, 0x2C, 0x20,
    0x76, 0x54, 0x65, 0x78, 0x35, 0x3B, 0x20, 0x44, 0x50, 0x33, 0x20, 0x20, 0x20, 0x76, 0x52, 0x65,
    0x67, 0x33, 0x2E, 0x7A, 0x2C, 0x20, 0x6D, 0x76, 0x4D, 0x61, 0x74, 0x72, 0x69, 0x78, 0x5B, 0x32,
    0x5D, 0x2C, 0x20, 0x76, 0x54, 0x65, 0x78, 0x36, 0x3B, 0x20, 0x44, 0x50, 0x33, 0x20, 0x20, 0x20,
    0x72, 0x65, 0x73, 0x75, 0x6C, 0x74, 0x2E, 0x74, 0x65, 0x78, 0x63, 0x6F, 0x6F, 0x72, 0x64, 0x5B,
    0x31, 0x5D, 0x2E, 0x78, 0x2C, 0x20, 0x70, 0x72, 0x6F, 0x67, 0x72, 0x61, 0x6D, 0x2E, 0x65, 0x6E,
    0x76, 0x5B, 0x39, 0x32, 0x5D, 0x2C, 0x20, 0x76, 0x52, 0x65, 0x67, 0x31, 0x3B, 0x20, 0x44, 0x50,
    0x33, 0x20, 0x20, 0x20, 0x72, 0x65, 0x73, 0x75, 0x6C, 0x74, 0x2E, 0x74, 0x65, 0x78, 0x63, 0x6F,
    0x6F, 0x72, 0x64, 0x5B, 0x31, 0x5D, 0x2E, 0x79, 0x2C, 0x20, 0x70, 0x72, 0x6F, 0x67, 0x72, 0x61,
    0x6D, 0x2E, 0x65, 0x6E, 0x76, 0x5B, 0x39, 0x32, 0x5D, 0x2C, 0x20, 0x76, 0x52, 0x65, 0x67, 0x31,
    0x30, 0x3B, 0x20, 0x44, 0x50, 0x33, 0x20, 0x20, 0x20, 0x72, 0x65, 0x73, 0x75, 0x6C, 0x74, 0x2E,
    0x74, 0x65, 0x78, 0x63, 0x6F, 0x6F, 0x72, 0x64, 0x5B, 0x31, 0x5D, 0x2E, 0x7A, 0x2C, 0x20, 0x70,
    0x72, 0x6F, 0x67, 0x72, 0x61, 0x6D, 0x2E, 0x65, 0x6E, 0x76, 0x5B, 0x39, 0x32, 0x5D, 0x2C, 0x20,
    0x76, 0x52, 0x65, 0x67, 0x33, 0x3B, 0x20, 0x44, 0x50, 0x33, 0x20, 0x20, 0x20, 0x72, 0x65, 0x73,
    0x75, 0x6C, 0x74, 0x2E, 0x74, 0x65, 0x78, 0x63, 0x6F, 0x6F, 0x72, 0x64, 0x5B, 0x32, 0x5D, 0x2E,
    0x78, 0x2C, 0x20, 0x70, 0x72, 0x6F, 0x67, 0x72, 0x61, 0x6D, 0x2E, 0x65, 0x6E, 0x76, 0x5B, 0x39,
    0x31, 0x5D, 0x2C, 0x20, 0x76, 0x52, 0x65, 0x67, 0x31, 0x3B, 0x20, 0x44, 0x50, 0x33, 0x20, 0x20,
    0x20, 0x72, 0x65, 0x73, 0x75, 0x6C, 0x74, 0x2E, 0x74, 0x65, 0x78, 0x63, 0x6F, 0x6F, 0x72, 0x64,
    0x5B, 0x32, 0x5D, 0x2E, 0x79, 0x2C, 0x20, 0x70, 0x72, 0x6F, 0x67, 0x72, 0x61, 0x6D, 0x2E, 0x65,
    0x6E, 0x76, 0x5B, 0x39, 0x31, 0x5D, 0x2C, 0x20, 0x76, 0x52, 0x65, 0x67, 0x31, 0x30, 0x3B, 0x20,
    0x44, 0x50, 0x33, 0x20, 0x20, 0x20, 0x72, 0x65, 0x73, 0x75, 0x6C, 0x74, 0x2E, 0x74, 0x65, 0x78,
    0x63, 0x6F, 0x6F, 0x72, 0x64, 0x5B, 0x32, 0x5D, 0x2E, 0x7A, 0x2C, 0x20, 0x70, 0x72, 0x6F, 0x67,
    0x72, 0x61, 0x6D, 0x2E, 0x65, 0x6E, 0x76, 0x5B, 0x39, 0x31, 0x5D, 0x2C, 0x20, 0x76, 0x52, 0x65,
    0x67, 0x33, 0x3B, 0x20, 0x44, 0x50, 0x33, 0x20, 0x20, 0x20, 0x72, 0x65, 0x73, 0x75, 0x6C, 0x74,
    0x2E, 0x74, 0x65, 0x78, 0x63, 0x6F, 0x6F, 0x72, 0x64, 0x5B, 0x33, 0x5D, 0x2E, 0x78, 0x2C, 0x20,
    0x70, 0x72, 0x6F, 0x67, 0x72, 0x61, 0x6D, 0x2E, 0x65, 0x6E, 0x76, 0x5B, 0x39, 0x30, 0x5D, 0x2C,
    0x20, 0x76, 0x52, 0x65, 0x67, 0x31, 0x3B, 0x20, 0x44, 0x50, 0x33, 0x20, 0x20, 0x20, 0x72, 0x65,
    0x73, 0x75, 0x6C, 0x74, 0x2E, 0x74, 0x65, 0x78, 0x63, 0x6F, 0x6F, 0x72, 0x64, 0x5B, 0x33, 0x5D,
    0x2E, 0x79, 0x2C, 0x20, 0x70, 0x72, 0x6F, 0x67, 0x72, 0x61, 0x6D, 0x2E, 0x65, 0x6E, 0x76, 0x5B,
    0x39, 0x30, 0x5D, 0x2C, 0x20, 0x76, 0x52, 0x65, 0x67, 0x31, 0x30, 0x3B, 0x20, 0x44, 0x50, 0x33,
    0x20, 0x20, 0x20, 0x72, 0x65, 0x73, 0x75, 0x6C, 0x74, 0x2E, 0x74, 0x65, 0x78, 0x63, 0x6F, 0x6F,
    0x72, 0x64, 0x5B, 0x33, 0x5D, 0x2E, 0x7A, 0x2C, 0x20, 0x70, 0x72, 0x6F, 0x67, 0x72, 0x61, 0x6D,
    0x2E, 0x65, 0x6E, 0x76, 0x5B, 0x39, 0x30, 0x5D, 0x2C, 0x20, 0x76, 0x52, 0x65, 0x67, 0x33, 0x3B,
    0x20, 0x44, 0x50, 0x34, 0x20, 0x20, 0x20, 0x76, 0x52, 0x65, 0x67, 0x31, 0x30, 0x2E, 0x78, 0x2C,
    0x20, 0x76, 0x65, 0x72, 0x74, 0x65, 0x78, 0x2E, 0x70, 0x6F, 0x73, 0x69, 0x74, 0x69, 0x6F, 0x6E,
    0x2C, 0x20, 0x6D, 0x76, 0x4D, 0x61, 0x74, 0x72, 0x69, 0x78, 0x5B, 0x30, 0x5D, 0x20, 0x3B, 0x0A,
    0x44, 0x50, 0x34, 0x20, 0x20, 0x20, 0x76, 0x52, 0x65, 0x67, 0x31, 0x30, 0x2E, 0x79, 0x2C, 0x20,
    0x76, 0x65, 0x72, 0x74, 0x65, 0x78, 0x2E, 0x70, 0x6F, 0x73, 0x69, 0x74, 0x69, 0x6F, 0x6E, 0x2C,
    0x20, 0x6D, 0x76, 0x4D, 0x61, 0x74, 0x72, 0x69, 0x78, 0x5B, 0x31, 0x5D, 0x20, 0x3B, 0x0A, 0x44,
    0x50, 0x34, 0x20, 0x20, 0x20, 0x76, 0x52, 0x65, 0x67, 0x31, 0x30, 0x2E, 0x7A, 0x2C, 0x20, 0x76,
    0x65, 0x72, 0x74, 0x65, 0x78, 0x2E, 0x70, 0x6F, 0x73, 0x69, 0x74, 0x69, 0x6F, 0x6E, 0x2C, 0x20,
    0x6D, 0x76, 0x4D, 0x61, 0x74, 0x72, 0x69, 0x78, 0x5B, 0x32, 0x5D, 0x20, 0x3B, 0x0A, 0x44, 0x50,
    0x34, 0x20, 0x20, 0x20, 0x76, 0x52, 0x65, 0x67, 0x31, 0x30, 0x2E, 0x77, 0x2C, 0x20, 0x76, 0x65,
    0x72, 0x74, 0x65, 0x78, 0x2E, 0x70, 0x6F, 0x73, 0x69, 0x74, 0x69, 0x6F, 0x6E, 0x2C, 0x20, 0x6D,
    0x76, 0x4D, 0x61, 0x74, 0x72, 0x69, 0x78, 0x5B, 0x33, 0x5D, 0x20, 0x3B, 0x0A, 0x44, 0x50, 0x33,
    0x09, 0x76, 0x52, 0x65, 0x67, 0x31, 0x2E, 0x78, 0x2C, 0x20, 0x76, 0x52, 0x65, 0x67, 0x31, 0x30,
    0x2C, 0x20, 0x76, 0x52, 0x65, 0x67, 0x31, 0x30, 0x3B, 0x0A, 0x52, 0x53, 0x51, 0x09, 0x76, 0x52,
    0x65, 0x67, 0x31, 0x2E, 0x78, 0x2C, 0x20, 0x76, 0x52, 0x65, 0x67, 0x31, 0x2E, 0x78, 0x3B, 0x0A,
    0x52, 0x43, 0x50, 0x09, 0x76, 0x52, 0x65, 0x67, 0x31, 0x2E, 0x78, 0x2C, 0x20, 0x76, 0x52, 0x65,
    0x67, 0x31, 0x2E, 0x78, 0x3B, 0x0A, 0x4D, 0x4F, 0x56, 0x20, 0x72, 0x65, 0x73, 0x75, 0x6C, 0x74,
    0x2E, 0x66, 0x6F, 0x67, 0x63, 0x6F, 0x6F, 0x72, 0x64, 0x2C, 0x20, 0x76, 0x52, 0x65, 0x67, 0x31,
    0x2E, 0x78, 0x3B, 0x0D, 0x0A, 0x41, 0x44, 0x44, 0x20, 0x66, 0x6F, 0x67, 0x54, 0x65, 0x6D, 0x70,
    0x2E, 0x78, 0x2C, 0x20, 0x2D, 0x66, 0x6F, 0x67, 0x50, 0x61, 0x72, 0x61, 0x6D, 0x73, 0x2E, 0x79,
    0x2C, 0x20, 0x76, 0x52, 0x65, 0x67, 0x31, 0x2E, 0x78, 0x3B, 0x0D, 0x0A, 0x53, 0x4C, 0x54, 0x20,
    0x66, 0x6F, 0x67, 0x54, 0x65, 0x6D, 0x70, 0x2E, 0x79, 0x2C, 0x20, 0x30, 0x2E, 0x30, 0x2C, 0x20,
    0x73, 0x74, 0x61, 0x74, 0x65, 0x2E, 0x66, 0x6F, 0x67, 0x2E, 0x63, 0x6F, 0x6C, 0x6F, 0x72, 0x3B,
    0x0D, 0x0A, 0x4D, 0x55, 0x4C, 0x20, 0x66, 0x6F, 0x67, 0x54, 0x65, 0x6D, 0x70, 0x2E, 0x7A, 0x2C,
    0x20, 0x66, 0x6F, 0x67, 0x54, 0x65, 0x6D, 0x70, 0x2E, 0x78, 0x2C, 0x20, 0x66, 0x6F, 0x67, 0x50,
    0x61, 0x72, 0x61, 0x6D, 0x73, 0x2E, 0x77, 0x3B, 0x0D, 0x0A, 0x4D, 0x55, 0x4C, 0x20, 0x72, 0x65,
    0x73, 0x75, 0x6C, 0x74, 0x2E, 0x63, 0x6F, 0x6C, 0x6F, 0x72, 0x2E, 0x73, 0x65, 0x63, 0x6F, 0x6E,
    0x64, 0x61, 0x72, 0x79, 0x2E, 0x78, 0x2C, 0x20, 0x66, 0x6F, 0x67, 0x54, 0x65, 0x6D, 0x70, 0x2E,
    0x7A, 0x2C, 0x20, 0x66, 0x6F, 0x67, 0x54, 0x65, 0x6D, 0x70, 0x2E, 0x79, 0x3B, 0x0A, 0x52, 0x43,
    0x50, 0x20, 0x20, 0x20, 0x76, 0x52, 0x65, 0x67, 0x31, 0x30, 0x2E, 0x77, 0x2C, 0x20, 0x76, 0x52,
    0x65, 0x67, 0x31, 0x30, 0x2E, 0x77, 0x20, 0x20, 0x20, 0x20, 0x20, 0x20, 0x20, 0x20, 0x20, 0x20,
    0x20, 0x3B, 0x0A, 0x4D, 0x55, 0x4C, 0x20, 0x20, 0x20, 0x76, 0x52, 0x65, 0x67, 0x31, 0x30, 0x2E,
    0x78, 0x79, 0x7A, 0x2C, 0x20, 0x76, 0x52, 0x65, 0x67, 0x31, 0x30, 0x2C, 0x20, 0x2D, 0x76, 0x52,
    0x65, 0x67, 0x31, 0x30, 0x2E, 0x77, 0x20, 0x20, 0x20, 0x20, 0x3B, 0x0A, 0x4D, 0x4F, 0x56, 0x20,
    0x20, 0x20, 0x72, 0x65, 0x73, 0x75, 0x6C, 0x74, 0x2E, 0x74, 0x65, 0x78, 0x63, 0x6F, 0x6F, 0x72,
    0x64, 0x5B, 0x30, 0x5D, 0x2C, 0x20, 0x76, 0x54, 0x65, 0x78, 0x30, 0x3B, 0x0A, 0x4D, 0x4F, 0x56,
    0x20, 0x20, 0x20, 0x72, 0x65, 0x73, 0x75, 0x6C, 0x74, 0x2E, 0x63, 0x6F, 0x6C, 0x6F, 0x72, 0x2C,
    0x20, 0x70, 0x72, 0x6F, 0x67, 0x72, 0x61, 0x6D, 0x2E, 0x65, 0x6E, 0x76, 0x5B, 0x31, 0x35, 0x5D,
    0x2E, 0x78, 0x3B, 0x0A, 0x44, 0x50, 0x33, 0x20, 0x20, 0x20, 0x72, 0x65, 0x73, 0x75, 0x6C, 0x74,
    0x2E, 0x74, 0x65, 0x78, 0x63, 0x6F, 0x6F, 0x72, 0x64, 0x5B, 0x34, 0x5D, 0x2E, 0x78, 0x2C, 0x20,
    0x76, 0x52, 0x65, 0x67, 0x31, 0x30, 0x2C, 0x20, 0x70, 0x72, 0x6F, 0x67, 0x72, 0x61, 0x6D, 0x2E,
    0x65, 0x6E, 0x76, 0x5B, 0x39, 0x32, 0x5D, 0x3B, 0x0A, 0x44, 0x50, 0x33, 0x20, 0x20, 0x20, 0x72,
    0x65, 0x73, 0x75, 0x6C, 0x74, 0x2E, 0x74, 0x65, 0x78, 0x63, 0x6F, 0x6F, 0x72, 0x64, 0x5B, 0x34,
    0x5D, 0x2E, 0x79, 0x2C, 0x20, 0x76, 0x52, 0x65, 0x67, 0x31, 0x30, 0x2C, 0x20, 0x70, 0x72, 0x6F,
    0x67, 0x72, 0x61, 0x6D, 0x2E, 0x65, 0x6E, 0x76, 0x5B, 0x39, 0x31, 0x5D, 0x3B, 0x0A, 0x44, 0x50,
    0x33, 0x20, 0x20, 0x20, 0x72, 0x65, 0x73, 0x75, 0x6C, 0x74, 0x2E, 0x74, 0x65, 0x78, 0x63, 0x6F,
    0x6F, 0x72, 0x64, 0x5B, 0x34, 0x5D, 0x2E, 0x7A, 0x2C, 0x20, 0x76, 0x52, 0x65, 0x67, 0x31, 0x30,
    0x2C, 0x20, 0x70, 0x72, 0x6F, 0x67, 0x72, 0x61, 0x6D, 0x2E, 0x65, 0x6E, 0x76, 0x5B, 0x39, 0x30,
    0x5D, 0x3B, 0x0A, 0x45, 0x4E, 0x44,
};

static const unsigned char kShaderSource9[] = {
    0x21, 0x21, 0x41, 0x52, 0x42, 0x76, 0x70, 0x31, 0x2E, 0x30, 0x50, 0x41, 0x52, 0x41, 0x4D, 0x20,
    0x6D, 0x76, 0x4D, 0x61, 0x74, 0x72, 0x69, 0x78, 0x5B, 0x34, 0x5D, 0x20, 0x3D, 0x20, 0x7B, 0x20,
    0x73, 0x74, 0x61, 0x74, 0x65, 0x2E, 0x6D, 0x61, 0x74, 0x72, 0x69, 0x78, 0x2E, 0x6D, 0x6F, 0x64,
    0x65, 0x6C, 0x76, 0x69, 0x65, 0x77, 0x5B, 0x30, 0x5D, 0x20, 0x7D, 0x3B, 0x0A, 0x50, 0x41, 0x52,
    0x41, 0x4D, 0x20, 0x6D, 0x76, 0x70, 0x4D, 0x61, 0x74, 0x72, 0x69, 0x78, 0x5B, 0x34, 0x5D, 0x20,
    0x3D, 0x20, 0x7B, 0x20, 0x73, 0x74, 0x61, 0x74, 0x65, 0x2E, 0x6D, 0x61, 0x74, 0x72, 0x69, 0x78,
    0x2E, 0x6D, 0x76, 0x70, 0x20, 0x7D, 0x3B, 0x0A, 0x50, 0x41, 0x52, 0x41, 0x4D, 0x20, 0x66, 0x6F,
    0x67, 0x50, 0x61, 0x72, 0x61, 0x6D, 0x73, 0x20, 0x3D, 0x20, 0x73, 0x74, 0x61, 0x74, 0x65, 0x2E,
    0x66, 0x6F, 0x67, 0x2E, 0x70, 0x61, 0x72, 0x61, 0x6D, 0x73, 0x3B, 0x0A, 0x54, 0x45, 0x4D, 0x50,
    0x20, 0x76, 0x54, 0x65, 0x6D, 0x70, 0x3B, 0x0A, 0x54, 0x45, 0x4D, 0x50, 0x20, 0x76, 0x52, 0x65,
    0x67, 0x30, 0x2C, 0x20, 0x76, 0x52, 0x65, 0x67, 0x31, 0x2C, 0x20, 0x76, 0x52, 0x65, 0x67, 0x32,
    0x2C, 0x20, 0x76, 0x52, 0x65, 0x67, 0x33, 0x2C, 0x20, 0x76, 0x52, 0x65, 0x67, 0x34, 0x3B, 0x0A,
    0x54, 0x45, 0x4D, 0x50, 0x20, 0x76, 0x52, 0x65, 0x67, 0x31, 0x30, 0x3B, 0x0A, 0x54, 0x45, 0x4D,
    0x50, 0x20, 0x76, 0x4E, 0x6F, 0x72, 0x6D, 0x61, 0x6C, 0x57, 0x6F, 0x72, 0x6C, 0x64, 0x3B, 0x0A,
    0x54, 0x45, 0x4D, 0x50, 0x20, 0x66, 0x6F, 0x67, 0x54, 0x65, 0x6D, 0x70, 0x3B, 0x0A, 0x41, 0x4C,
    0x49, 0x41, 0x53, 0x20, 0x76, 0x46, 0x69, 0x6E, 0x61, 0x6C, 0x43, 0x6F, 0x6C, 0x6F, 0x75, 0x72,
    0x20, 0x3D, 0x20, 0x76, 0x54, 0x65, 0x6D, 0x70, 0x3B, 0x0A, 0x44, 0x50, 0x34, 0x20, 0x20, 0x20,
    0x72, 0x65, 0x73, 0x75, 0x6C, 0x74, 0x2E, 0x70, 0x6F, 0x73, 0x69, 0x74, 0x69, 0x6F, 0x6E, 0x2E,
    0x78, 0x2C, 0x20, 0x6D, 0x76, 0x70, 0x4D, 0x61, 0x74, 0x72, 0x69, 0x78, 0x5B, 0x30, 0x5D, 0x2C,
    0x20, 0x76, 0x65, 0x72, 0x74, 0x65, 0x78, 0x2E, 0x70, 0x6F, 0x73, 0x69, 0x74, 0x69, 0x6F, 0x6E,
    0x3B, 0x0A, 0x44, 0x50, 0x34, 0x20, 0x20, 0x20, 0x72, 0x65, 0x73, 0x75, 0x6C, 0x74, 0x2E, 0x70,
    0x6F, 0x73, 0x69, 0x74, 0x69, 0x6F, 0x6E, 0x2E, 0x79, 0x2C, 0x20, 0x6D, 0x76, 0x70, 0x4D, 0x61,
    0x74, 0x72, 0x69, 0x78, 0x5B, 0x31, 0x5D, 0x2C, 0x20, 0x76, 0x65, 0x72, 0x74, 0x65, 0x78, 0x2E,
    0x70, 0x6F, 0x73, 0x69, 0x74, 0x69, 0x6F, 0x6E, 0x3B, 0x0A, 0x44, 0x50, 0x34, 0x20, 0x20, 0x20,
    0x72, 0x65, 0x73, 0x75, 0x6C, 0x74, 0x2E, 0x70, 0x6F, 0x73, 0x69, 0x74, 0x69, 0x6F, 0x6E, 0x2E,
    0x7A, 0x2C, 0x20, 0x6D, 0x76, 0x70, 0x4D, 0x61, 0x74, 0x72, 0x69, 0x78, 0x5B, 0x32, 0x5D, 0x2C,
    0x20, 0x76, 0x65, 0x72, 0x74, 0x65, 0x78, 0x2E, 0x70, 0x6F, 0x73, 0x69, 0x74, 0x69, 0x6F, 0x6E,
    0x3B, 0x0A, 0x44, 0x50, 0x34, 0x20, 0x20, 0x20, 0x72, 0x65, 0x73, 0x75, 0x6C, 0x74, 0x2E, 0x70,
    0x6F, 0x73, 0x69, 0x74, 0x69, 0x6F, 0x6E, 0x2E, 0x77, 0x2C, 0x20, 0x6D, 0x76, 0x70, 0x4D, 0x61,
    0x74, 0x72, 0x69, 0x78, 0x5B, 0x33, 0x5D, 0x2C, 0x20, 0x76, 0x65, 0x72, 0x74, 0x65, 0x78, 0x2E,
    0x70, 0x6F, 0x73, 0x69, 0x74, 0x69, 0x6F, 0x6E, 0x3B, 0x0A, 0x44, 0x50, 0x34, 0x20, 0x20, 0x20,
    0x76, 0x52, 0x65, 0x67, 0x31, 0x30, 0x2E, 0x78, 0x2C, 0x20, 0x6D, 0x76, 0x4D, 0x61, 0x74, 0x72,
    0x69, 0x78, 0x5B, 0x30, 0x5D, 0x2C, 0x20, 0x76, 0x65, 0x72, 0x74, 0x65, 0x78, 0x2E, 0x70, 0x6F,
    0x73, 0x69, 0x74, 0x69, 0x6F, 0x6E, 0x3B, 0x0A, 0x44, 0x50, 0x34, 0x20, 0x20, 0x20, 0x76, 0x52,
    0x65, 0x67, 0x31, 0x30, 0x2E, 0x79, 0x2C, 0x20, 0x6D, 0x76, 0x4D, 0x61, 0x74, 0x72, 0x69, 0x78,
    0x5B, 0x31, 0x5D, 0x2C, 0x20, 0x76, 0x65, 0x72, 0x74, 0x65, 0x78, 0x2E, 0x70, 0x6F, 0x73, 0x69,
    0x74, 0x69, 0x6F, 0x6E, 0x3B, 0x0A, 0x44, 0x50, 0x34, 0x20, 0x20, 0x20, 0x76, 0x52, 0x65, 0x67,
    0x31, 0x30, 0x2E, 0x7A, 0x2C, 0x20, 0x6D, 0x76, 0x4D, 0x61, 0x74, 0x72, 0x69, 0x78, 0x5B, 0x32,
    0x5D, 0x2C, 0x20, 0x76, 0x65, 0x72, 0x74, 0x65, 0x78, 0x2E, 0x70, 0x6F, 0x73, 0x69, 0x74, 0x69,
    0x6F, 0x6E, 0x3B, 0x0A, 0x44, 0x50, 0x34, 0x20, 0x20, 0x20, 0x76, 0x52, 0x65, 0x67, 0x31, 0x30,
    0x2E, 0x77, 0x2C, 0x20, 0x6D, 0x76, 0x4D, 0x61, 0x74, 0x72, 0x69, 0x78, 0x5B, 0x33, 0x5D, 0x2C,
    0x20, 0x76, 0x65, 0x72, 0x74, 0x65, 0x78, 0x2E, 0x70, 0x6F, 0x73, 0x69, 0x74, 0x69, 0x6F, 0x6E,
    0x3B, 0x0A, 0x44, 0x50, 0x33, 0x20, 0x20, 0x20, 0x76, 0x4E, 0x6F, 0x72, 0x6D, 0x61, 0x6C, 0x57,
    0x6F, 0x72, 0x6C, 0x64, 0x2E, 0x78, 0x2C, 0x20, 0x6D, 0x76, 0x4D, 0x61, 0x74, 0x72, 0x69, 0x78,
    0x5B, 0x30, 0x5D, 0x2C, 0x20, 0x76, 0x65, 0x72, 0x74, 0x65, 0x78, 0x2E, 0x6E, 0x6F, 0x72, 0x6D,
    0x61, 0x6C, 0x3B, 0x0A, 0x44, 0x50, 0x33, 0x20, 0x20, 0x20, 0x76, 0x4E, 0x6F, 0x72, 0x6D, 0x61,
    0x6C, 0x57, 0x6F, 0x72, 0x6C, 0x64, 0x2E, 0x79, 0x2C, 0x20, 0x6D, 0x76, 0x4D, 0x61, 0x74, 0x72,
    0x69, 0x78, 0x5B, 0x31, 0x5D, 0x2C, 0x20, 0x76, 0x65, 0x72, 0x74, 0x65, 0x78, 0x2E, 0x6E, 0x6F,
    0x72, 0x6D, 0x61, 0x6C, 0x3B, 0x0A, 0x44, 0x50, 0x33, 0x20, 0x20, 0x20, 0x76, 0x4E, 0x6F, 0x72,
    0x6D, 0x61, 0x6C, 0x57, 0x6F, 0x72, 0x6C, 0x64, 0x2E, 0x7A, 0x2C, 0x20, 0x6D, 0x76, 0x4D, 0x61,
    0x74, 0x72, 0x69, 0x78, 0x5B, 0x32, 0x5D, 0x2C, 0x20, 0x76, 0x65, 0x72, 0x74, 0x65, 0x78, 0x2E,
    0x6E, 0x6F, 0x72, 0x6D, 0x61, 0x6C, 0x3B, 0x0A, 0x44, 0x50, 0x33, 0x09, 0x76, 0x52, 0x65, 0x67,
    0x30, 0x2E, 0x78, 0x2C, 0x20, 0x76, 0x52, 0x65, 0x67, 0x31, 0x30, 0x2C, 0x20, 0x76, 0x52, 0x65,
    0x67, 0x31, 0x30, 0x3B, 0x0A, 0x52, 0x53, 0x51, 0x09, 0x76, 0x52, 0x65, 0x67, 0x30, 0x2E, 0x78,
    0x2C, 0x20, 0x76, 0x52, 0x65, 0x67, 0x30, 0x2E, 0x78, 0x3B, 0x0A, 0x52, 0x43, 0x50, 0x09, 0x76,
    0x52, 0x65, 0x67, 0x30, 0x2E, 0x78, 0x2C, 0x20, 0x76, 0x52, 0x65, 0x67, 0x30, 0x2E, 0x78, 0x3B,
    0x0A, 0x4D, 0x4F, 0x56, 0x20, 0x72, 0x65, 0x73, 0x75, 0x6C, 0x74, 0x2E, 0x66, 0x6F, 0x67, 0x63,
    0x6F, 0x6F, 0x72, 0x64, 0x2C, 0x20, 0x76, 0x52, 0x65, 0x67, 0x30, 0x2E, 0x78, 0x3B, 0x0A, 0x41,
    0x44, 0x44, 0x20, 0x66, 0x6F, 0x67, 0x54, 0x65, 0x6D, 0x70, 0x2E, 0x78, 0x2C, 0x20, 0x2D, 0x66,
    0x6F, 0x67, 0x50, 0x61, 0x72, 0x61, 0x6D, 0x73, 0x2E, 0x79, 0x2C, 0x20, 0x76, 0x52, 0x65, 0x67,
    0x30, 0x2E, 0x78, 0x3B, 0x0A, 0x53, 0x4C, 0x54, 0x20, 0x66, 0x6F, 0x67, 0x54, 0x65, 0x6D, 0x70,
    0x2E, 0x79, 0x2C, 0x20, 0x30, 0x2E, 0x30, 0x2C, 0x20, 0x73, 0x74, 0x61, 0x74, 0x65, 0x2E, 0x66,
    0x6F, 0x67, 0x2E, 0x63, 0x6F, 0x6C, 0x6F, 0x72, 0x3B, 0x0A, 0x4D, 0x55, 0x4C, 0x20, 0x66, 0x6F,
    0x67, 0x54, 0x65, 0x6D, 0x70, 0x2E, 0x7A, 0x2C, 0x20, 0x66, 0x6F, 0x67, 0x54, 0x65, 0x6D, 0x70,
    0x2E, 0x78, 0x2C, 0x20, 0x66, 0x6F, 0x67, 0x50, 0x61, 0x72, 0x61, 0x6D, 0x73, 0x2E, 0x77, 0x3B,
    0x0A, 0x4D, 0x55, 0x4C, 0x20, 0x72, 0x65, 0x73, 0x75, 0x6C, 0x74, 0x2E, 0x63, 0x6F, 0x6C, 0x6F,
    0x72, 0x2E, 0x73, 0x65, 0x63, 0x6F, 0x6E, 0x64, 0x61, 0x72, 0x79, 0x2E, 0x78, 0x2C, 0x20, 0x66,
    0x6F, 0x67, 0x54, 0x65, 0x6D, 0x70, 0x2E, 0x7A, 0x2C, 0x20, 0x66, 0x6F, 0x67, 0x54, 0x65, 0x6D,
    0x70, 0x2E, 0x79, 0x3B, 0x0A, 0x44, 0x50, 0x33, 0x20, 0x20, 0x20, 0x76, 0x52, 0x65, 0x67, 0x30,
    0x2E, 0x78, 0x2C, 0x20, 0x76, 0x4E, 0x6F, 0x72, 0x6D, 0x61, 0x6C, 0x57, 0x6F, 0x72, 0x6C, 0x64,
    0x2C, 0x20, 0x2D, 0x76, 0x52, 0x65, 0x67, 0x31, 0x30, 0x3B, 0x0A, 0x4D, 0x55, 0x4C, 0x20, 0x20,
    0x20, 0x76, 0x52, 0x65, 0x67, 0x31, 0x2C, 0x20, 0x76, 0x52, 0x65, 0x67, 0x30, 0x2E, 0x78, 0x2C,
    0x20, 0x76, 0x4E, 0x6F, 0x72, 0x6D, 0x61, 0x6C, 0x57, 0x6F, 0x72, 0x6C, 0x64, 0x3B, 0x0A, 0x4D,
    0x55, 0x4C, 0x20, 0x20, 0x20, 0x76, 0x52, 0x65, 0x67, 0x32, 0x2C, 0x20, 0x76, 0x52, 0x65, 0x67,
    0x31, 0x2C, 0x20, 0x70, 0x72, 0x6F, 0x67, 0x72, 0x61, 0x6D, 0x2E, 0x65, 0x6E, 0x76, 0x5B, 0x31,
    0x36, 0x5D, 0x2E, 0x79, 0x3B, 0x0A, 0x41, 0x44, 0x44, 0x20, 0x20, 0x20, 0x76, 0x52, 0x65, 0x67,
    0x33, 0x2C, 0x20, 0x76, 0x52, 0x65, 0x67, 0x31, 0x30, 0x2C, 0x20, 0x76, 0x52, 0x65, 0x67, 0x32,
    0x3B, 0x0A, 0x44, 0x50, 0x33, 0x20, 0x20, 0x20, 0x76, 0x52, 0x65, 0x67, 0x33, 0x2E, 0x77, 0x2C,
    0x20, 0x76, 0x52, 0x65, 0x67, 0x33, 0x2C, 0x20, 0x76, 0x52, 0x65, 0x67, 0x33, 0x3B, 0x0A, 0x52,
    0x53, 0x51, 0x20, 0x20, 0x20, 0x76, 0x52, 0x65, 0x67, 0x33, 0x2E, 0x77, 0x2C, 0x20, 0x76, 0x52,
    0x65, 0x67, 0x33, 0x2E, 0x77, 0x3B, 0x0A, 0x4D, 0x55, 0x4C, 0x20, 0x20, 0x20, 0x76, 0x52, 0x65,
    0x67, 0x33, 0x2C, 0x20, 0x76, 0x52, 0x65, 0x67, 0x33, 0x2C, 0x20, 0x76, 0x52, 0x65, 0x67, 0x33,
    0x2E, 0x77, 0x3B, 0x0A, 0x44, 0x50, 0x33, 0x20, 0x20, 0x20, 0x76, 0x52, 0x65, 0x67, 0x34, 0x2E,
    0x78, 0x2C, 0x20, 0x70, 0x72, 0x6F, 0x67, 0x72, 0x61, 0x6D, 0x2E, 0x65, 0x6E, 0x76, 0x5B, 0x39,
    0x32, 0x5D, 0x2C, 0x20, 0x76, 0x52, 0x65, 0x67, 0x33, 0x3B, 0x0A, 0x44, 0x50, 0x33, 0x20, 0x20,
    0x20, 0x76, 0x52, 0x65, 0x67, 0x34, 0x2E, 0x79, 0x2C, 0x20, 0x70, 0x72, 0x6F, 0x67, 0x72, 0x61,
    0x6D, 0x2E, 0x65, 0x6E, 0x76, 0x5B, 0x39, 0x31, 0x5D, 0x2C, 0x20, 0x76, 0x52, 0x65, 0x67, 0x33,
    0x3B, 0x0A, 0x44, 0x50, 0x33, 0x20, 0x20, 0x20, 0x76, 0x52, 0x65, 0x67, 0x34, 0x2E, 0x7A, 0x2C,
    0x20, 0x70, 0x72, 0x6F, 0x67, 0x72, 0x61, 0x6D, 0x2E, 0x65, 0x6E, 0x76, 0x5B, 0x39, 0x30, 0x5D,
    0x2C, 0x20, 0x76, 0x52, 0x65, 0x67, 0x33, 0x3B, 0x0A, 0x4D, 0x4F, 0x56, 0x20, 0x20, 0x20, 0x76,
    0x52, 0x65, 0x67, 0x34, 0x2E, 0x77, 0x2C, 0x20, 0x70, 0x72, 0x6F, 0x67, 0x72, 0x61, 0x6D, 0x2E,
    0x65, 0x6E, 0x76, 0x5B, 0x31, 0x36, 0x5D, 0x2E, 0x77, 0x3B, 0x0A, 0x4D, 0x4F, 0x56, 0x20, 0x20,
    0x20, 0x72, 0x65, 0x73, 0x75, 0x6C, 0x74, 0x2E, 0x74, 0x65, 0x78, 0x63, 0x6F, 0x6F, 0x72, 0x64,
    0x5B, 0x30, 0x5D, 0x2C, 0x20, 0x76, 0x65, 0x72, 0x74, 0x65, 0x78, 0x2E, 0x74, 0x65, 0x78, 0x63,
    0x6F, 0x6F, 0x72, 0x64, 0x5B, 0x30, 0x5D, 0x3B, 0x0A, 0x4D, 0x4F, 0x56, 0x20, 0x20, 0x20, 0x72,
    0x65, 0x73, 0x75, 0x6C, 0x74, 0x2E, 0x74, 0x65, 0x78, 0x63, 0x6F, 0x6F, 0x72, 0x64, 0x5B, 0x31,
    0x5D, 0x2C, 0x20, 0x76, 0x52, 0x65, 0x67, 0x34, 0x3B, 0x0A, 0x4D, 0x4F, 0x56, 0x20, 0x20, 0x20,
    0x72, 0x65, 0x73, 0x75, 0x6C, 0x74, 0x2E, 0x74, 0x65, 0x78, 0x63, 0x6F, 0x6F, 0x72, 0x64, 0x5B,
    0x32, 0x5D, 0x2C, 0x20, 0x76, 0x65, 0x72, 0x74, 0x65, 0x78, 0x2E, 0x74, 0x65, 0x78, 0x63, 0x6F,
    0x6F, 0x72, 0x64, 0x5B, 0x32, 0x5D, 0x3B, 0x0A, 0x4D, 0x4F, 0x56, 0x20, 0x20, 0x20, 0x72, 0x65,
    0x73, 0x75, 0x6C, 0x74, 0x2E, 0x74, 0x65, 0x78, 0x63, 0x6F, 0x6F, 0x72, 0x64, 0x5B, 0x33, 0x5D,
    0x2C, 0x20, 0x76, 0x65, 0x72, 0x74, 0x65, 0x78, 0x2E, 0x74, 0x65, 0x78, 0x63, 0x6F, 0x6F, 0x72,
    0x64, 0x5B, 0x33, 0x5D, 0x3B, 0x0A, 0x4D, 0x4F, 0x56, 0x20, 0x72, 0x65, 0x73, 0x75, 0x6C, 0x74,
    0x2E, 0x63, 0x6F, 0x6C, 0x6F, 0x72, 0x2C, 0x20, 0x70, 0x72, 0x6F, 0x67, 0x72, 0x61, 0x6D, 0x2E,
    0x65, 0x6E, 0x76, 0x5B, 0x31, 0x35, 0x5D, 0x2E, 0x77, 0x77, 0x77, 0x7A, 0x3B, 0x0A, 0x4D, 0x4F,
    0x56, 0x20, 0x76, 0x46, 0x69, 0x6E, 0x61, 0x6C, 0x43, 0x6F, 0x6C, 0x6F, 0x75, 0x72, 0x2C, 0x20,
    0x70, 0x72, 0x6F, 0x67, 0x72, 0x61, 0x6D, 0x2E, 0x65, 0x6E, 0x76, 0x5B, 0x38, 0x39, 0x5D, 0x2E,
    0x78, 0x78, 0x78, 0x77, 0x3B, 0x0A, 0x44, 0x50, 0x34, 0x20, 0x76, 0x52, 0x65, 0x67, 0x30, 0x2E,
    0x78, 0x2C, 0x20, 0x76, 0x52, 0x65, 0x67, 0x31, 0x30, 0x2C, 0x20, 0x70, 0x72, 0x6F, 0x67, 0x72,
    0x61, 0x6D, 0x2E, 0x65, 0x6E, 0x76, 0x5B, 0x39, 0x32, 0x5D, 0x3B, 0x0A, 0x44, 0x50, 0x34, 0x20,
    0x76, 0x52, 0x65, 0x67, 0x30, 0x2E, 0x79, 0x2C, 0x20, 0x76, 0x52, 0x65, 0x67, 0x31, 0x30, 0x2C,
    0x20, 0x70, 0x72, 0x6F, 0x67, 0x72, 0x61, 0x6D, 0x2E, 0x65, 0x6E, 0x76, 0x5B, 0x39, 0x31, 0x5D,
    0x3B, 0x0A, 0x44, 0x50, 0x34, 0x20, 0x76, 0x52, 0x65, 0x67, 0x30, 0x2E, 0x7A, 0x2C, 0x20, 0x76,
    0x52, 0x65, 0x67, 0x31, 0x30, 0x2C, 0x20, 0x70, 0x72, 0x6F, 0x67, 0x72, 0x61, 0x6D, 0x2E, 0x65,
    0x6E, 0x76, 0x5B, 0x39, 0x30, 0x5D, 0x3B, 0x0A, 0x44, 0x50, 0x34, 0x20, 0x76, 0x52, 0x65, 0x67,
    0x30, 0x2E, 0x77, 0x2C, 0x20, 0x76, 0x52, 0x65, 0x67, 0x31, 0x30, 0x2C, 0x20, 0x70, 0x72, 0x6F,
    0x67, 0x72, 0x61, 0x6D, 0x2E, 0x65, 0x6E, 0x76, 0x5B, 0x38, 0x39, 0x5D, 0x3B, 0x0A, 0x4D, 0x4F,
    0x56, 0x20, 0x76, 0x52, 0x65, 0x67, 0x31, 0x30, 0x2C, 0x20, 0x76, 0x52, 0x65, 0x67, 0x30, 0x3B,
    0x0A, 0x44, 0x50, 0x33, 0x20, 0x76, 0x52, 0x65, 0x67, 0x30, 0x2E, 0x78, 0x2C, 0x20, 0x76, 0x4E,
    0x6F, 0x72, 0x6D, 0x61, 0x6C, 0x57, 0x6F, 0x72, 0x6C, 0x64, 0x2C, 0x20, 0x70, 0x72, 0x6F, 0x67,
    0x72, 0x61, 0x6D, 0x2E, 0x65, 0x6E, 0x76, 0x5B, 0x39, 0x32, 0x5D, 0x3B, 0x0A, 0x44, 0x50, 0x33,
    0x20, 0x76, 0x52, 0x65, 0x67, 0x30, 0x2E, 0x79, 0x2C, 0x20, 0x76, 0x4E, 0x6F, 0x72, 0x6D, 0x61,
    0x6C, 0x57, 0x6F, 0x72, 0x6C, 0x64, 0x2C, 0x20, 0x70, 0x72, 0x6F, 0x67, 0x72, 0x61, 0x6D, 0x2E,
    0x65, 0x6E, 0x76, 0x5B, 0x39, 0x31, 0x5D, 0x3B, 0x0A, 0x44, 0x50, 0x33, 0x20, 0x76, 0x52, 0x65,
    0x67, 0x30, 0x2E, 0x7A, 0x2C, 0x20, 0x76, 0x4E, 0x6F, 0x72, 0x6D, 0x61, 0x6C, 0x57, 0x6F, 0x72,
    0x6C, 0x64, 0x2C, 0x20, 0x70, 0x72, 0x6F, 0x67, 0x72, 0x61, 0x6D, 0x2E, 0x65, 0x6E, 0x76, 0x5B,
    0x39, 0x30, 0x5D, 0x3B, 0x0A, 0x4D, 0x4F, 0x56, 0x20, 0x76, 0x4E, 0x6F, 0x72, 0x6D, 0x61, 0x6C,
    0x57, 0x6F, 0x72, 0x6C, 0x64, 0x2C, 0x20, 0x76, 0x52, 0x65, 0x67, 0x30, 0x3B, 0x0A, 0x41, 0x44,
    0x44, 0x20, 0x76, 0x52, 0x65, 0x67, 0x30, 0x2C, 0x20, 0x2D, 0x76, 0x52, 0x65, 0x67, 0x31, 0x30,
    0x2C, 0x20, 0x70, 0x72, 0x6F, 0x67, 0x72, 0x61, 0x6D, 0x2E, 0x65, 0x6E, 0x76, 0x5B, 0x38, 0x37,
    0x5D, 0x3B, 0x0A, 0x44, 0x50, 0x33, 0x20, 0x76, 0x52, 0x65, 0x67, 0x30, 0x2E, 0x77, 0x2C, 0x20,
    0x76, 0x52, 0x65, 0x67, 0x30, 0x2C, 0x20, 0x76, 0x52, 0x65, 0x67, 0x30, 0x3B, 0x0A, 0x52, 0x53,
    0x51, 0x20, 0x76, 0x52, 0x65, 0x67, 0x31, 0x2E, 0x77, 0x2C, 0x20, 0x76, 0x52, 0x65, 0x67, 0x30,
    0x2E, 0x77, 0x3B, 0x0A, 0x4D, 0x55, 0x4C, 0x20, 0x76, 0x52, 0x65, 0x67, 0x32, 0x2C, 0x20, 0x76,
    0x52, 0x65, 0x67, 0x30, 0x2C, 0x20, 0x76, 0x52, 0x65, 0x67, 0x31, 0x2E, 0x77, 0x3B, 0x0A, 0x44,
    0x53, 0x54, 0x20, 0x76, 0x52, 0x65, 0x67, 0x33, 0x2C, 0x20, 0x76, 0x52, 0x65, 0x67, 0x30, 0x2E,
    0x77, 0x2C, 0x20, 0x76, 0x52, 0x65, 0x67, 0x31, 0x2E, 0x77, 0x3B, 0x0A, 0x44, 0x50, 0x33, 0x20,
    0x76, 0x52, 0x65, 0x67, 0x33, 0x2E, 0x77, 0x2C, 0x20, 0x76, 0x52, 0x65, 0x67, 0x33, 0x2C, 0x20,
    0x70, 0x72, 0x6F, 0x67, 0x72, 0x61, 0x6D, 0x2E, 0x65, 0x6E, 0x76, 0x5B, 0x38, 0x33, 0x5D, 0x3B,
    0x0A, 0x52, 0x43, 0x50, 0x20, 0x76, 0x52, 0x65, 0x67, 0x33, 0x2E, 0x77, 0x2C, 0x20, 0x76, 0x52,
    0x65, 0x67, 0x33, 0x2E, 0x77, 0x3B, 0x0A, 0x44, 0x50, 0x33, 0x20, 0x76, 0x52, 0x65, 0x67, 0x30,
    0x2E, 0x78, 0x2C, 0x20, 0x76, 0x4E, 0x6F, 0x72, 0x6D, 0x61, 0x6C, 0x57, 0x6F, 0x72, 0x6C, 0x64,
    0x2C, 0x20, 0x76, 0x52, 0x65, 0x67, 0x32, 0x3B, 0x0A, 0x4C, 0x49, 0x54, 0x20, 0x76, 0x52, 0x65,
    0x67, 0x30, 0x2C, 0x20, 0x76, 0x52, 0x65, 0x67, 0x30, 0x3B, 0x0A, 0x4D, 0x55, 0x4C, 0x20, 0x76,
    0x52, 0x65, 0x67, 0x30, 0x2C, 0x20, 0x76, 0x52, 0x65, 0x67, 0x30, 0x2C, 0x20, 0x76, 0x52, 0x65,
    0x67, 0x33, 0x2E, 0x77, 0x3B, 0x0A, 0x4D, 0x55, 0x4C, 0x20, 0x76, 0x52, 0x65, 0x67, 0x31, 0x2C,
    0x20, 0x76, 0x52, 0x65, 0x67, 0x30, 0x2E, 0x78, 0x2C, 0x20, 0x70, 0x72, 0x6F, 0x67, 0x72, 0x61,
    0x6D, 0x2E, 0x65, 0x6E, 0x76, 0x5B, 0x38, 0x36, 0x5D, 0x3B, 0x0A, 0x4D, 0x41, 0x44, 0x20, 0x76,
    0x46, 0x69, 0x6E, 0x61, 0x6C, 0x43, 0x6F, 0x6C, 0x6F, 0x75, 0x72, 0x2E, 0x78, 0x79, 0x7A, 0x77,
    0x2C, 0x20, 0x76, 0x52, 0x65, 0x67, 0x31, 0x2C, 0x20, 0x70, 0x72, 0x6F, 0x67, 0x72, 0x61, 0x6D,
    0x2E, 0x65, 0x6E, 0x76, 0x5B, 0x39, 0x35, 0x5D, 0x2C, 0x20, 0x76, 0x46, 0x69, 0x6E, 0x61, 0x6C,
    0x43, 0x6F, 0x6C, 0x6F, 0x75, 0x72, 0x3B, 0x0A, 0x4D, 0x55, 0x4C, 0x20, 0x76, 0x52, 0x65, 0x67,
    0x31, 0x2C, 0x20, 0x76, 0x52, 0x65, 0x67, 0x30, 0x2E, 0x79, 0x2C, 0x20, 0x70, 0x72, 0x6F, 0x67,
    0x72, 0x61, 0x6D, 0x2E, 0x65, 0x6E, 0x76, 0x5B, 0x38, 0x35, 0x5D, 0x3B, 0x0A, 0x4D, 0x41, 0x44,
    0x20, 0x76, 0x46, 0x69, 0x6E, 0x61, 0x6C, 0x43, 0x6F, 0x6C, 0x6F, 0x75, 0x72, 0x2E, 0x78, 0x79,
    0x7A, 0x77, 0x2C, 0x20, 0x76, 0x52, 0x65, 0x67, 0x31, 0x2C, 0x20, 0x70, 0x72, 0x6F, 0x67, 0x72,
    0x61, 0x6D, 0x2E, 0x65, 0x6E, 0x76, 0x5B, 0x39, 0x34, 0x5D, 0x2C, 0x20, 0x76, 0x46, 0x69, 0x6E,
    0x61, 0x6C, 0x43, 0x6F, 0x6C, 0x6F, 0x75, 0x72, 0x3B, 0x0A, 0x41, 0x44, 0x44, 0x20, 0x76, 0x52,
    0x65, 0x67, 0x30, 0x2C, 0x20, 0x2D, 0x76, 0x52, 0x65, 0x67, 0x31, 0x30, 0x2C, 0x20, 0x70, 0x72,
    0x6F, 0x67, 0x72, 0x61, 0x6D, 0x2E, 0x65, 0x6E, 0x76, 0x5B, 0x38, 0x32, 0x5D, 0x3B, 0x0A, 0x44,
    0x50, 0x33, 0x20, 0x76, 0x52, 0x65, 0x67, 0x30, 0x2E, 0x77, 0x2C, 0x20, 0x76, 0x52, 0x65, 0x67,
    0x30, 0x2C, 0x20, 0x76, 0x52, 0x65, 0x67, 0x30, 0x3B, 0x0A, 0x52, 0x53, 0x51, 0x20, 0x76, 0x52,
    0x65, 0x67, 0x31, 0x2E, 0x77, 0x2C, 0x20, 0x76, 0x52, 0x65, 0x67, 0x30, 0x2E, 0x77, 0x3B, 0x0A,
    0x4D, 0x55, 0x4C, 0x20, 0x76, 0x52, 0x65, 0x67, 0x32, 0x2C, 0x20, 0x76, 0x52, 0x65, 0x67, 0x30,
    0x2C, 0x20, 0x76, 0x52, 0x65, 0x67, 0x31, 0x2E, 0x77, 0x3B, 0x0A, 0x44, 0x53, 0x54, 0x20, 0x76,
    0x52, 0x65, 0x67, 0x33, 0x2C, 0x20, 0x76, 0x52, 0x65, 0x67, 0x30, 0x2E, 0x77, 0x2C, 0x20, 0x76,
    0x52, 0x65, 0x67, 0x31, 0x2E, 0x77, 0x3B, 0x0A, 0x44, 0x50, 0x33, 0x20, 0x76, 0x52, 0x65, 0x67,
    0x33, 0x2E, 0x77, 0x2C, 0x20, 0x76, 0x52, 0x65, 0x67, 0x33, 0x2C, 0x20, 0x70, 0x72, 0x6F, 0x67,
    0x72, 0x61, 0x6D, 0x2E, 0x65, 0x6E, 0x76, 0x5B, 0x37, 0x38, 0x5D, 0x3B, 0x0A, 0x52, 0x43, 0x50,
    0x20, 0x76, 0x52, 0x65, 0x67, 0x33, 0x2E, 0x77, 0x2C, 0x20, 0x76, 0x52, 0x65, 0x67, 0x33, 0x2E,
    0x77, 0x3B, 0x0A, 0x44, 0x50, 0x33, 0x20, 0x76, 0x52, 0x65, 0x67, 0x30, 0x2E, 0x78, 0x2C, 0x20,
    0x76, 0x4E, 0x6F, 0x72, 0x6D, 0x61, 0x6C, 0x57, 0x6F, 0x72, 0x6C, 0x64, 0x2C, 0x20, 0x76, 0x52,
    0x65, 0x67, 0x32, 0x3B, 0x0A, 0x4C, 0x49, 0x54, 0x20, 0x76, 0x52, 0x65, 0x67, 0x30, 0x2C, 0x20,
    0x76, 0x52, 0x65, 0x67, 0x30, 0x3B, 0x0A, 0x4D, 0x55, 0x4C, 0x20, 0x76, 0x52, 0x65, 0x67, 0x30,
    0x2C, 0x20, 0x76, 0x52, 0x65, 0x67, 0x30, 0x2C, 0x20, 0x76, 0x52, 0x65, 0x67, 0x33, 0x2E, 0x77,
    0x3B, 0x0A, 0x4D, 0x55, 0x4C, 0x20, 0x76, 0x52, 0x65, 0x67, 0x31, 0x2C, 0x20, 0x76, 0x52, 0x65,
    0x67, 0x30, 0x2E, 0x78, 0x2C, 0x20, 0x70, 0x72, 0x6F, 0x67, 0x72, 0x61, 0x6D, 0x2E, 0x65, 0x6E,
    0x76, 0x5B, 0x38, 0x31, 0x5D, 0x3B, 0x0A, 0x4D, 0x41, 0x44, 0x20, 0x76, 0x46, 0x69, 0x6E, 0x61,
    0x6C, 0x43, 0x6F, 0x6C, 0x6F, 0x75, 0x72, 0x2E, 0x78, 0x79, 0x7A, 0x77, 0x2C, 0x20, 0x76, 0x52,
    0x65, 0x67, 0x31, 0x2C, 0x20, 0x70, 0x72, 0x6F, 0x67, 0x72, 0x61, 0x6D, 0x2E, 0x65, 0x6E, 0x76,
    0x5B, 0x39, 0x35, 0x5D, 0x2C, 0x20, 0x76, 0x46, 0x69, 0x6E, 0x61, 0x6C, 0x43, 0x6F, 0x6C, 0x6F,
    0x75, 0x72, 0x3B, 0x0A, 0x4D, 0x55, 0x4C, 0x20, 0x76, 0x52, 0x65, 0x67, 0x31, 0x2C, 0x20, 0x76,
    0x52, 0x65, 0x67, 0x30, 0x2E, 0x79, 0x2C, 0x20, 0x70, 0x72, 0x6F, 0x67, 0x72, 0x61, 0x6D, 0x2E,
    0x65, 0x6E, 0x76, 0x5B, 0x38, 0x30, 0x5D, 0x3B, 0x0A, 0x4D, 0x41, 0x44, 0x20, 0x76, 0x46, 0x69,
    0x6E, 0x61, 0x6C, 0x43, 0x6F, 0x6C, 0x6F, 0x75, 0x72, 0x2E, 0x78, 0x79, 0x7A, 0x77, 0x2C, 0x20,
    0x76, 0x52, 0x65, 0x67, 0x31, 0x2C, 0x20, 0x70, 0x72, 0x6F, 0x67, 0x72, 0x61, 0x6D, 0x2E, 0x65,
    0x6E, 0x76, 0x5B, 0x39, 0x34, 0x5D, 0x2C, 0x20, 0x76, 0x46, 0x69, 0x6E, 0x61, 0x6C, 0x43, 0x6F,
    0x6C, 0x6F, 0x75, 0x72, 0x3B, 0x0A, 0x41, 0x44, 0x44, 0x20, 0x76, 0x52, 0x65, 0x67, 0x30, 0x2C,
    0x20, 0x2D, 0x76, 0x52, 0x65, 0x67, 0x31, 0x30, 0x2C, 0x20, 0x70, 0x72, 0x6F, 0x67, 0x72, 0x61,
    0x6D, 0x2E, 0x65, 0x6E, 0x76, 0x5B, 0x37, 0x37, 0x5D, 0x3B, 0x0A, 0x44, 0x50, 0x33, 0x20, 0x76,
    0x52, 0x65, 0x67, 0x30, 0x2E, 0x77, 0x2C, 0x20, 0x76, 0x52, 0x65, 0x67, 0x30, 0x2C, 0x20, 0x76,
    0x52, 0x65, 0x67, 0x30, 0x3B, 0x0A, 0x52, 0x53, 0x51, 0x20, 0x76, 0x52, 0x65, 0x67, 0x31, 0x2E,
    0x77, 0x2C, 0x20, 0x76, 0x52, 0x65, 0x67, 0x30, 0x2E, 0x77, 0x3B, 0x0A, 0x4D, 0x55, 0x4C, 0x20,
    0x76, 0x52, 0x65, 0x67, 0x32, 0x2C, 0x20, 0x76, 0x52, 0x65, 0x67, 0x30, 0x2C, 0x20, 0x76, 0x52,
    0x65, 0x67, 0x31, 0x2E, 0x77, 0x3B, 0x0A, 0x44, 0x53, 0x54, 0x20, 0x76, 0x52, 0x65, 0x67, 0x33,
    0x2C, 0x20, 0x76, 0x52, 0x65, 0x67, 0x30, 0x2E, 0x77, 0x2C, 0x20, 0x76, 0x52, 0x65, 0x67, 0x31,
    0x2E, 0x77, 0x3B, 0x0A, 0x44, 0x50, 0x33, 0x20, 0x76, 0x52, 0x65, 0x67, 0x33, 0x2E, 0x77, 0x2C,
    0x20, 0x76, 0x52, 0x65, 0x67, 0x33, 0x2C, 0x20, 0x70, 0x72, 0x6F, 0x67, 0x72, 0x61, 0x6D, 0x2E,
    0x65, 0x6E, 0x76, 0x5B, 0x37, 0x33, 0x5D, 0x3B, 0x0A, 0x52, 0x43, 0x50, 0x20, 0x76, 0x52, 0x65,
    0x67, 0x33, 0x2E, 0x77, 0x2C, 0x20, 0x76, 0x52, 0x65, 0x67, 0x33, 0x2E, 0x77, 0x3B, 0x0A, 0x44,
    0x50, 0x33, 0x20, 0x76, 0x52, 0x65, 0x67, 0x30, 0x2E, 0x78, 0x2C, 0x20, 0x76, 0x4E, 0x6F, 0x72,
    0x6D, 0x61, 0x6C, 0x57, 0x6F, 0x72, 0x6C, 0x64, 0x2C, 0x20, 0x76, 0x52, 0x65, 0x67, 0x32, 0x3B,
    0x0A, 0x4C, 0x49, 0x54, 0x20, 0x76, 0x52, 0x65, 0x67, 0x30, 0x2C, 0x20, 0x76, 0x52, 0x65, 0x67,
    0x30, 0x3B, 0x0A, 0x4D, 0x55, 0x4C, 0x20, 0x76, 0x52, 0x65, 0x67, 0x30, 0x2C, 0x20, 0x76, 0x52,
    0x65, 0x67, 0x30, 0x2C, 0x20, 0x76, 0x52, 0x65, 0x67, 0x33, 0x2E, 0x77, 0x3B, 0x0A, 0x4D, 0x55,
    0x4C, 0x20, 0x76, 0x52, 0x65, 0x67, 0x31, 0x2C, 0x20, 0x76, 0x52, 0x65, 0x67, 0x30, 0x2E, 0x78,
    0x2C, 0x20, 0x70, 0x72, 0x6F, 0x67, 0x72, 0x61, 0x6D, 0x2E, 0x65, 0x6E, 0x76, 0x5B, 0x37, 0x36,
    0x5D, 0x3B, 0x0A, 0x4D, 0x41, 0x44, 0x20, 0x76, 0x46, 0x69, 0x6E, 0x61, 0x6C, 0x43, 0x6F, 0x6C,
    0x6F, 0x75, 0x72, 0x2E, 0x78, 0x79, 0x7A, 0x77, 0x2C, 0x20, 0x76, 0x52, 0x65, 0x67, 0x31, 0x2C,
    0x20, 0x70, 0x72, 0x6F, 0x67, 0x72, 0x61, 0x6D, 0x2E, 0x65, 0x6E, 0x76, 0x5B, 0x39, 0x35, 0x5D,
    0x2C, 0x20, 0x76, 0x46, 0x69, 0x6E, 0x61, 0x6C, 0x43, 0x6F, 0x6C, 0x6F, 0x75, 0x72, 0x3B, 0x0A,
    0x4D, 0x55, 0x4C, 0x20, 0x76, 0x52, 0x65, 0x67, 0x31, 0x2C, 0x20, 0x76, 0x52, 0x65, 0x67, 0x30,
    0x2E, 0x79, 0x2C, 0x20, 0x70, 0x72, 0x6F, 0x67, 0x72, 0x61, 0x6D, 0x2E, 0x65, 0x6E, 0x76, 0x5B,
    0x37, 0x35, 0x5D, 0x3B, 0x0A, 0x4D, 0x41, 0x44, 0x20, 0x76, 0x46, 0x69, 0x6E, 0x61, 0x6C, 0x43,
    0x6F, 0x6C, 0x6F, 0x75, 0x72, 0x2E, 0x78, 0x79, 0x7A, 0x77, 0x2C, 0x20, 0x76, 0x52, 0x65, 0x67,
    0x31, 0x2C, 0x20, 0x70, 0x72, 0x6F, 0x67, 0x72, 0x61, 0x6D, 0x2E, 0x65, 0x6E, 0x76, 0x5B, 0x39,
    0x34, 0x5D, 0x2C, 0x20, 0x76, 0x46, 0x69, 0x6E, 0x61, 0x6C, 0x43, 0x6F, 0x6C, 0x6F, 0x75, 0x72,
    0x3B, 0x0A, 0x41, 0x44, 0x44, 0x20, 0x76, 0x52, 0x65, 0x67, 0x30, 0x2C, 0x20, 0x2D, 0x76, 0x52,
    0x65, 0x67, 0x31, 0x30, 0x2C, 0x20, 0x70, 0x72, 0x6F, 0x67, 0x72, 0x61, 0x6D, 0x2E, 0x65, 0x6E,
    0x76, 0x5B, 0x37, 0x32, 0x5D, 0x3B, 0x0A, 0x44, 0x50, 0x33, 0x20, 0x76, 0x52, 0x65, 0x67, 0x30,
    0x2E, 0x77, 0x2C, 0x20, 0x76, 0x52, 0x65, 0x67, 0x30, 0x2C, 0x20, 0x76, 0x52, 0x65, 0x67, 0x30,
    0x3B, 0x0A, 0x52, 0x53, 0x51, 0x20, 0x76, 0x52, 0x65, 0x67, 0x31, 0x2E, 0x77, 0x2C, 0x20, 0x76,
    0x52, 0x65, 0x67, 0x30, 0x2E, 0x77, 0x3B, 0x0A, 0x4D, 0x55, 0x4C, 0x20, 0x76, 0x52, 0x65, 0x67,
    0x32, 0x2C, 0x20, 0x76, 0x52, 0x65, 0x67, 0x30, 0x2C, 0x20, 0x76, 0x52, 0x65, 0x67, 0x31, 0x2E,
    0x77, 0x3B, 0x0A, 0x44, 0x53, 0x54, 0x20, 0x76, 0x52, 0x65, 0x67, 0x33, 0x2C, 0x20, 0x76, 0x52,
    0x65, 0x67, 0x30, 0x2E, 0x77, 0x2C, 0x20, 0x76, 0x52, 0x65, 0x67, 0x31, 0x2E, 0x77, 0x3B, 0x0A,
    0x44, 0x50, 0x33, 0x20, 0x76, 0x52, 0x65, 0x67, 0x33, 0x2E, 0x77, 0x2C, 0x20, 0x76, 0x52, 0x65,
    0x67, 0x33, 0x2C, 0x20, 0x70, 0x72, 0x6F, 0x67, 0x72, 0x61, 0x6D, 0x2E, 0x65, 0x6E, 0x76, 0x5B,
    0x36, 0x38, 0x5D, 0x3B, 0x0A, 0x52, 0x43, 0x50, 0x20, 0x76, 0x52, 0x65, 0x67, 0x33, 0x2E, 0x77,
    0x2C, 0x20, 0x76, 0x52, 0x65, 0x67, 0x33, 0x2E, 0x77, 0x3B, 0x0A, 0x44, 0x50, 0x33, 0x20, 0x76,
    0x52, 0x65, 0x67, 0x30, 0x2E, 0x78, 0x2C, 0x20, 0x76, 0x4E, 0x6F, 0x72, 0x6D, 0x61, 0x6C, 0x57,
    0x6F, 0x72, 0x6C, 0x64, 0x2C, 0x20, 0x76, 0x52, 0x65, 0x67, 0x32, 0x3B, 0x0A, 0x4C, 0x49, 0x54,
    0x20, 0x76, 0x52, 0x65, 0x67, 0x30, 0x2C, 0x20, 0x76, 0x52, 0x65, 0x67, 0x30, 0x3B, 0x0A, 0x4D,
    0x55, 0x4C, 0x20, 0x76, 0x52, 0x65, 0x67, 0x30, 0x2C, 0x20, 0x76, 0x52, 0x65, 0x67, 0x30, 0x2C,
    0x20, 0x76, 0x52, 0x65, 0x67, 0x33, 0x2E, 0x77, 0x3B, 0x0A, 0x4D, 0x55, 0x4C, 0x20, 0x76, 0x52,
    0x65, 0x67, 0x31, 0x2C, 0x20, 0x76, 0x52, 0x65, 0x67, 0x30, 0x2E, 0x78, 0x2C, 0x20, 0x70, 0x72,
    0x6F, 0x67, 0x72, 0x61, 0x6D, 0x2E, 0x65, 0x6E, 0x76, 0x5B, 0x37, 0x31, 0x5D, 0x3B, 0x0A, 0x4D,
    0x41, 0x44, 0x20, 0x76, 0x46, 0x69, 0x6E, 0x61, 0x6C, 0x43, 0x6F, 0x6C, 0x6F, 0x75, 0x72, 0x2E,
    0x78, 0x79, 0x7A, 0x77, 0x2C, 0x20, 0x76, 0x52, 0x65, 0x67, 0x31, 0x2C, 0x20, 0x70, 0x72, 0x6F,
    0x67, 0x72, 0x61, 0x6D, 0x2E, 0x65, 0x6E, 0x76, 0x5B, 0x39, 0x35, 0x5D, 0x2C, 0x20, 0x76, 0x46,
    0x69, 0x6E, 0x61, 0x6C, 0x43, 0x6F, 0x6C, 0x6F, 0x75, 0x72, 0x3B, 0x0A, 0x4D, 0x55, 0x4C, 0x20,
    0x76, 0x52, 0x65, 0x67, 0x31, 0x2C, 0x20, 0x76, 0x52, 0x65, 0x67, 0x30, 0x2E, 0x79, 0x2C, 0x20,
    0x70, 0x72, 0x6F, 0x67, 0x72, 0x61, 0x6D, 0x2E, 0x65, 0x6E, 0x76, 0x5B, 0x37, 0x30, 0x5D, 0x3B,
    0x0A, 0x4D, 0x41, 0x44, 0x20, 0x76, 0x46, 0x69, 0x6E, 0x61, 0x6C, 0x43, 0x6F, 0x6C, 0x6F, 0x75,
    0x72, 0x2E, 0x78, 0x79, 0x7A, 0x77, 0x2C, 0x20, 0x76, 0x52, 0x65, 0x67, 0x31, 0x2C, 0x20, 0x70,
    0x72, 0x6F, 0x67, 0x72, 0x61, 0x6D, 0x2E, 0x65, 0x6E, 0x76, 0x5B, 0x39, 0x34, 0x5D, 0x2C, 0x20,
    0x76, 0x46, 0x69, 0x6E, 0x61, 0x6C, 0x43, 0x6F, 0x6C, 0x6F, 0x75, 0x72, 0x3B, 0x0A, 0x41, 0x44,
    0x44, 0x20, 0x76, 0x52, 0x65, 0x67, 0x30, 0x2C, 0x20, 0x2D, 0x76, 0x52, 0x65, 0x67, 0x31, 0x30,
    0x2C, 0x20, 0x70, 0x72, 0x6F, 0x67, 0x72, 0x61, 0x6D, 0x2E, 0x65, 0x6E, 0x76, 0x5B, 0x36, 0x37,
    0x5D, 0x3B, 0x0A, 0x44, 0x50, 0x33, 0x20, 0x76, 0x52, 0x65, 0x67, 0x30, 0x2E, 0x77, 0x2C, 0x20,
    0x76, 0x52, 0x65, 0x67, 0x30, 0x2C, 0x20, 0x76, 0x52, 0x65, 0x67, 0x30, 0x3B, 0x0A, 0x52, 0x53,
    0x51, 0x20, 0x76, 0x52, 0x65, 0x67, 0x31, 0x2E, 0x77, 0x2C, 0x20, 0x76, 0x52, 0x65, 0x67, 0x30,
    0x2E, 0x77, 0x3B, 0x0A, 0x4D, 0x55, 0x4C, 0x20, 0x76, 0x52, 0x65, 0x67, 0x32, 0x2C, 0x20, 0x76,
    0x52, 0x65, 0x67, 0x30, 0x2C, 0x20, 0x76, 0x52, 0x65, 0x67, 0x31, 0x2E, 0x77, 0x3B, 0x0A, 0x44,
    0x53, 0x54, 0x20, 0x76, 0x52, 0x65, 0x67, 0x33, 0x2C, 0x20, 0x76, 0x52, 0x65, 0x67, 0x30, 0x2E,
    0x77, 0x2C, 0x20, 0x76, 0x52, 0x65, 0x67, 0x31, 0x2E, 0x77, 0x3B, 0x0A, 0x44, 0x50, 0x33, 0x20,
    0x76, 0x52, 0x65, 0x67, 0x33, 0x2E, 0x77, 0x2C, 0x20, 0x76, 0x52, 0x65, 0x67, 0x33, 0x2C, 0x20,
    0x70, 0x72, 0x6F, 0x67, 0x72, 0x61, 0x6D, 0x2E, 0x65, 0x6E, 0x76, 0x5B, 0x36, 0x33, 0x5D, 0x3B,
    0x0A, 0x52, 0x43, 0x50, 0x20, 0x76, 0x52, 0x65, 0x67, 0x33, 0x2E, 0x77, 0x2C, 0x20, 0x76, 0x52,
    0x65, 0x67, 0x33, 0x2E, 0x77, 0x3B, 0x0A, 0x44, 0x50, 0x33, 0x20, 0x76, 0x52, 0x65, 0x67, 0x30,
    0x2E, 0x78, 0x2C, 0x20, 0x76, 0x4E, 0x6F, 0x72, 0x6D, 0x61, 0x6C, 0x57, 0x6F, 0x72, 0x6C, 0x64,
    0x2C, 0x20, 0x76, 0x52, 0x65, 0x67, 0x32, 0x3B, 0x0A, 0x4C, 0x49, 0x54, 0x20, 0x76, 0x52, 0x65,
    0x67, 0x30, 0x2C, 0x20, 0x76, 0x52, 0x65, 0x67, 0x30, 0x3B, 0x0A, 0x4D, 0x55, 0x4C, 0x20, 0x76,
    0x52, 0x65, 0x67, 0x30, 0x2C, 0x20, 0x76, 0x52, 0x65, 0x67, 0x30, 0x2C, 0x20, 0x76, 0x52, 0x65,
    0x67, 0x33, 0x2E, 0x77, 0x3B, 0x0A, 0x4D, 0x55, 0x4C, 0x20, 0x76, 0x52, 0x65, 0x67, 0x31, 0x2C,
    0x20, 0x76, 0x52, 0x65, 0x67, 0x30, 0x2E, 0x78, 0x2C, 0x20, 0x70, 0x72, 0x6F, 0x67, 0x72, 0x61,
    0x6D, 0x2E, 0x65, 0x6E, 0x76, 0x5B, 0x36, 0x36, 0x5D, 0x3B, 0x0A, 0x4D, 0x41, 0x44, 0x20, 0x76,
    0x46, 0x69, 0x6E, 0x61, 0x6C, 0x43, 0x6F, 0x6C, 0x6F, 0x75, 0x72, 0x2E, 0x78, 0x79, 0x7A, 0x77,
    0x2C, 0x20, 0x76, 0x52, 0x65, 0x67, 0x31, 0x2C, 0x20, 0x70, 0x72, 0x6F, 0x67, 0x72, 0x61, 0x6D,
    0x2E, 0x65, 0x6E, 0x76, 0x5B, 0x39, 0x35, 0x5D, 0x2C, 0x20, 0x76, 0x46, 0x69, 0x6E, 0x61, 0x6C,
    0x43, 0x6F, 0x6C, 0x6F, 0x75, 0x72, 0x3B, 0x0A, 0x4D, 0x55, 0x4C, 0x20, 0x76, 0x52, 0x65, 0x67,
    0x31, 0x2C, 0x20, 0x76, 0x52, 0x65, 0x67, 0x30, 0x2E, 0x79, 0x2C, 0x20, 0x70, 0x72, 0x6F, 0x67,
    0x72, 0x61, 0x6D, 0x2E, 0x65, 0x6E, 0x76, 0x5B, 0x36, 0x35, 0x5D, 0x3B, 0x0A, 0x4D, 0x41, 0x44,
    0x20, 0x76, 0x46, 0x69, 0x6E, 0x61, 0x6C, 0x43, 0x6F, 0x6C, 0x6F, 0x75, 0x72, 0x2E, 0x78, 0x79,
    0x7A, 0x77, 0x2C, 0x20, 0x76, 0x52, 0x65, 0x67, 0x31, 0x2C, 0x20, 0x70, 0x72, 0x6F, 0x67, 0x72,
    0x61, 0x6D, 0x2E, 0x65, 0x6E, 0x76, 0x5B, 0x39, 0x34, 0x5D, 0x2C, 0x20, 0x76, 0x46, 0x69, 0x6E,
    0x61, 0x6C, 0x43, 0x6F, 0x6C, 0x6F, 0x75, 0x72, 0x3B, 0x0A, 0x41, 0x44, 0x44, 0x20, 0x76, 0x52,
    0x65, 0x67, 0x30, 0x2C, 0x20, 0x2D, 0x76, 0x52, 0x65, 0x67, 0x31, 0x30, 0x2C, 0x20, 0x70, 0x72,
    0x6F, 0x67, 0x72, 0x61, 0x6D, 0x2E, 0x65, 0x6E, 0x76, 0x5B, 0x36, 0x32, 0x5D, 0x3B, 0x0A, 0x44,
    0x50, 0x33, 0x20, 0x76, 0x52, 0x65, 0x67, 0x30, 0x2E, 0x77, 0x2C, 0x20, 0x76, 0x52, 0x65, 0x67,
    0x30, 0x2C, 0x20, 0x76, 0x52, 0x65, 0x67, 0x30, 0x3B, 0x0A, 0x52, 0x53, 0x51, 0x20, 0x76, 0x52,
    0x65, 0x67, 0x31, 0x2E, 0x77, 0x2C, 0x20, 0x76, 0x52, 0x65, 0x67, 0x30, 0x2E, 0x77, 0x3B, 0x0A,
    0x4D, 0x55, 0x4C, 0x20, 0x76, 0x52, 0x65, 0x67, 0x32, 0x2C, 0x20, 0x76, 0x52, 0x65, 0x67, 0x30,
    0x2C, 0x20, 0x76, 0x52, 0x65, 0x67, 0x31, 0x2E, 0x77, 0x3B, 0x0A, 0x44, 0x53, 0x54, 0x20, 0x76,
    0x52, 0x65, 0x67, 0x33, 0x2C, 0x20, 0x76, 0x52, 0x65, 0x67, 0x30, 0x2E, 0x77, 0x2C, 0x20, 0x76,
    0x52, 0x65, 0x67, 0x31, 0x2E, 0x77, 0x3B, 0x0A, 0x44, 0x50, 0x33, 0x20, 0x76, 0x52, 0x65, 0x67,
    0x33, 0x2E, 0x77, 0x2C, 0x20, 0x76, 0x52, 0x65, 0x67, 0x33, 0x2C, 0x20, 0x70, 0x72, 0x6F, 0x67,
    0x72, 0x61, 0x6D, 0x2E, 0x65, 0x6E, 0x76, 0x5B, 0x35, 0x38, 0x5D, 0x3B, 0x0A, 0x52, 0x43, 0x50,
    0x20, 0x76, 0x52, 0x65, 0x67, 0x33, 0x2E, 0x77, 0x2C, 0x20, 0x76, 0x52, 0x65, 0x67, 0x33, 0x2E,
    0x77, 0x3B, 0x0A, 0x44, 0x50, 0x33, 0x20, 0x76, 0x52, 0x65, 0x67, 0x30, 0x2E, 0x78, 0x2C, 0x20,
    0x76, 0x4E, 0x6F, 0x72, 0x6D, 0x61, 0x6C, 0x57, 0x6F, 0x72, 0x6C, 0x64, 0x2C, 0x20, 0x76, 0x52,
    0x65, 0x67, 0x32, 0x3B, 0x0A, 0x4C, 0x49, 0x54, 0x20, 0x76, 0x52, 0x65, 0x67, 0x30, 0x2C, 0x20,
    0x76, 0x52, 0x65, 0x67, 0x30, 0x3B, 0x0A, 0x4D, 0x55, 0x4C, 0x20, 0x76, 0x52, 0x65, 0x67, 0x30,
    0x2C, 0x20, 0x76, 0x52, 0x65, 0x67, 0x30, 0x2C, 0x20, 0x76, 0x52, 0x65, 0x67, 0x33, 0x2E, 0x77,
    0x3B, 0x0A, 0x4D, 0x55, 0x4C, 0x20, 0x76, 0x52, 0x65, 0x67, 0x31, 0x2C, 0x20, 0x76, 0x52, 0x65,
    0x67, 0x30, 0x2E, 0x78, 0x2C, 0x20, 0x70, 0x72, 0x6F, 0x67, 0x72, 0x61, 0x6D, 0x2E, 0x65, 0x6E,
    0x76, 0x5B, 0x36, 0x31, 0x5D, 0x3B, 0x0A, 0x4D, 0x41, 0x44, 0x20, 0x76, 0x46, 0x69, 0x6E, 0x61,
    0x6C, 0x43, 0x6F, 0x6C, 0x6F, 0x75, 0x72, 0x2E, 0x78, 0x79, 0x7A, 0x77, 0x2C, 0x20, 0x76, 0x52,
    0x65, 0x67, 0x31, 0x2C, 0x20, 0x70, 0x72, 0x6F, 0x67, 0x72, 0x61, 0x6D, 0x2E, 0x65, 0x6E, 0x76,
    0x5B, 0x39, 0x35, 0x5D, 0x2C, 0x20, 0x76, 0x46, 0x69, 0x6E, 0x61, 0x6C, 0x43, 0x6F, 0x6C, 0x6F,
    0x75, 0x72, 0x3B, 0x0A, 0x4D, 0x55, 0x4C, 0x20, 0x76, 0x52, 0x65, 0x67, 0x31, 0x2C, 0x20, 0x76,
    0x52, 0x65, 0x67, 0x30, 0x2E, 0x79, 0x2C, 0x20, 0x70, 0x72, 0x6F, 0x67, 0x72, 0x61, 0x6D, 0x2E,
    0x65, 0x6E, 0x76, 0x5B, 0x36, 0x30, 0x5D, 0x3B, 0x0A, 0x4D, 0x41, 0x44, 0x20, 0x76, 0x46, 0x69,
    0x6E, 0x61, 0x6C, 0x43, 0x6F, 0x6C, 0x6F, 0x75, 0x72, 0x2E, 0x78, 0x79, 0x7A, 0x77, 0x2C, 0x20,
    0x76, 0x52, 0x65, 0x67, 0x31, 0x2C, 0x20, 0x70, 0x72, 0x6F, 0x67, 0x72, 0x61, 0x6D, 0x2E, 0x65,
    0x6E, 0x76, 0x5B, 0x39, 0x34, 0x5D, 0x2C, 0x20, 0x76, 0x46, 0x69, 0x6E, 0x61, 0x6C, 0x43, 0x6F,
    0x6C, 0x6F, 0x75, 0x72, 0x3B, 0x0A, 0x41, 0x44, 0x44, 0x20, 0x76, 0x52, 0x65, 0x67, 0x30, 0x2C,
    0x20, 0x2D, 0x76, 0x52, 0x65, 0x67, 0x31, 0x30, 0x2C, 0x20, 0x70, 0x72, 0x6F, 0x67, 0x72, 0x61,
    0x6D, 0x2E, 0x65, 0x6E, 0x76, 0x5B, 0x35, 0x37, 0x5D, 0x3B, 0x0A, 0x44, 0x50, 0x33, 0x20, 0x76,
    0x52, 0x65, 0x67, 0x30, 0x2E, 0x77, 0x2C, 0x20, 0x76, 0x52, 0x65, 0x67, 0x30, 0x2C, 0x20, 0x76,
    0x52, 0x65, 0x67, 0x30, 0x3B, 0x0A, 0x52, 0x53, 0x51, 0x20, 0x76, 0x52, 0x65, 0x67, 0x31, 0x2E,
    0x77, 0x2C, 0x20, 0x76, 0x52, 0x65, 0x67, 0x30, 0x2E, 0x77, 0x3B, 0x0A, 0x4D, 0x55, 0x4C, 0x20,
    0x76, 0x52, 0x65, 0x67, 0x32, 0x2C, 0x20, 0x76, 0x52, 0x65, 0x67, 0x30, 0x2C, 0x20, 0x76, 0x52,
    0x65, 0x67, 0x31, 0x2E, 0x77, 0x3B, 0x0A, 0x44, 0x53, 0x54, 0x20, 0x76, 0x52, 0x65, 0x67, 0x33,
    0x2C, 0x20, 0x76, 0x52, 0x65, 0x67, 0x30, 0x2E, 0x77, 0x2C, 0x20, 0x76, 0x52, 0x65, 0x67, 0x31,
    0x2E, 0x77, 0x3B, 0x0A, 0x44, 0x50, 0x33, 0x20, 0x76, 0x52, 0x65, 0x67, 0x33, 0x2E, 0x77, 0x2C,
    0x20, 0x76, 0x52, 0x65, 0x67, 0x33, 0x2C, 0x20, 0x70, 0x72, 0x6F, 0x67, 0x72, 0x61, 0x6D, 0x2E,
    0x65, 0x6E, 0x76, 0x5B, 0x35, 0x33, 0x5D, 0x3B, 0x0A, 0x52, 0x43, 0x50, 0x20, 0x76, 0x52, 0x65,
    0x67, 0x33, 0x2E, 0x77, 0x2C, 0x20, 0x76, 0x52, 0x65, 0x67, 0x33, 0x2E, 0x77, 0x3B, 0x0A, 0x44,
    0x50, 0x33, 0x20, 0x76, 0x52, 0x65, 0x67, 0x30, 0x2E, 0x78, 0x2C, 0x20, 0x76, 0x4E, 0x6F, 0x72,
    0x6D, 0x61, 0x6C, 0x57, 0x6F, 0x72, 0x6C, 0x64, 0x2C, 0x20, 0x76, 0x52, 0x65, 0x67, 0x32, 0x3B,
    0x0A, 0x4C, 0x49, 0x54, 0x20, 0x76, 0x52, 0x65, 0x67, 0x30, 0x2C, 0x20, 0x76, 0x52, 0x65, 0x67,
    0x30, 0x3B, 0x0A, 0x4D, 0x55, 0x4C, 0x20, 0x76, 0x52, 0x65, 0x67, 0x30, 0x2C, 0x20, 0x76, 0x52,
    0x65, 0x67, 0x30, 0x2C, 0x20, 0x76, 0x52, 0x65, 0x67, 0x33, 0x2E, 0x77, 0x3B, 0x0A, 0x4D, 0x55,
    0x4C, 0x20, 0x76, 0x52, 0x65, 0x67, 0x31, 0x2C, 0x20, 0x76, 0x52, 0x65, 0x67, 0x30, 0x2E, 0x78,
    0x2C, 0x20, 0x70, 0x72, 0x6F, 0x67, 0x72, 0x61, 0x6D, 0x2E, 0x65, 0x6E, 0x76, 0x5B, 0x35, 0x36,
    0x5D, 0x3B, 0x0A, 0x4D, 0x41, 0x44, 0x20, 0x76, 0x46, 0x69, 0x6E, 0x61, 0x6C, 0x43, 0x6F, 0x6C,
    0x6F, 0x75, 0x72, 0x2E, 0x78, 0x79, 0x7A, 0x77, 0x2C, 0x20, 0x76, 0x52, 0x65, 0x67, 0x31, 0x2C,
    0x20, 0x70, 0x72, 0x6F, 0x67, 0x72, 0x61, 0x6D, 0x2E, 0x65, 0x6E, 0x76, 0x5B, 0x39, 0x35, 0x5D,
    0x2C, 0x20, 0x76, 0x46, 0x69, 0x6E, 0x61, 0x6C, 0x43, 0x6F, 0x6C, 0x6F, 0x75, 0x72, 0x3B, 0x0A,
    0x4D, 0x55, 0x4C, 0x20, 0x76, 0x52, 0x65, 0x67, 0x31, 0x2C, 0x20, 0x76, 0x52, 0x65, 0x67, 0x30,
    0x2E, 0x79, 0x2C, 0x20, 0x70, 0x72, 0x6F, 0x67, 0x72, 0x61, 0x6D, 0x2E, 0x65, 0x6E, 0x76, 0x5B,
    0x35, 0x35, 0x5D, 0x3B, 0x0A, 0x4D, 0x41, 0x44, 0x20, 0x76, 0x46, 0x69, 0x6E, 0x61, 0x6C, 0x43,
    0x6F, 0x6C, 0x6F, 0x75, 0x72, 0x2E, 0x78, 0x79, 0x7A, 0x77, 0x2C, 0x20, 0x76, 0x52, 0x65, 0x67,
    0x31, 0x2C, 0x20, 0x70, 0x72, 0x6F, 0x67, 0x72, 0x61, 0x6D, 0x2E, 0x65, 0x6E, 0x76, 0x5B, 0x39,
    0x34, 0x5D, 0x2C, 0x20, 0x76, 0x46, 0x69, 0x6E, 0x61, 0x6C, 0x43, 0x6F, 0x6C, 0x6F, 0x75, 0x72,
    0x3B, 0x0A, 0x41, 0x44, 0x44, 0x20, 0x76, 0x52, 0x65, 0x67, 0x30, 0x2C, 0x20, 0x2D, 0x76, 0x52,
    0x65, 0x67, 0x31, 0x30, 0x2C, 0x20, 0x70, 0x72, 0x6F, 0x67, 0x72, 0x61, 0x6D, 0x2E, 0x65, 0x6E,
    0x76, 0x5B, 0x35, 0x32, 0x5D, 0x3B, 0x0A, 0x44, 0x50, 0x33, 0x20, 0x76, 0x52, 0x65, 0x67, 0x30,
    0x2E, 0x77, 0x2C, 0x20, 0x76, 0x52, 0x65, 0x67, 0x30, 0x2C, 0x20, 0x76, 0x52, 0x65, 0x67, 0x30,
    0x3B, 0x0A, 0x52, 0x53, 0x51, 0x20, 0x76, 0x52, 0x65, 0x67, 0x31, 0x2E, 0x77, 0x2C, 0x20, 0x76,
    0x52, 0x65, 0x67, 0x30, 0x2E, 0x77, 0x3B, 0x0A, 0x4D, 0x55, 0x4C, 0x20, 0x76, 0x52, 0x65, 0x67,
    0x32, 0x2C, 0x20, 0x76, 0x52, 0x65, 0x67, 0x30, 0x2C, 0x20, 0x76, 0x52, 0x65, 0x67, 0x31, 0x2E,
    0x77, 0x3B, 0x0A, 0x44, 0x53, 0x54, 0x20, 0x76, 0x52, 0x65, 0x67, 0x33, 0x2C, 0x20, 0x76, 0x52,
    0x65, 0x67, 0x30, 0x2E, 0x77, 0x2C, 0x20, 0x76, 0x52, 0x65, 0x67, 0x31, 0x2E, 0x77, 0x3B, 0x0A,
    0x44, 0x50, 0x33, 0x20, 0x76, 0x52, 0x65, 0x67, 0x33, 0x2E, 0x77, 0x2C, 0x20, 0x76, 0x52, 0x65,
    0x67, 0x33, 0x2C, 0x20, 0x70, 0x72, 0x6F, 0x67, 0x72, 0x61, 0x6D, 0x2E, 0x65, 0x6E, 0x76, 0x5B,
    0x34, 0x38, 0x5D, 0x3B, 0x0A, 0x52, 0x43, 0x50, 0x20, 0x76, 0x52, 0x65, 0x67, 0x33, 0x2E, 0x77,
    0x2C, 0x20, 0x76, 0x52, 0x65, 0x67, 0x33, 0x2E, 0x77, 0x3B, 0x0A, 0x44, 0x50, 0x33, 0x20, 0x76,
    0x52, 0x65, 0x67, 0x30, 0x2E, 0x78, 0x2C, 0x20, 0x76, 0x4E, 0x6F, 0x72, 0x6D, 0x61, 0x6C, 0x57,
    0x6F, 0x72, 0x6C, 0x64, 0x2C, 0x20, 0x76, 0x52, 0x65, 0x67, 0x32, 0x3B, 0x0A, 0x4C, 0x49, 0x54,
    0x20, 0x76, 0x52, 0x65, 0x67, 0x30, 0x2C, 0x20, 0x76, 0x52, 0x65, 0x67, 0x30, 0x3B, 0x0A, 0x4D,
    0x55, 0x4C, 0x20, 0x76, 0x52, 0x65, 0x67, 0x30, 0x2C, 0x20, 0x76, 0x52, 0x65, 0x67, 0x30, 0x2C,
    0x20, 0x76, 0x52, 0x65, 0x67, 0x33, 0x2E, 0x77, 0x3B, 0x0A, 0x4D, 0x55, 0x4C, 0x20, 0x76, 0x52,
    0x65, 0x67, 0x31, 0x2C, 0x20, 0x76, 0x52, 0x65, 0x67, 0x30, 0x2E, 0x78, 0x2C, 0x20, 0x70, 0x72,
    0x6F, 0x67, 0x72, 0x61, 0x6D, 0x2E, 0x65, 0x6E, 0x76, 0x5B, 0x35, 0x31, 0x5D, 0x3B, 0x0A, 0x4D,
    0x41, 0x44, 0x20, 0x76, 0x46, 0x69, 0x6E, 0x61, 0x6C, 0x43, 0x6F, 0x6C, 0x6F, 0x75, 0x72, 0x2E,
    0x78, 0x79, 0x7A, 0x77, 0x2C, 0x20, 0x76, 0x52, 0x65, 0x67, 0x31, 0x2C, 0x20, 0x70, 0x72, 0x6F,
    0x67, 0x72, 0x61, 0x6D, 0x2E, 0x65, 0x6E, 0x76, 0x5B, 0x39, 0x35, 0x5D, 0x2C, 0x20, 0x76, 0x46,
    0x69, 0x6E, 0x61, 0x6C, 0x43, 0x6F, 0x6C, 0x6F, 0x75, 0x72, 0x3B, 0x0A, 0x4D, 0x55, 0x4C, 0x20,
    0x76, 0x52, 0x65, 0x67, 0x31, 0x2C, 0x20, 0x76, 0x52, 0x65, 0x67, 0x30, 0x2E, 0x79, 0x2C, 0x20,
    0x70, 0x72, 0x6F, 0x67, 0x72, 0x61, 0x6D, 0x2E, 0x65, 0x6E, 0x76, 0x5B, 0x35, 0x30, 0x5D, 0x3B,
    0x0A, 0x4D, 0x41, 0x44, 0x20, 0x76, 0x46, 0x69, 0x6E, 0x61, 0x6C, 0x43, 0x6F, 0x6C, 0x6F, 0x75,
    0x72, 0x2E, 0x78, 0x79, 0x7A, 0x77, 0x2C, 0x20, 0x76, 0x52, 0x65, 0x67, 0x31, 0x2C, 0x20, 0x70,
    0x72, 0x6F, 0x67, 0x72, 0x61, 0x6D, 0x2E, 0x65, 0x6E, 0x76, 0x5B, 0x39, 0x34, 0x5D, 0x2C, 0x20,
    0x76, 0x46, 0x69, 0x6E, 0x61, 0x6C, 0x43, 0x6F, 0x6C, 0x6F, 0x75, 0x72, 0x3B, 0x0A, 0x41, 0x44,
    0x44, 0x20, 0x76, 0x52, 0x65, 0x67, 0x30, 0x2C, 0x20, 0x2D, 0x76, 0x52, 0x65, 0x67, 0x31, 0x30,
    0x2C, 0x20, 0x70, 0x72, 0x6F, 0x67, 0x72, 0x61, 0x6D, 0x2E, 0x65, 0x6E, 0x76, 0x5B, 0x34, 0x37,
    0x5D, 0x3B, 0x0A, 0x44, 0x50, 0x33, 0x20, 0x76, 0x52, 0x65, 0x67, 0x30, 0x2E, 0x77, 0x2C, 0x20,
    0x76, 0x52, 0x65, 0x67, 0x30, 0x2C, 0x20, 0x76, 0x52, 0x65, 0x67, 0x30, 0x3B, 0x0A, 0x52, 0x53,
    0x51, 0x20, 0x76, 0x52, 0x65, 0x67, 0x31, 0x2E, 0x77, 0x2C, 0x20, 0x76, 0x52, 0x65, 0x67, 0x30,
    0x2E, 0x77, 0x3B, 0x0A, 0x4D, 0x55, 0x4C, 0x20, 0x76, 0x52, 0x65, 0x67, 0x32, 0x2C, 0x20, 0x76,
    0x52, 0x65, 0x67, 0x30, 0x2C, 0x20, 0x76, 0x52, 0x65, 0x67, 0x31, 0x2E, 0x77, 0x3B, 0x0A, 0x44,
    0x53, 0x54, 0x20, 0x76, 0x52, 0x65, 0x67, 0x33, 0x2C, 0x20, 0x76, 0x52, 0x65, 0x67, 0x30, 0x2E,
    0x77, 0x2C, 0x20, 0x76, 0x52, 0x65, 0x67, 0x31, 0x2E, 0x77, 0x3B, 0x0A, 0x44, 0x50, 0x33, 0x20,
    0x76, 0x52, 0x65, 0x67, 0x33, 0x2E, 0x77, 0x2C, 0x20, 0x76, 0x52, 0x65, 0x67, 0x33, 0x2C, 0x20,
    0x70, 0x72, 0x6F, 0x67, 0x72, 0x61, 0x6D, 0x2E, 0x65, 0x6E, 0x76, 0x5B, 0x34, 0x33, 0x5D, 0x3B,
    0x0A, 0x52, 0x43, 0x50, 0x20, 0x76, 0x52, 0x65, 0x67, 0x33, 0x2E, 0x77, 0x2C, 0x20, 0x76, 0x52,
    0x65, 0x67, 0x33, 0x2E, 0x77, 0x3B, 0x0A, 0x44, 0x50, 0x33, 0x20, 0x76, 0x52, 0x65, 0x67, 0x30,
    0x2E, 0x78, 0x2C, 0x20, 0x76, 0x4E, 0x6F, 0x72, 0x6D, 0x61, 0x6C, 0x57, 0x6F, 0x72, 0x6C, 0x64,
    0x2C, 0x20, 0x76, 0x52, 0x65, 0x67, 0x32, 0x3B, 0x0A, 0x4C, 0x49, 0x54, 0x20, 0x76, 0x52, 0x65,
    0x67, 0x30, 0x2C, 0x20, 0x76, 0x52, 0x65, 0x67, 0x30, 0x3B, 0x0A, 0x4D, 0x55, 0x4C, 0x20, 0x76,
    0x52, 0x65, 0x67, 0x30, 0x2C, 0x20, 0x76, 0x52, 0x65, 0x67, 0x30, 0x2C, 0x20, 0x76, 0x52, 0x65,
    0x67, 0x33, 0x2E, 0x77, 0x3B, 0x0A, 0x4D, 0x55, 0x4C, 0x20, 0x76, 0x52, 0x65, 0x67, 0x31, 0x2C,
    0x20, 0x76, 0x52, 0x65, 0x67, 0x30, 0x2E, 0x78, 0x2C, 0x20, 0x70, 0x72, 0x6F, 0x67, 0x72, 0x61,
    0x6D, 0x2E, 0x65, 0x6E, 0x76, 0x5B, 0x34, 0x36, 0x5D, 0x3B, 0x0A, 0x4D, 0x41, 0x44, 0x20, 0x76,
    0x46, 0x69, 0x6E, 0x61, 0x6C, 0x43, 0x6F, 0x6C, 0x6F, 0x75, 0x72, 0x2E, 0x78, 0x79, 0x7A, 0x77,
    0x2C, 0x20, 0x76, 0x52, 0x65, 0x67, 0x31, 0x2C, 0x20, 0x70, 0x72, 0x6F, 0x67, 0x72, 0x61, 0x6D,
    0x2E, 0x65, 0x6E, 0x76, 0x5B, 0x39, 0x35, 0x5D, 0x2C, 0x20, 0x76, 0x46, 0x69, 0x6E, 0x61, 0x6C,
    0x43, 0x6F, 0x6C, 0x6F, 0x75, 0x72, 0x3B, 0x0A, 0x4D, 0x55, 0x4C, 0x20, 0x76, 0x52, 0x65, 0x67,
    0x31, 0x2C, 0x20, 0x76, 0x52, 0x65, 0x67, 0x30, 0x2E, 0x79, 0x2C, 0x20, 0x70, 0x72, 0x6F, 0x67,
    0x72, 0x61, 0x6D, 0x2E, 0x65, 0x6E, 0x76, 0x5B, 0x34, 0x35, 0x5D, 0x3B, 0x0A, 0x4D, 0x41, 0x44,
    0x20, 0x76, 0x46, 0x69, 0x6E, 0x61, 0x6C, 0x43, 0x6F, 0x6C, 0x6F, 0x75, 0x72, 0x2E, 0x78, 0x79,
    0x7A, 0x77, 0x2C, 0x20, 0x76, 0x52, 0x65, 0x67, 0x31, 0x2C, 0x20, 0x70, 0x72, 0x6F, 0x67, 0x72,
    0x61, 0x6D, 0x2E, 0x65, 0x6E, 0x76, 0x5B, 0x39, 0x34, 0x5D, 0x2C, 0x20, 0x76, 0x46, 0x69, 0x6E,
    0x61, 0x6C, 0x43, 0x6F, 0x6C, 0x6F, 0x75, 0x72, 0x3B, 0x0A, 0x41, 0x44, 0x44, 0x20, 0x76, 0x46,
    0x69, 0x6E, 0x61, 0x6C, 0x43, 0x6F, 0x6C, 0x6F, 0x75, 0x72, 0x2C, 0x20, 0x76, 0x46, 0x69, 0x6E,
    0x61, 0x6C, 0x43, 0x6F, 0x6C, 0x6F, 0x75, 0x72, 0x2C, 0x20, 0x70, 0x72, 0x6F, 0x67, 0x72, 0x61,
    0x6D, 0x2E, 0x65, 0x6E, 0x76, 0x5B, 0x39, 0x33, 0x5D, 0x3B, 0x0A, 0x4D, 0x4F, 0x56, 0x20, 0x76,
    0x46, 0x69, 0x6E, 0x61, 0x6C, 0x43, 0x6F, 0x6C, 0x6F, 0x75, 0x72, 0x2E, 0x77, 0x2C, 0x20, 0x70,
    0x72, 0x6F, 0x67, 0x72, 0x61, 0x6D, 0x2E, 0x65, 0x6E, 0x76, 0x5B, 0x39, 0x34, 0x5D, 0x3B, 0x0A,
    0x4D, 0x4F, 0x56, 0x20, 0x72, 0x65, 0x73, 0x75, 0x6C, 0x74, 0x2E, 0x63, 0x6F, 0x6C, 0x6F, 0x72,
    0x2C, 0x20, 0x76, 0x46, 0x69, 0x6E, 0x61, 0x6C, 0x43, 0x6F, 0x6C, 0x6F, 0x75, 0x72, 0x3B, 0x0A,
    0x45, 0x4E, 0x44, 0x0A, 0x0A,
};

static const unsigned char kShaderSource10[] = {
    0x21, 0x21, 0x41, 0x52, 0x42, 0x76, 0x70, 0x31, 0x2E, 0x30, 0x50, 0x41, 0x52, 0x41, 0x4D, 0x20,
    0x6D, 0x76, 0x4D, 0x61, 0x74, 0x72, 0x69, 0x78, 0x5B, 0x34, 0x5D, 0x20, 0x3D, 0x20, 0x7B, 0x20,
    0x73, 0x74, 0x61, 0x74, 0x65, 0x2E, 0x6D, 0x61, 0x74, 0x72, 0x69, 0x78, 0x2E, 0x6D, 0x6F, 0x64,
    0x65, 0x6C, 0x76, 0x69, 0x65, 0x77, 0x5B, 0x30, 0x5D, 0x20, 0x7D, 0x3B, 0x0A, 0x50, 0x41, 0x52,
    0x41, 0x4D, 0x20, 0x6D, 0x76, 0x70, 0x4D, 0x61, 0x74, 0x72, 0x69, 0x78, 0x5B, 0x34, 0x5D, 0x20,
    0x3D, 0x20, 0x7B, 0x20, 0x73, 0x74, 0x61, 0x74, 0x65, 0x2E, 0x6D, 0x61, 0x74, 0x72, 0x69, 0x78,
    0x2E, 0x6D, 0x76, 0x70, 0x20, 0x7D, 0x3B, 0x0A, 0x50, 0x41, 0x52, 0x41, 0x4D, 0x20, 0x62, 0x6F,
    0x6E, 0x65, 0x41, 0x72, 0x72, 0x61, 0x79, 0x5B, 0x35, 0x31, 0x5D, 0x20, 0x3D, 0x20, 0x7B, 0x70,
    0x72, 0x6F, 0x67, 0x72, 0x61, 0x6D, 0x2E, 0x65, 0x6E, 0x76, 0x5B, 0x31, 0x38, 0x2E, 0x2E, 0x36,
    0x38, 0x5D, 0x20, 0x7D, 0x3B, 0x0D, 0x0A, 0x50, 0x41, 0x52, 0x41, 0x4D, 0x20, 0x66, 0x6F, 0x67,
    0x50, 0x61, 0x72, 0x61, 0x6D, 0x73, 0x20, 0x3D, 0x20, 0x73, 0x74, 0x61, 0x74, 0x65, 0x2E, 0x66,
    0x6F, 0x67, 0x2E, 0x70, 0x61, 0x72, 0x61, 0x6D, 0x73, 0x3B, 0x0A, 0x41, 0x44, 0x44, 0x52, 0x45,
    0x53, 0x53, 0x20, 0x41, 0x30, 0x3B, 0x0A, 0x54, 0x45, 0x4D, 0x50, 0x20, 0x76, 0x52, 0x65, 0x67,
    0x34, 0x2C, 0x20, 0x76, 0x52, 0x65, 0x67, 0x35, 0x2C, 0x20, 0x76, 0x52, 0x65, 0x67, 0x36, 0x2C,
    0x20, 0x76, 0x52, 0x65, 0x67, 0x37, 0x2C, 0x20, 0x76, 0x52, 0x65, 0x67, 0x38, 0x2C, 0x20, 0x76,
    0x52, 0x65, 0x67, 0x39, 0x2C, 0x20, 0x76, 0x52, 0x65, 0x67, 0x31, 0x30, 0x3B, 0x0A, 0x54, 0x45,
    0x4D, 0x50, 0x20, 0x76, 0x52, 0x65, 0x67, 0x30, 0x2C, 0x20, 0x76, 0x52, 0x65, 0x67, 0x31, 0x2C,
    0x20, 0x76, 0x52, 0x65, 0x67, 0x32, 0x2C, 0x20, 0x76, 0x52, 0x65, 0x67, 0x33, 0x3B, 0x0A, 0x54,
    0x45, 0x4D, 0x50, 0x20, 0x76, 0x4E, 0x6F, 0x72, 0x6D, 0x61, 0x6C, 0x57, 0x6F, 0x72, 0x6C, 0x64,
    0x3B, 0x0D, 0x0A, 0x54, 0x45, 0x4D, 0x50, 0x20, 0x66, 0x6F, 0x67, 0x54, 0x65, 0x6D, 0x70, 0x3B,
    0x0A, 0x41, 0x4C, 0x49, 0x41, 0x53, 0x20, 0x76, 0x46, 0x69, 0x6E, 0x61, 0x6C, 0x43, 0x6F, 0x6C,
    0x6F, 0x75, 0x72, 0x20, 0x3D, 0x20, 0x76, 0x52, 0x65, 0x67, 0x39, 0x3B, 0x0A, 0x41, 0x54, 0x54,
    0x52, 0x49, 0x42, 0x20, 0x76, 0x57, 0x67, 0x68, 0x74, 0x20, 0x3D, 0x20, 0x76, 0x65, 0x72, 0x74,
    0x65, 0x78, 0x2E, 0x61, 0x74, 0x74, 0x72, 0x69, 0x62, 0x5B, 0x31, 0x5D, 0x3B, 0x0A, 0x4D, 0x55,
    0x4C, 0x20, 0x20, 0x20, 0x76, 0x52, 0x65, 0x67, 0x30, 0x2C, 0x20, 0x76, 0x65, 0x72, 0x74, 0x65,
    0x78, 0x2E, 0x61, 0x74, 0x74, 0x72, 0x69, 0x62, 0x5B, 0x34, 0x5D, 0x2C, 0x20, 0x70, 0x72, 0x6F,
    0x67, 0x72, 0x61, 0x6D, 0x2E, 0x65, 0x6E, 0x76, 0x5B, 0x31, 0x36, 0x5D, 0x2E, 0x7A, 0x3B, 0x0A,
    0x41, 0x52, 0x4C, 0x20, 0x20, 0x20, 0x41, 0x30, 0x2E, 0x78, 0x2C, 0x20, 0x76, 0x52, 0x65, 0x67,
    0x30, 0x2E, 0x78, 0x3B, 0x0A, 0x44, 0x50, 0x34, 0x20, 0x20, 0x20, 0x76, 0x52, 0x65, 0x67, 0x31,
    0x2E, 0x78, 0x2C, 0x20, 0x76, 0x65, 0x72, 0x74, 0x65, 0x78, 0x2E, 0x70, 0x6F, 0x73, 0x69, 0x74,
    0x69, 0x6F, 0x6E, 0x2C, 0x20, 0x62, 0x6F, 0x6E, 0x65, 0x41, 0x72, 0x72, 0x61, 0x79, 0x5B, 0x41,
    0x30, 0x2E, 0x78, 0x20, 0x2B, 0x20, 0x30, 0x5D, 0x3B, 0x0A, 0x44, 0x50, 0x34, 0x20, 0x20, 0x20,
    0x76, 0x52, 0x65, 0x67, 0x31, 0x2E, 0x79, 0x2C, 0x20, 0x76, 0x65, 0x72, 0x74, 0x65, 0x78, 0x2E,
    0x70, 0x6F, 0x73, 0x69, 0x74, 0x69, 0x6F, 0x6E, 0x2C, 0x20, 0x62, 0x6F, 0x6E, 0x65, 0x41, 0x72,
    0x72, 0x61, 0x79, 0x5B, 0x41, 0x30, 0x2E, 0x78, 0x20, 0x2B, 0x20, 0x31, 0x5D, 0x3B, 0x0A, 0x44,
    0x50, 0x34, 0x20, 0x20, 0x20, 0x76, 0x52, 0x65, 0x67, 0x31, 0x2E, 0x7A, 0x2C, 0x20, 0x76, 0x65,
    0x72, 0x74, 0x65, 0x78, 0x2E, 0x70, 0x6F, 0x73, 0x69, 0x74, 0x69, 0x6F, 0x6E, 0x2C, 0x20, 0x62,
    0x6F, 0x6E, 0x65, 0x41, 0x72, 0x72, 0x61, 0x79, 0x5B, 0x41, 0x30, 0x2E, 0x78, 0x20, 0x2B, 0x20,
    0x32, 0x5D, 0x3B, 0x0A, 0x44, 0x50, 0x33, 0x20, 0x20, 0x20, 0x76, 0x52, 0x65, 0x67, 0x35, 0x2E,
    0x78, 0x2C, 0x20, 0x76, 0x65, 0x72, 0x74, 0x65, 0x78, 0x2E, 0x6E, 0x6F, 0x72, 0x6D, 0x61, 0x6C,
    0x2C, 0x20, 0x62, 0x6F, 0x6E, 0x65, 0x41, 0x72, 0x72, 0x61, 0x79, 0x5B, 0x41, 0x30, 0x2E, 0x78,
    0x20, 0x2B, 0x20, 0x30, 0x5D, 0x3B, 0x0A, 0x44, 0x50, 0x33, 0x20, 0x20, 0x20, 0x76, 0x52, 0x65,
    0x67, 0x35, 0x2E, 0x79, 0x2C, 0x20, 0x76, 0x65, 0x72, 0x74, 0x65, 0x78, 0x2E, 0x6E, 0x6F, 0x72,
    0x6D, 0x61, 0x6C, 0x2C, 0x20, 0x62, 0x6F, 0x6E, 0x65, 0x41, 0x72, 0x72, 0x61, 0x79, 0x5B, 0x41,
    0x30, 0x2E, 0x78, 0x20, 0x2B, 0x20, 0x31, 0x5D, 0x3B, 0x0A, 0x44, 0x50, 0x33, 0x20, 0x20, 0x20,
    0x76, 0x52, 0x65, 0x67, 0x35, 0x2E, 0x7A, 0x2C, 0x20, 0x76, 0x65, 0x72, 0x74, 0x65, 0x78, 0x2E,
    0x6E, 0x6F, 0x72, 0x6D, 0x61, 0x6C, 0x2C, 0x20, 0x62, 0x6F, 0x6E, 0x65, 0x41, 0x72, 0x72, 0x61,
    0x79, 0x5B, 0x41, 0x30, 0x2E, 0x78, 0x20, 0x2B, 0x20, 0x32, 0x5D, 0x3B, 0x0A, 0x41, 0x52, 0x4C,
    0x20, 0x20, 0x20, 0x41, 0x30, 0x2E, 0x78, 0x2C, 0x20, 0x76, 0x52, 0x65, 0x67, 0x30, 0x2E, 0x79,
    0x3B, 0x0A, 0x44, 0x50, 0x34, 0x20, 0x20, 0x20, 0x76, 0x52, 0x65, 0x67, 0x32, 0x2E, 0x78, 0x2C,
    0x20, 0x76, 0x65, 0x72, 0x74, 0x65, 0x78, 0x2E, 0x70, 0x6F, 0x73, 0x69, 0x74, 0x69, 0x6F, 0x6E,
    0x2C, 0x20, 0x62, 0x6F, 0x6E, 0x65, 0x41, 0x72, 0x72, 0x61, 0x79, 0x5B, 0x41, 0x30, 0x2E, 0x78,
    0x20, 0x2B, 0x20, 0x30, 0x5D, 0x3B, 0x0A, 0x44, 0x50, 0x34, 0x20, 0x20, 0x20, 0x76, 0x52, 0x65,
    0x67, 0x32, 0x2E, 0x79, 0x2C, 0x20, 0x76, 0x65, 0x72, 0x74, 0x65, 0x78, 0x2E, 0x70, 0x6F, 0x73,
    0x69, 0x74, 0x69, 0x6F, 0x6E, 0x2C, 0x20, 0x62, 0x6F, 0x6E, 0x65, 0x41, 0x72, 0x72, 0x61, 0x79,
    0x5B, 0x41, 0x30, 0x2E, 0x78, 0x20, 0x2B, 0x20, 0x31, 0x5D, 0x3B, 0x0A, 0x44, 0x50, 0x34, 0x20,
    0x20, 0x20, 0x76, 0x52, 0x65, 0x67, 0x32, 0x2E, 0x7A, 0x2C, 0x20, 0x76, 0x65, 0x72, 0x74, 0x65,
    0x78, 0x2E, 0x70, 0x6F, 0x73, 0x69, 0x74, 0x69, 0x6F, 0x6E, 0x2C, 0x20, 0x62, 0x6F, 0x6E, 0x65,
    0x41, 0x72, 0x72, 0x61, 0x79, 0x5B, 0x41, 0x30, 0x2E, 0x78, 0x20, 0x2B, 0x20, 0x32, 0x5D, 0x3B,
    0x0A, 0x44, 0x50, 0x33, 0x20, 0x20, 0x20, 0x76, 0x52, 0x65, 0x67, 0x36, 0x2E, 0x78, 0x2C, 0x20,
    0x76, 0x65, 0x72, 0x74, 0x65, 0x78, 0x2E, 0x6E, 0x6F, 0x72, 0x6D, 0x61, 0x6C, 0x2C, 0x20, 0x62,
    0x6F, 0x6E, 0x65, 0x41, 0x72, 0x72, 0x61, 0x79, 0x5B, 0x41, 0x30, 0x2E, 0x78, 0x20, 0x2B, 0x20,
    0x30, 0x5D, 0x3B, 0x0A, 0x44, 0x50, 0x33, 0x20, 0x20, 0x20, 0x76, 0x52, 0x65, 0x67, 0x36, 0x2E,
    0x79, 0x2C, 0x20, 0x76, 0x65, 0x72, 0x74, 0x65, 0x78, 0x2E, 0x6E, 0x6F, 0x72, 0x6D, 0x61, 0x6C,
    0x2C, 0x20, 0x62, 0x6F, 0x6E, 0x65, 0x41, 0x72, 0x72, 0x61, 0x79, 0x5B, 0x41, 0x30, 0x2E, 0x78,
    0x20, 0x2B, 0x20, 0x31, 0x5D, 0x3B, 0x0A, 0x44, 0x50, 0x33, 0x20, 0x20, 0x20, 0x76, 0x52, 0x65,
    0x67, 0x36, 0x2E, 0x7A, 0x2C, 0x20, 0x76, 0x65, 0x72, 0x74, 0x65, 0x78, 0x2E, 0x6E, 0x6F, 0x72,
    0x6D, 0x61, 0x6C, 0x2C, 0x20, 0x62, 0x6F, 0x6E, 0x65, 0x41, 0x72, 0x72, 0x61, 0x79, 0x5B, 0x41,
    0x30, 0x2E, 0x78, 0x20, 0x2B, 0x20, 0x32, 0x5D, 0x3B, 0x0A, 0x41, 0x52, 0x4C, 0x20, 0x20, 0x20,
    0x41, 0x30, 0x2E, 0x78, 0x2C, 0x20, 0x76, 0x52, 0x65, 0x67, 0x30, 0x2E, 0x7A, 0x3B, 0x0A, 0x44,
    0x50, 0x34, 0x20, 0x20, 0x20, 0x76, 0x52, 0x65, 0x67, 0x33, 0x2E, 0x78, 0x2C, 0x20, 0x76, 0x65,
    0x72, 0x74, 0x65, 0x78, 0x2E, 0x70, 0x6F, 0x73, 0x69, 0x74, 0x69, 0x6F, 0x6E, 0x2C, 0x20, 0x62,
    0x6F, 0x6E, 0x65, 0x41, 0x72, 0x72, 0x61, 0x79, 0x5B, 0x41, 0x30, 0x2E, 0x78, 0x20, 0x2B, 0x20,
    0x30, 0x5D, 0x3B, 0x0A, 0x44, 0x50, 0x34, 0x20, 0x20, 0x20, 0x76, 0x52, 0x65, 0x67, 0x33, 0x2E,
    0x79, 0x2C, 0x20, 0x76, 0x65, 0x72, 0x74, 0x65, 0x78, 0x2E, 0x70, 0x6F, 0x73, 0x69, 0x74, 0x69,
    0x6F, 0x6E, 0x2C, 0x20, 0x62, 0x6F, 0x6E, 0x65, 0x41, 0x72, 0x72, 0x61, 0x79, 0x5B, 0x41, 0x30,
    0x2E, 0x78, 0x20, 0x2B, 0x20, 0x31, 0x5D, 0x3B, 0x0A, 0x44, 0x50, 0x34, 0x20, 0x20, 0x20, 0x76,
    0x52, 0x65, 0x67, 0x33, 0x2E, 0x7A, 0x2C, 0x20, 0x76, 0x65, 0x72, 0x74, 0x65, 0x78, 0x2E, 0x70,
    0x6F, 0x73, 0x69, 0x74, 0x69, 0x6F, 0x6E, 0x2C, 0x20, 0x62, 0x6F, 0x6E, 0x65, 0x41, 0x72, 0x72,
    0x61, 0x79, 0x5B, 0x41, 0x30, 0x2E, 0x78, 0x20, 0x2B, 0x20, 0x32, 0x5D, 0x3B, 0x0A, 0x44, 0x50,
    0x33, 0x20, 0x20, 0x20, 0x76, 0x52, 0x65, 0x67, 0x37, 0x2E, 0x78, 0x2C, 0x20, 0x76, 0x65, 0x72,
    0x74, 0x65, 0x78, 0x2E, 0x6E, 0x6F, 0x72, 0x6D, 0x61, 0x6C, 0x2C, 0x20, 0x62, 0x6F, 0x6E, 0x65,
    0x41, 0x72, 0x72, 0x61, 0x79, 0x5B, 0x41, 0x30, 0x2E, 0x78, 0x20, 0x2B, 0x20, 0x30, 0x5D, 0x3B,
    0x0A, 0x44, 0x50, 0x33, 0x20, 0x20, 0x20, 0x76, 0x52, 0x65, 0x67, 0x37, 0x2E, 0x79, 0x2C, 0x20,
    0x76, 0x65, 0x72, 0x74, 0x65, 0x78, 0x2E, 0x6E, 0x6F, 0x72, 0x6D, 0x61, 0x6C, 0x2C, 0x20, 0x62,
    0x6F, 0x6E, 0x65, 0x41, 0x72, 0x72, 0x61, 0x79, 0x5B, 0x41, 0x30, 0x2E, 0x78, 0x20, 0x2B, 0x20,
    0x31, 0x5D, 0x3B, 0x0A, 0x44, 0x50, 0x33, 0x20, 0x20, 0x20, 0x76, 0x52, 0x65, 0x67, 0x37, 0x2E,
    0x7A, 0x2C, 0x20, 0x76, 0x65, 0x72, 0x74, 0x65, 0x78, 0x2E, 0x6E, 0x6F, 0x72, 0x6D, 0x61, 0x6C,
    0x2C, 0x20, 0x62, 0x6F, 0x6E, 0x65, 0x41, 0x72, 0x72, 0x61, 0x79, 0x5B, 0x41, 0x30, 0x2E, 0x78,
    0x20, 0x2B, 0x20, 0x32, 0x5D, 0x3B, 0x0A, 0x41, 0x52, 0x4C, 0x20, 0x20, 0x20, 0x41, 0x30, 0x2E,
    0x78, 0x2C, 0x20, 0x76, 0x52, 0x65, 0x67, 0x30, 0x2E, 0x77, 0x3B, 0x0A, 0x44, 0x50, 0x34, 0x20,
    0x20, 0x20, 0x76, 0x52, 0x65, 0x67, 0x34, 0x2E, 0x78, 0x2C, 0x20, 0x76, 0x65, 0x72, 0x74, 0x65,
    0x78, 0x2E, 0x70, 0x6F, 0x73, 0x69, 0x74, 0x69, 0x6F, 0x6E, 0x2C, 0x20, 0x62, 0x6F, 0x6E, 0x65,
    0x41, 0x72, 0x72, 0x61, 0x79, 0x5B, 0x41, 0x30, 0x2E, 0x78, 0x20, 0x2B, 0x20, 0x30, 0x5D, 0x3B,
    0x0A, 0x44, 0x50, 0x34, 0x20, 0x20, 0x20, 0x76, 0x52, 0x65, 0x67, 0x34, 0x2E, 0x79, 0x2C, 0x20,
    0x76, 0x65, 0x72, 0x74, 0x65, 0x78, 0x2E, 0x70, 0x6F, 0x73, 0x69, 0x74, 0x69, 0x6F, 0x6E, 0x2C,
    0x20, 0x62, 0x6F, 0x6E, 0x65, 0x41, 0x72, 0x72, 0x61, 0x79, 0x5B, 0x41, 0x30, 0x2E, 0x78, 0x20,
    0x2B, 0x20, 0x31, 0x5D, 0x3B, 0x0A, 0x44, 0x50, 0x34, 0x20, 0x20, 0x20, 0x76, 0x52, 0x65, 0x67,
    0x34, 0x2E, 0x7A, 0x2C, 0x20, 0x76, 0x65, 0x72, 0x74, 0x65, 0x78, 0x2E, 0x70, 0x6F, 0x73, 0x69,
    0x74, 0x69, 0x6F, 0x6E, 0x2C, 0x20, 0x62, 0x6F, 0x6E, 0x65, 0x41, 0x72, 0x72, 0x61, 0x79, 0x5B,
    0x41, 0x30, 0x2E, 0x78, 0x20, 0x2B, 0x20, 0x32, 0x5D, 0x3B, 0x0A, 0x44, 0x50, 0x33, 0x20, 0x20,
    0x20, 0x76, 0x52, 0x65, 0x67, 0x38, 0x2E, 0x78, 0x2C, 0x20, 0x76, 0x65, 0x72, 0x74, 0x65, 0x78,
    0x2E, 0x6E, 0x6F, 0x72, 0x6D, 0x61, 0x6C, 0x2C, 0x20, 0x62, 0x6F, 0x6E, 0x65, 0x41, 0x72, 0x72,
    0x61, 0x79, 0x5B, 0x41, 0x30, 0x2E, 0x78, 0x20, 0x2B, 0x20, 0x30, 0x5D, 0x3B, 0x0A, 0x44, 0x50,
    0x33, 0x20, 0x20, 0x20, 0x76, 0x52, 0x65, 0x67, 0x38, 0x2E, 0x79, 0x2C, 0x20, 0x76, 0x65, 0x72,
    0x74, 0x65, 0x78, 0x2E, 0x6E, 0x6F, 0x72, 0x6D, 0x61, 0x6C, 0x2C, 0x20, 0x62, 0x6F, 0x6E, 0x65,
    0x41, 0x72, 0x72, 0x61, 0x79, 0x5B, 0x41, 0x30, 0x2E, 0x78, 0x20, 0x2B, 0x20, 0x31, 0x5D, 0x3B,
    0x0A, 0x44, 0x50, 0x33, 0x20, 0x20, 0x20, 0x76, 0x52, 0x65, 0x67, 0x38, 0x2E, 0x7A, 0x2C, 0x20,
    0x76, 0x65, 0x72, 0x74, 0x65, 0x78, 0x2E, 0x6E, 0x6F, 0x72, 0x6D, 0x61, 0x6C, 0x2C, 0x20, 0x62,
    0x6F, 0x6E, 0x65, 0x41, 0x72, 0x72, 0x61, 0x79, 0x5B, 0x41, 0x30, 0x2E, 0x78, 0x20, 0x2B, 0x20,
    0x32, 0x5D, 0x3B, 0x0A, 0x4D, 0x55, 0x4C, 0x20, 0x20, 0x20, 0x76, 0x52, 0x65, 0x67, 0x39, 0x2C,
    0x20, 0x76, 0x57, 0x67, 0x68, 0x74, 0x2E, 0x78, 0x2C, 0x20, 0x76, 0x52, 0x65, 0x67, 0x31, 0x3B,
    0x0A, 0x4D, 0x41, 0x44, 0x20, 0x20, 0x20, 0x76, 0x52, 0x65, 0x67, 0x39, 0x2C, 0x20, 0x76, 0x52,
    0x65, 0x67, 0x32, 0x2C, 0x20, 0x76, 0x57, 0x67, 0x68, 0x74, 0x2E, 0x79, 0x2C, 0x20, 0x76, 0x52,
    0x65, 0x67, 0x39, 0x3B, 0x0A, 0x4D, 0x41, 0x44, 0x20, 0x20, 0x20, 0x76, 0x52, 0x65, 0x67, 0x39,
    0x2C, 0x20, 0x76, 0x52, 0x65, 0x67, 0x33, 0x2C, 0x20, 0x76, 0x57, 0x67, 0x68, 0x74, 0x2E, 0x7A,
    0x2C, 0x20, 0x76, 0x52, 0x65, 0x67, 0x39, 0x3B, 0x0A, 0x4D, 0x41, 0x44, 0x20, 0x20, 0x20, 0x76,
    0x52, 0x65, 0x67, 0x39, 0x2C, 0x20, 0x76, 0x52, 0x65, 0x67, 0x34, 0x2C, 0x20, 0x76, 0x57, 0x67,
    0x68, 0x74, 0x2E, 0x77, 0x2C, 0x20, 0x76, 0x52, 0x65, 0x67, 0x39, 0x3B, 0x0A, 0x4D, 0x55, 0x4C,
    0x20, 0x20, 0x20, 0x76, 0x52, 0x65, 0x67, 0x31, 0x30, 0x2C, 0x20, 0x76, 0x57, 0x67, 0x68, 0x74,
    0x2E, 0x78, 0x2C, 0x20, 0x76, 0x52, 0x65, 0x67, 0x35, 0x3B, 0x0A, 0x4D, 0x41, 0x44, 0x20, 0x20,
    0x20, 0x76, 0x52, 0x65, 0x67, 0x31, 0x30, 0x2C, 0x20, 0x76, 0x52, 0x65, 0x67, 0x36, 0x2C, 0x20,
    0x76, 0x57, 0x67, 0x68, 0x74, 0x2E, 0x79, 0x2C, 0x20, 0x76, 0x52, 0x65, 0x67, 0x31, 0x30, 0x3B,
    0x0A, 0x4D, 0x41, 0x44, 0x20, 0x20, 0x20, 0x76, 0x52, 0x65, 0x67, 0x31, 0x30, 0x2C, 0x20, 0x76,
    0x52, 0x65, 0x67, 0x37, 0x2C, 0x20, 0x76, 0x57, 0x67, 0x68, 0x74, 0x2E, 0x7A, 0x2C, 0x20, 0x76,
    0x52, 0x65, 0x67, 0x31, 0x30, 0x3B, 0x0A, 0x4D, 0x41, 0x44, 0x20, 0x20, 0x20, 0x76, 0x52, 0x65,
    0x67, 0x31, 0x30, 0x2C, 0x20, 0x76, 0x52, 0x65, 0x67, 0x38, 0x2C, 0x20, 0x76, 0x57, 0x67, 0x68,
    0x74, 0x2E, 0x77, 0x2C, 0x20, 0x76, 0x52, 0x65, 0x67, 0x31, 0x30, 0x3B, 0x0A, 0x4D, 0x4F, 0x56,
    0x20, 0x20, 0x20, 0x76, 0x52, 0x65, 0x67, 0x31, 0x30, 0x2E, 0x77, 0x2C, 0x20, 0x70, 0x72, 0x6F,
    0x67, 0x72, 0x61, 0x6D, 0x2E, 0x65, 0x6E, 0x76, 0x5B, 0x31, 0x32, 0x5D, 0x2E, 0x77, 0x3B, 0x0A,
    0x4D, 0x41, 0x44, 0x20, 0x76, 0x52, 0x65, 0x67, 0x39, 0x2C, 0x20, 0x76, 0x52, 0x65, 0x67, 0x31,
    0x30, 0x2C, 0x20, 0x70, 0x72, 0x6F, 0x67, 0x72, 0x61, 0x6D, 0x2E, 0x65, 0x6E, 0x76, 0x5B, 0x31,
    0x32, 0x5D, 0x2E, 0x78, 0x2C, 0x20, 0x76, 0x52, 0x65, 0x67, 0x39, 0x3B, 0x0A, 0x4D, 0x4F, 0x56,
    0x20, 0x20, 0x20, 0x76, 0x52, 0x65, 0x67, 0x39, 0x2E, 0x77, 0x2C, 0x20, 0x70, 0x72, 0x6F, 0x67,
    0x72, 0x61, 0x6D, 0x2E, 0x65, 0x6E, 0x76, 0x5B, 0x31, 0x36, 0x5D, 0x2E, 0x77, 0x3B, 0x0A, 0x44,
    0x50, 0x34, 0x20, 0x20, 0x20, 0x72, 0x65, 0x73, 0x75, 0x6C, 0x74, 0x2E, 0x70, 0x6F, 0x73, 0x69,
    0x74, 0x69, 0x6F, 0x6E, 0x2E, 0x78, 0x2C, 0x20, 0x6D, 0x76, 0x70, 0x4D, 0x61, 0x74, 0x72, 0x69,
    0x78, 0x5B, 0x30, 0x5D, 0x2C, 0x20, 0x76, 0x52, 0x65, 0x67, 0x39, 0x3B, 0x0A, 0x44, 0x50, 0x34,
    0x20, 0x20, 0x20, 0x72, 0x65, 0x73, 0x75, 0x6C, 0x74, 0x2E, 0x70, 0x6F, 0x73, 0x69, 0x74, 0x69,
    0x6F, 0x6E, 0x2E, 0x79, 0x2C, 0x20, 0x6D, 0x76, 0x70, 0x4D, 0x61, 0x74, 0x72, 0x69, 0x78, 0x5B,
    0x31, 0x5D, 0x2C, 0x20, 0x76, 0x52, 0x65, 0x67, 0x39, 0x3B, 0x0A, 0x44, 0x50, 0x34, 0x20, 0x20,
    0x20, 0x72, 0x65, 0x73, 0x75, 0x6C, 0x74, 0x2E, 0x70, 0x6F, 0x73, 0x69, 0x74, 0x69, 0x6F, 0x6E,
    0x2E, 0x7A, 0x2C, 0x20, 0x6D, 0x76, 0x70, 0x4D, 0x61, 0x74, 0x72, 0x69, 0x78, 0x5B, 0x32, 0x5D,
    0x2C, 0x20, 0x76, 0x52, 0x65, 0x67, 0x39, 0x3B, 0x0A, 0x44, 0x50, 0x34, 0x20, 0x20, 0x20, 0x72,
    0x65, 0x73, 0x75, 0x6C, 0x74, 0x2E, 0x70, 0x6F, 0x73, 0x69, 0x74, 0x69, 0x6F, 0x6E, 0x2E, 0x77,
    0x2C, 0x20, 0x6D, 0x76, 0x70, 0x4D, 0x61, 0x74, 0x72, 0x69, 0x78, 0x5B, 0x33, 0x5D, 0x2C, 0x20,
    0x76, 0x52, 0x65, 0x67, 0x39, 0x3B, 0x0A, 0x44, 0x50, 0x33, 0x20, 0x20, 0x20, 0x76, 0x4E, 0x6F,
    0x72, 0x6D, 0x61, 0x6C, 0x57, 0x6F, 0x72, 0x6C, 0x64, 0x2E, 0x78, 0x2C, 0x20, 0x6D, 0x76, 0x4D,
    0x61, 0x74, 0x72, 0x69, 0x78, 0x5B, 0x30, 0x5D, 0x2C, 0x20, 0x76, 0x52, 0x65, 0x67, 0x31, 0x30,
    0x3B, 0x0A, 0x44, 0x50, 0x33, 0x20, 0x20, 0x20, 0x76, 0x4E, 0x6F, 0x72, 0x6D, 0x61, 0x6C, 0x57,
    0x6F, 0x72, 0x6C, 0x64, 0x2E, 0x79, 0x2C, 0x20, 0x6D, 0x76, 0x4D, 0x61, 0x74, 0x72, 0x69, 0x78,
    0x5B, 0x31, 0x5D, 0x2C, 0x20, 0x76, 0x52, 0x65, 0x67, 0x31, 0x30, 0x3B, 0x0A, 0x44, 0x50, 0x33,
    0x20, 0x20, 0x20, 0x76, 0x4E, 0x6F, 0x72, 0x6D, 0x61, 0x6C, 0x57, 0x6F, 0x72, 0x6C, 0x64, 0x2E,
    0x7A, 0x2C, 0x20, 0x6D, 0x76, 0x4D, 0x61, 0x74, 0x72, 0x69, 0x78, 0x5B, 0x32, 0x5D, 0x2C, 0x20,
    0x76, 0x52, 0x65, 0x67, 0x31, 0x30, 0x3B, 0x0A, 0x4D, 0x4F, 0x56, 0x20, 0x20, 0x20, 0x76, 0x4E,
    0x6F, 0x72, 0x6D, 0x61, 0x6C, 0x57, 0x6F, 0x72, 0x6C, 0x64, 0x2E, 0x77, 0x2C, 0x20, 0x6D, 0x76,
    0x4D, 0x61, 0x74, 0x72, 0x69, 0x78, 0x5B, 0x33, 0x5D, 0x2E, 0x77, 0x3B, 0x0A, 0x44, 0x50, 0x33,
    0x20, 0x20, 0x20, 0x76, 0x4E, 0x6F, 0x72, 0x6D, 0x61, 0x6C, 0x57, 0x6F, 0x72, 0x6C, 0x64, 0x2E,
    0x77, 0x2C, 0x20, 0x76, 0x4E, 0x6F, 0x72, 0x6D, 0x61, 0x6C, 0x57, 0x6F, 0x72, 0x6C, 0x64, 0x2C,
    0x20, 0x76, 0x4E, 0x6F, 0x72, 0x6D, 0x61, 0x6C, 0x57, 0x6F, 0x72, 0x6C, 0x64, 0x3B, 0x0A, 0x52,
    0x53, 0x51, 0x20, 0x20, 0x20, 0x76, 0x4E, 0x6F, 0x72, 0x6D, 0x61, 0x6C, 0x57, 0x6F, 0x72, 0x6C,
    0x64, 0x2E, 0x77, 0x2C, 0x20, 0x76, 0x4E, 0x6F, 0x72, 0x6D, 0x61, 0x6C, 0x57, 0x6F, 0x72, 0x6C,
    0x64, 0x2E, 0x77, 0x3B, 0x0A, 0x4D, 0x55, 0x4C, 0x20, 0x20, 0x20, 0x76, 0x4E, 0x6F, 0x72, 0x6D,
    0x61, 0x6C, 0x57, 0x6F, 0x72, 0x6C, 0x64, 0x2C, 0x20, 0x76, 0x4E, 0x6F, 0x72, 0x6D, 0x61, 0x6C,
    0x57, 0x6F, 0x72, 0x6C, 0x64, 0x2C, 0x20, 0x76, 0x4E, 0x6F, 0x72, 0x6D, 0x61, 0x6C, 0x57, 0x6F,
    0x72, 0x6C, 0x64, 0x2E, 0x77, 0x3B, 0x0A, 0x44, 0x50, 0x34, 0x20, 0x20, 0x20, 0x76, 0x52, 0x65,
    0x67, 0x31, 0x30, 0x2E, 0x78, 0x2C, 0x20, 0x6D, 0x76, 0x4D, 0x61, 0x74, 0x72, 0x69, 0x78, 0x5B,
    0x30, 0x5D, 0x2C, 0x20, 0x76, 0x52, 0x65, 0x67, 0x39, 0x3B, 0x0A, 0x44, 0x50, 0x34, 0x20, 0x20,
    0x20, 0x76, 0x52, 0x65, 0x67, 0x31, 0x30, 0x2E, 0x79, 0x2C, 0x20, 0x6D, 0x76, 0x4D, 0x61, 0x74,
    0x72, 0x69, 0x78, 0x5B, 0x31, 0x5D, 0x2C, 0x20, 0x76, 0x52, 0x65, 0x67, 0x39, 0x3B, 0x0A, 0x44,
    0x50, 0x34, 0x20, 0x20, 0x20, 0x76, 0x52, 0x65, 0x67, 0x31, 0x30, 0x2E, 0x7A, 0x2C, 0x20, 0x6D,
    0x76, 0x4D, 0x61, 0x74, 0x72, 0x69, 0x78, 0x5B, 0x32, 0x5D, 0x2C, 0x20, 0x76, 0x52, 0x65, 0x67,
    0x39, 0x3B, 0x0A, 0x4D, 0x4F, 0x56, 0x20, 0x20, 0x20, 0x76, 0x52, 0x65, 0x67, 0x31, 0x30, 0x2E,
    0x77, 0x2C, 0x20, 0x6D, 0x76, 0x4D, 0x61, 0x74, 0x72, 0x69, 0x78, 0x5B, 0x33, 0x5D, 0x2E, 0x77,
    0x3B, 0x0A, 0x44, 0x50, 0x33, 0x09, 0x76, 0x52, 0x65, 0x67, 0x30, 0x2E, 0x78, 0x2C, 0x20, 0x76,
    0x52, 0x65, 0x67, 0x31, 0x30, 0x2C, 0x20, 0x76, 0x52, 0x65, 0x67, 0x31, 0x30, 0x3B, 0x0A, 0x52,
    0x53, 0x51, 0x09, 0x76, 0x52, 0x65, 0x67, 0x30, 0x2E, 0x78, 0x2C, 0x20, 0x76, 0x52, 0x65, 0x67,
    0x30, 0x2E, 0x78, 0x3B, 0x0A, 0x52, 0x43, 0x50, 0x09, 0x76, 0x52, 0x65, 0x67, 0x30, 0x2E, 0x78,
    0x2C, 0x20, 0x76, 0x52, 0x65, 0x67, 0x30, 0x2E, 0x78, 0x3B, 0x0A, 0x4D, 0x4F, 0x56, 0x20, 0x20,
    0x20, 0x20, 0x72, 0x65, 0x73, 0x75, 0x6C, 0x74, 0x2E, 0x66, 0x6F, 0x67, 0x63, 0x6F, 0x6F, 0x72,
    0x64, 0x2E, 0x78, 0x2C, 0x20, 0x76, 0x52, 0x65, 0x67, 0x30, 0x2E, 0x78, 0x3B, 0x0D, 0x0A, 0x41,
    0x44, 0x44, 0x20, 0x66, 0x6F, 0x67, 0x54, 0x65, 0x6D, 0x70, 0x2E, 0x78, 0x2C, 0x20, 0x2D, 0x66,
    0x6F, 0x67, 0x50, 0x61, 0x72, 0x61, 0x6D, 0x73, 0x2E, 0x79, 0x2C, 0x20, 0x76, 0x52, 0x65, 0x67,
    0x30, 0x2E, 0x78, 0x3B, 0x0D, 0x0A, 0x53, 0x4C, 0x54, 0x20, 0x66, 0x6F, 0x67, 0x54, 0x65, 0x6D,
    0x70, 0x2E, 0x79, 0x2C, 0x20, 0x30, 0x2E, 0x30, 0x2C, 0x20, 0x73, 0x74, 0x61, 0x74, 0x65, 0x2E,
    0x66, 0x6F, 0x67, 0x2E, 0x63, 0x6F, 0x6C, 0x6F, 0x72, 0x3B, 0x0D, 0x0A, 0x4D, 0x55, 0x4C, 0x20,
    0x66, 0x6F, 0x67, 0x54, 0x65, 0x6D, 0x70, 0x2E, 0x7A, 0x2C, 0x20, 0x66, 0x6F, 0x67, 0x54, 0x65,
    0x6D, 0x70, 0x2E, 0x78, 0x2C, 0x20, 0x66, 0x6F, 0x67, 0x50, 0x61, 0x72, 0x61, 0x6D, 0x73, 0x2E,
    0x77, 0x3B, 0x0D, 0x0A, 0x4D, 0x55, 0x4C, 0x20, 0x72, 0x65, 0x73, 0x75, 0x6C, 0x74, 0x2E, 0x63,
    0x6F, 0x6C, 0x6F, 0x72, 0x2E, 0x73, 0x65, 0x63, 0x6F, 0x6E, 0x64, 0x61, 0x72, 0x79, 0x2E, 0x78,
    0x2C, 0x20, 0x66, 0x6F, 0x67, 0x54, 0x65, 0x6D, 0x70, 0x2E, 0x7A, 0x2C, 0x20, 0x66, 0x6F, 0x67,
    0x54, 0x65, 0x6D, 0x70, 0x2E, 0x79, 0x3B, 0x0A, 0x4D, 0x4F, 0x56, 0x20, 0x20, 0x20, 0x72, 0x65,
    0x73, 0x75, 0x6C, 0x74, 0x2E, 0x74, 0x65, 0x78, 0x63, 0x6F, 0x6F, 0x72, 0x64, 0x5B, 0x30, 0x5D,
    0x2C, 0x20, 0x76, 0x65, 0x72, 0x74, 0x65, 0x78, 0x2E, 0x74, 0x65, 0x78, 0x63, 0x6F, 0x6F, 0x72,
    0x64, 0x5B, 0x30, 0x5D, 0x3B, 0x0A, 0x4D, 0x4F, 0x56, 0x20, 0x20, 0x20, 0x72, 0x65, 0x73, 0x75,
    0x6C, 0x74, 0x2E, 0x63, 0x6F, 0x6C, 0x6F, 0x72, 0x2C, 0x20, 0x70, 0x72, 0x6F, 0x67, 0x72, 0x61,
    0x6D, 0x2E, 0x65, 0x6E, 0x76, 0x5B, 0x31, 0x32, 0x5D, 0x2E, 0x77, 0x3B, 0x0A, 0x45, 0x4E, 0x44,
};

static const unsigned char kShaderSource11[] = {
    0x21, 0x21, 0x41, 0x52, 0x42, 0x76, 0x70, 0x31, 0x2E, 0x30, 0x50, 0x41, 0x52, 0x41, 0x4D, 0x20,
    0x6D, 0x76, 0x4D, 0x61, 0x74, 0x72, 0x69, 0x78, 0x5B, 0x34, 0x5D, 0x20, 0x3D, 0x20, 0x7B, 0x20,
    0x73, 0x74, 0x61, 0x74, 0x65, 0x2E, 0x6D, 0x61, 0x74, 0x72, 0x69, 0x78, 0x2E, 0x6D, 0x6F, 0x64,
    0x65, 0x6C, 0x76, 0x69, 0x65, 0x77, 0x5B, 0x30, 0x5D, 0x20, 0x7D, 0x3B, 0x0A, 0x50, 0x41, 0x52,
    0x41, 0x4D, 0x20, 0x6D, 0x76, 0x70, 0x4D, 0x61, 0x74, 0x72, 0x69, 0x78, 0x5B, 0x34, 0x5D, 0x20,
    0x3D, 0x20, 0x7B, 0x20, 0x73, 0x74, 0x61, 0x74, 0x65, 0x2E, 0x6D, 0x61, 0x74, 0x72, 0x69, 0x78,
    0x2E, 0x6D, 0x76, 0x70, 0x20, 0x7D, 0x3B, 0x0D, 0x0A, 0x50, 0x41, 0x52, 0x41, 0x4D, 0x20, 0x66,
    0x6F, 0x67, 0x50, 0x61, 0x72, 0x61, 0x6D, 0x73, 0x20, 0x3D, 0x20, 0x73, 0x74, 0x61, 0x74, 0x65,
    0x2E, 0x66, 0x6F, 0x67, 0x2E, 0x70, 0x61, 0x72, 0x61, 0x6D, 0x73, 0x3B, 0x0A, 0x54, 0x45, 0x4D,
    0x50, 0x20, 0x76, 0x52, 0x65, 0x67, 0x31, 0x2C, 0x20, 0x76, 0x52, 0x65, 0x67, 0x32, 0x2C, 0x20,
    0x76, 0x52, 0x65, 0x67, 0x39, 0x2C, 0x20, 0x76, 0x52, 0x65, 0x67, 0x31, 0x30, 0x2C, 0x20, 0x76,
    0x52, 0x65, 0x67, 0x31, 0x31, 0x3B, 0x0D, 0x0A, 0x54, 0x45, 0x4D, 0x50, 0x20, 0x66, 0x6F, 0x67,
    0x54, 0x65, 0x6D, 0x70, 0x3B, 0x0A, 0x4D, 0x4F, 0x56, 0x09, 0x76, 0x52, 0x65, 0x67, 0x31, 0x2C,
    0x20, 0x76, 0x65, 0x72, 0x74, 0x65, 0x78, 0x2E, 0x70, 0x6F, 0x73, 0x69, 0x74, 0x69, 0x6F, 0x6E,
    0x3B, 0x0A, 0x4D, 0x4F, 0x56, 0x09, 0x76, 0x52, 0x65, 0x67, 0x32, 0x2C, 0x20, 0x76, 0x65, 0x72,
    0x74, 0x65, 0x78, 0x2E, 0x6E, 0x6F, 0x72, 0x6D, 0x61, 0x6C, 0x3B, 0x0A, 0x4D, 0x41, 0x44, 0x09,
    0x76, 0x52, 0x65, 0x67, 0x31, 0x2C, 0x20, 0x76, 0x52, 0x65, 0x67, 0x32, 0x2C, 0x20, 0x70, 0x72,
    0x6F, 0x67, 0x72, 0x61, 0x6D, 0x2E, 0x65, 0x6E, 0x76, 0x5B, 0x31, 0x32, 0x5D, 0x2E, 0x78, 0x2C,
    0x20, 0x76, 0x52, 0x65, 0x67, 0x31, 0x3B, 0x0A, 0x44, 0x50, 0x34, 0x20, 0x20, 0x20, 0x72, 0x65,
    0x73, 0x75, 0x6C, 0x74, 0x2E, 0x70, 0x6F, 0x73, 0x69, 0x74, 0x69, 0x6F, 0x6E, 0x2E, 0x78, 0x2C,
    0x20, 0x6D, 0x76, 0x70, 0x4D, 0x61, 0x74, 0x72, 0x69, 0x78, 0x5B, 0x30, 0x5D, 0x2C, 0x20, 0x76,
    0x52, 0x65, 0x67, 0x31, 0x3B, 0x0A, 0x44, 0x50, 0x34, 0x20, 0x20, 0x20, 0x72, 0x65, 0x73, 0x75,
    0x6C, 0x74, 0x2E, 0x70, 0x6F, 0x73, 0x69, 0x74, 0x69, 0x6F, 0x6E, 0x2E, 0x79, 0x2C, 0x20, 0x6D,
    0x76, 0x70, 0x4D, 0x61, 0x74, 0x72, 0x69, 0x78, 0x5B, 0x31, 0x5D, 0x2C, 0x20, 0x76, 0x52, 0x65,
    0x67, 0x31, 0x3B, 0x0A, 0x44, 0x50, 0x34, 0x20, 0x20, 0x20, 0x72, 0x65, 0x73, 0x75, 0x6C, 0x74,
    0x2E, 0x70, 0x6F, 0x73, 0x69, 0x74, 0x69, 0x6F, 0x6E, 0x2E, 0x7A, 0x2C, 0x20, 0x6D, 0x76, 0x70,
    0x4D, 0x61, 0x74, 0x72, 0x69, 0x78, 0x5B, 0x32, 0x5D, 0x2C, 0x20, 0x76, 0x52, 0x65, 0x67, 0x31,
    0x3B, 0x0A, 0x44, 0x50, 0x34, 0x20, 0x20, 0x20, 0x72, 0x65, 0x73, 0x75, 0x6C, 0x74, 0x2E, 0x70,
    0x6F, 0x73, 0x69, 0x74, 0x69, 0x6F, 0x6E, 0x2E, 0x77, 0x2C, 0x20, 0x6D, 0x76, 0x70, 0x4D, 0x61,
    0x74, 0x72, 0x69, 0x78, 0x5B, 0x33, 0x5D, 0x2C, 0x20, 0x76, 0x52, 0x65, 0x67, 0x31, 0x3B, 0x0A,
    0x44, 0x50, 0x34, 0x20, 0x20, 0x20, 0x76, 0x52, 0x65, 0x67, 0x31, 0x30, 0x2E, 0x78, 0x2C, 0x20,
    0x6D, 0x76, 0x4D, 0x61, 0x74, 0x72, 0x69, 0x78, 0x5B, 0x30, 0x5D, 0x2C, 0x20, 0x76, 0x52, 0x65,
    0x67, 0x31, 0x3B, 0x0A, 0x44, 0x50, 0x34, 0x20, 0x20, 0x20, 0x76, 0x52, 0x65, 0x67, 0x31, 0x30,
    0x2E, 0x79, 0x2C, 0x20, 0x6D, 0x76, 0x4D, 0x61, 0x74, 0x72, 0x69, 0x78, 0x5B, 0x31, 0x5D, 0x2C,
    0x20, 0x76, 0x52, 0x65, 0x67, 0x31, 0x3B, 0x0A, 0x44, 0x50, 0x34, 0x20, 0x20, 0x20, 0x76, 0x52,
    0x65, 0x67, 0x31, 0x30, 0x2E, 0x7A, 0x2C, 0x20, 0x6D, 0x76, 0x4D, 0x61, 0x74, 0x72, 0x69, 0x78,
    0x5B, 0x32, 0x5D, 0x2C, 0x20, 0x76, 0x52, 0x65, 0x67, 0x31, 0x3B, 0x0A, 0x4D, 0x4F, 0x56, 0x20,
    0x20, 0x20, 0x76, 0x52, 0x65, 0x67, 0x31, 0x30, 0x2E, 0x77, 0x2C, 0x20, 0x70, 0x72, 0x6F, 0x67,
    0x72, 0x61, 0x6D, 0x2E, 0x65, 0x6E, 0x76, 0x5B, 0x31, 0x32, 0x5D, 0x2E, 0x77, 0x3B, 0x0A, 0x44,
    0x50, 0x33, 0x20, 0x20, 0x20, 0x76, 0x52, 0x65, 0x67, 0x31, 0x2E, 0x77, 0x2C, 0x20, 0x76, 0x52,
    0x65, 0x67, 0x31, 0x30, 0x2C, 0x20, 0x76, 0x52, 0x65, 0x67, 0x31, 0x30, 0x3B, 0x0A, 0x52, 0x53,
    0x51, 0x20, 0x20, 0x20, 0x76, 0x52, 0x65, 0x67, 0x31, 0x2E, 0x77, 0x2C, 0x20, 0x76, 0x52, 0x65,
    0x67, 0x31, 0x2E, 0x77, 0x3B, 0x0A, 0x52, 0x43, 0x50, 0x20, 0x20, 0x20, 0x76, 0x52, 0x65, 0x67,
    0x31, 0x2E, 0x77, 0x2C, 0x20, 0x76, 0x52, 0x65, 0x67, 0x31, 0x2E, 0x77, 0x3B, 0x0A, 0x4D, 0x4F,
    0x56, 0x20, 0x20, 0x20, 0x72, 0x65, 0x73, 0x75, 0x6C, 0x74, 0x2E, 0x66, 0x6F, 0x67, 0x63, 0x6F,
    0x6F, 0x72, 0x64, 0x2C, 0x20, 0x76, 0x52, 0x65, 0x67, 0x31, 0x2E, 0x77, 0x3B, 0x0D, 0x0A, 0x41,
    0x44, 0x44, 0x20, 0x66, 0x6F, 0x67, 0x54, 0x65, 0x6D, 0x70, 0x2E, 0x78, 0x2C, 0x20, 0x2D, 0x66,
    0x6F, 0x67, 0x50, 0x61, 0x72, 0x61, 0x6D, 0x73, 0x2E, 0x79, 0x2C, 0x20, 0x76, 0x52, 0x65, 0x67,
    0x31, 0x2E, 0x77, 0x3B, 0x0D, 0x0A, 0x53, 0x4C, 0x54, 0x20, 0x66, 0x6F, 0x67, 0x54, 0x65, 0x6D,
    0x70, 0x2E, 0x79, 0x2C, 0x20, 0x30, 0x2E, 0x30, 0x2C, 0x20, 0x73, 0x74, 0x61, 0x74, 0x65, 0x2E,
    0x66, 0x6F, 0x67, 0x2E, 0x63, 0x6F, 0x6C, 0x6F, 0x72, 0x3B, 0x0D, 0x0A, 0x4D, 0x55, 0x4C, 0x20,
    0x66, 0x6F, 0x67, 0x54, 0x65, 0x6D, 0x70, 0x2E, 0x7A, 0x2C, 0x20, 0x66, 0x6F, 0x67, 0x54, 0x65,
    0x6D, 0x70, 0x2E, 0x78, 0x2C, 0x20, 0x66, 0x6F, 0x67, 0x50, 0x61, 0x72, 0x61, 0x6D, 0x73, 0x2E,
    0x77, 0x3B, 0x0D, 0x0A, 0x4D, 0x55, 0x4C, 0x20, 0x72, 0x65, 0x73, 0x75, 0x6C, 0x74, 0x2E, 0x63,
    0x6F, 0x6C, 0x6F, 0x72, 0x2E, 0x73, 0x65, 0x63, 0x6F, 0x6E, 0x64, 0x61, 0x72, 0x79, 0x2E, 0x78,
    0x2C, 0x20, 0x66, 0x6F, 0x67, 0x54, 0x65, 0x6D, 0x70, 0x2E, 0x7A, 0x2C, 0x20, 0x66, 0x6F, 0x67,
    0x54, 0x65, 0x6D, 0x70, 0x2E, 0x79, 0x3B, 0x0A, 0x44, 0x50, 0x33, 0x20, 0x20, 0x20, 0x76, 0x52,
    0x65, 0x67, 0x31, 0x31, 0x2E, 0x78, 0x2C, 0x20, 0x6D, 0x76, 0x4D, 0x61, 0x74, 0x72, 0x69, 0x78,
    0x5B, 0x30, 0x5D, 0x2C, 0x20, 0x76, 0x65, 0x72, 0x74, 0x65, 0x78, 0x2E, 0x6E, 0x6F, 0x72, 0x6D,
    0x61, 0x6C, 0x3B, 0x0A, 0x44, 0x50, 0x33, 0x20, 0x20, 0x20, 0x76, 0x52, 0x65, 0x67, 0x31, 0x31,
    0x2E, 0x79, 0x2C, 0x20, 0x6D, 0x76, 0x4D, 0x61, 0x74, 0x72, 0x69, 0x78, 0x5B, 0x31, 0x5D, 0x2C,
    0x20, 0x76, 0x65, 0x72, 0x74, 0x65, 0x78, 0x2E, 0x6E, 0x6F, 0x72, 0x6D, 0x61, 0x6C, 0x3B, 0x0A,
    0x44, 0x50, 0x33, 0x20, 0x20, 0x20, 0x76, 0x52, 0x65, 0x67, 0x31, 0x31, 0x2E, 0x7A, 0x2C, 0x20,
    0x6D, 0x76, 0x4D, 0x61, 0x74, 0x72, 0x69, 0x78, 0x5B, 0x32, 0x5D, 0x2C, 0x20, 0x76, 0x65, 0x72,
    0x74, 0x65, 0x78, 0x2E, 0x6E, 0x6F, 0x72, 0x6D, 0x61, 0x6C, 0x3B, 0x0A, 0x44, 0x50, 0x33, 0x20,
    0x20, 0x20, 0x76, 0x52, 0x65, 0x67, 0x31, 0x31, 0x2E, 0x77, 0x2C, 0x20, 0x76, 0x52, 0x65, 0x67,
    0x31, 0x31, 0x2C, 0x20, 0x76, 0x52, 0x65, 0x67, 0x31, 0x31, 0x3B, 0x0A, 0x52, 0x53, 0x51, 0x20,
    0x20, 0x20, 0x76, 0x52, 0x65, 0x67, 0x31, 0x31, 0x2E, 0x77, 0x2C, 0x20, 0x76, 0x52, 0x65, 0x67,
    0x31, 0x31, 0x2E, 0x77, 0x3B, 0x0A, 0x4D, 0x55, 0x4C, 0x20, 0x20, 0x20, 0x76, 0x52, 0x65, 0x67,
    0x31, 0x31, 0x2C, 0x20, 0x76, 0x52, 0x65, 0x67, 0x31, 0x31, 0x2C, 0x20, 0x76, 0x52, 0x65, 0x67,
    0x31, 0x31, 0x2E, 0x77, 0x3B, 0x0A, 0x4D, 0x4F, 0x56, 0x20, 0x20, 0x20, 0x76, 0x52, 0x65, 0x67,
    0x39, 0x2C, 0x20, 0x76, 0x65, 0x72, 0x74, 0x65, 0x78, 0x2E, 0x63, 0x6F, 0x6C, 0x6F, 0x72, 0x3B,
    0x0A, 0x4D, 0x4F, 0x56, 0x20, 0x20, 0x20, 0x72, 0x65, 0x73, 0x75, 0x6C, 0x74, 0x2E, 0x74, 0x65,
    0x78, 0x63, 0x6F, 0x6F, 0x72, 0x64, 0x5B, 0x30, 0x5D, 0x2C, 0x20, 0x76, 0x65, 0x72, 0x74, 0x65,
    0x78, 0x2E, 0x74, 0x65, 0x78, 0x63, 0x6F, 0x6F, 0x72, 0x64, 0x5B, 0x30, 0x5D, 0x3B, 0x0A, 0x4D,
    0x4F, 0x56, 0x20, 0x20, 0x20, 0x72, 0x65, 0x73, 0x75, 0x6C, 0x74, 0x2E, 0x74, 0x65, 0x78, 0x63,
    0x6F, 0x6F, 0x72, 0x64, 0x5B, 0x31, 0x5D, 0x2C, 0x20, 0x76, 0x65, 0x72, 0x74, 0x65, 0x78, 0x2E,
    0x74, 0x65, 0x78, 0x63, 0x6F, 0x6F, 0x72, 0x64, 0x5B, 0x31, 0x5D, 0x3B, 0x0A, 0x4D, 0x4F, 0x56,
    0x20, 0x72, 0x65, 0x73, 0x75, 0x6C, 0x74, 0x2E, 0x63, 0x6F, 0x6C, 0x6F, 0x72, 0x2C, 0x20, 0x70,
    0x72, 0x6F, 0x67, 0x72, 0x61, 0x6D, 0x2E, 0x65, 0x6E, 0x76, 0x5B, 0x31, 0x32, 0x5D, 0x2E, 0x77,
    0x3B, 0x0A, 0x45, 0x4E, 0x44,
};

static const unsigned char kShaderSource12[] = {
    0x21, 0x21, 0x41, 0x52, 0x42, 0x76, 0x70, 0x31, 0x2E, 0x30, 0x0A, 0x50, 0x41, 0x52, 0x41, 0x4D,
    0x20, 0x6D, 0x76, 0x4D, 0x5B, 0x34, 0x5D, 0x20, 0x3D, 0x20, 0x7B, 0x20, 0x73, 0x74, 0x61, 0x74,
    0x65, 0x2E, 0x6D, 0x61, 0x74, 0x72, 0x69, 0x78, 0x2E, 0x6D, 0x6F, 0x64, 0x65, 0x6C, 0x76, 0x69,
    0x65, 0x77, 0x5B, 0x30, 0x5D, 0x20, 0x7D, 0x3B, 0x0A, 0x50, 0x41, 0x52, 0x41, 0x4D, 0x20, 0x6D,
    0x76, 0x70, 0x4D, 0x5B, 0x34, 0x5D, 0x20, 0x3D, 0x20, 0x7B, 0x20, 0x73, 0x74, 0x61, 0x74, 0x65,
    0x2E, 0x6D, 0x61, 0x74, 0x72, 0x69, 0x78, 0x2E, 0x6D, 0x76, 0x70, 0x20, 0x7D, 0x3B, 0x0A, 0x54,
    0x45, 0x4D, 0x50, 0x20, 0x76, 0x54, 0x65, 0x6D, 0x70, 0x2C, 0x20, 0x76, 0x52, 0x65, 0x67, 0x30,
    0x2C, 0x20, 0x76, 0x52, 0x65, 0x67, 0x31, 0x2C, 0x20, 0x76, 0x52, 0x65, 0x67, 0x32, 0x2C, 0x20,
    0x76, 0x52, 0x65, 0x67, 0x33, 0x2C, 0x20, 0x76, 0x52, 0x65, 0x67, 0x34, 0x2C, 0x20, 0x76, 0x52,
    0x65, 0x67, 0x31, 0x30, 0x2C, 0x20, 0x76, 0x4E, 0x6F, 0x72, 0x6D, 0x61, 0x6C, 0x57, 0x6F, 0x72,
    0x6C, 0x64, 0x2C, 0x20, 0x74, 0x3B, 0x0A, 0x50, 0x41, 0x52, 0x41, 0x4D, 0x20, 0x66, 0x20, 0x3D,
    0x20, 0x73, 0x74, 0x61, 0x74, 0x65, 0x2E, 0x66, 0x6F, 0x67, 0x2E, 0x70, 0x61, 0x72, 0x61, 0x6D,
    0x73, 0x3B, 0x0A, 0x41, 0x4C, 0x49, 0x41, 0x53, 0x20, 0x76, 0x46, 0x69, 0x6E, 0x61, 0x6C, 0x43,
    0x6F, 0x6C, 0x6F, 0x75, 0x72, 0x20, 0x3D, 0x20, 0x76, 0x54, 0x65, 0x6D, 0x70, 0x3B, 0x0A, 0x0A,
    0x44, 0x50, 0x34, 0x20, 0x72, 0x65, 0x73, 0x75, 0x6C, 0x74, 0x2E, 0x70, 0x6F, 0x73, 0x69, 0x74,
    0x69, 0x6F, 0x6E, 0x2E, 0x78, 0x2C, 0x20, 0x6D, 0x76, 0x70, 0x4D, 0x5B, 0x30, 0x5D, 0x2C, 0x20,
    0x76, 0x65, 0x72, 0x74, 0x65, 0x78, 0x2E, 0x70, 0x6F, 0x73, 0x69, 0x74, 0x69, 0x6F, 0x6E, 0x3B,
    0x0A, 0x44, 0x50, 0x34, 0x20, 0x72, 0x65, 0x73, 0x75, 0x6C, 0x74, 0x2E, 0x70, 0x6F, 0x73, 0x69,
    0x74, 0x69, 0x6F, 0x6E, 0x2E, 0x79, 0x2C, 0x20, 0x6D, 0x76, 0x70, 0x4D, 0x5B, 0x31, 0x5D, 0x2C,
    0x20, 0x76, 0x65, 0x72, 0x74, 0x65, 0x78, 0x2E, 0x70, 0x6F, 0x73, 0x69, 0x74, 0x69, 0x6F, 0x6E,
    0x3B, 0x0A, 0x44, 0x50, 0x34, 0x20, 0x72, 0x65, 0x73, 0x75, 0x6C, 0x74, 0x2E, 0x70, 0x6F, 0x73,
    0x69, 0x74, 0x69, 0x6F, 0x6E, 0x2E, 0x7A, 0x2C, 0x20, 0x6D, 0x76, 0x70, 0x4D, 0x5B, 0x32, 0x5D,
    0x2C, 0x20, 0x76, 0x65, 0x72, 0x74, 0x65, 0x78, 0x2E, 0x70, 0x6F, 0x73, 0x69, 0x74, 0x69, 0x6F,
    0x6E, 0x3B, 0x0A, 0x44, 0x50, 0x34, 0x20, 0x72, 0x65, 0x73, 0x75, 0x6C, 0x74, 0x2E, 0x70, 0x6F,
    0x73, 0x69, 0x74, 0x69, 0x6F, 0x6E, 0x2E, 0x77, 0x2C, 0x20, 0x6D, 0x76, 0x70, 0x4D, 0x5B, 0x33,
    0x5D, 0x2C, 0x20, 0x76, 0x65, 0x72, 0x74, 0x65, 0x78, 0x2E, 0x70, 0x6F, 0x73, 0x69, 0x74, 0x69,
    0x6F, 0x6E, 0x3B, 0x0A, 0x44, 0x50, 0x34, 0x20, 0x76, 0x52, 0x65, 0x67, 0x31, 0x30, 0x2E, 0x78,
    0x2C, 0x20, 0x6D, 0x76, 0x4D, 0x5B, 0x30, 0x5D, 0x2C, 0x20, 0x76, 0x65, 0x72, 0x74, 0x65, 0x78,
    0x2E, 0x70, 0x6F, 0x73, 0x69, 0x74, 0x69, 0x6F, 0x6E, 0x3B, 0x0A, 0x44, 0x50, 0x34, 0x20, 0x76,
    0x52, 0x65, 0x67, 0x31, 0x30, 0x2E, 0x79, 0x2C, 0x20, 0x6D, 0x76, 0x4D, 0x5B, 0x31, 0x5D, 0x2C,
    0x20, 0x76, 0x65, 0x72, 0x74, 0x65, 0x78, 0x2E, 0x70, 0x6F, 0x73, 0x69, 0x74, 0x69, 0x6F, 0x6E,
    0x3B, 0x0A, 0x44, 0x50, 0x34, 0x20, 0x76, 0x52, 0x65, 0x67, 0x31, 0x30, 0x2E, 0x7A, 0x2C, 0x20,
    0x6D, 0x76, 0x4D, 0x5B, 0x32, 0x5D, 0x2C, 0x20, 0x76, 0x65, 0x72, 0x74, 0x65, 0x78, 0x2E, 0x70,
    0x6F, 0x73, 0x69, 0x74, 0x69, 0x6F, 0x6E, 0x3B, 0x0A, 0x44, 0x50, 0x34, 0x20, 0x76, 0x52, 0x65,
    0x67, 0x31, 0x30, 0x2E, 0x77, 0x2C, 0x20, 0x6D, 0x76, 0x4D, 0x5B, 0x33, 0x5D, 0x2C, 0x20, 0x76,
    0x65, 0x72, 0x74, 0x65, 0x78, 0x2E, 0x70, 0x6F, 0x73, 0x69, 0x74, 0x69, 0x6F, 0x6E, 0x3B, 0x0A,
    0x44, 0x50, 0x33, 0x20, 0x76, 0x4E, 0x6F, 0x72, 0x6D, 0x61, 0x6C, 0x57, 0x6F, 0x72, 0x6C, 0x64,
    0x2E, 0x78, 0x2C, 0x20, 0x6D, 0x76, 0x4D, 0x5B, 0x30, 0x5D, 0x2C, 0x20, 0x76, 0x65, 0x72, 0x74,
    0x65, 0x78, 0x2E, 0x6E, 0x6F, 0x72, 0x6D, 0x61, 0x6C, 0x3B, 0x0A, 0x44, 0x50, 0x33, 0x20, 0x76,
    0x4E, 0x6F, 0x72, 0x6D, 0x61, 0x6C, 0x57, 0x6F, 0x72, 0x6C, 0x64, 0x2E, 0x79, 0x2C, 0x20, 0x6D,
    0x76, 0x4D, 0x5B, 0x31, 0x5D, 0x2C, 0x20, 0x76, 0x65, 0x72, 0x74, 0x65, 0x78, 0x2E, 0x6E, 0x6F,
    0x72, 0x6D, 0x61, 0x6C, 0x3B, 0x0A, 0x44, 0x50, 0x33, 0x20, 0x76, 0x4E, 0x6F, 0x72, 0x6D, 0x61,
    0x6C, 0x57, 0x6F, 0x72, 0x6C, 0x64, 0x2E, 0x7A, 0x2C, 0x20, 0x6D, 0x76, 0x4D, 0x5B, 0x32, 0x5D,
    0x2C, 0x20, 0x76, 0x65, 0x72, 0x74, 0x65, 0x78, 0x2E, 0x6E, 0x6F, 0x72, 0x6D, 0x61, 0x6C, 0x3B,
    0x0A, 0x44, 0x50, 0x33, 0x20, 0x76, 0x52, 0x65, 0x67, 0x30, 0x2E, 0x78, 0x2C, 0x20, 0x76, 0x52,
    0x65, 0x67, 0x31, 0x30, 0x2C, 0x20, 0x76, 0x52, 0x65, 0x67, 0x31, 0x30, 0x3B, 0x0A, 0x52, 0x53,
    0x51, 0x20, 0x76, 0x52, 0x65, 0x67, 0x30, 0x2E, 0x78, 0x2C, 0x20, 0x76, 0x52, 0x65, 0x67, 0x30,
    0x2E, 0x78, 0x3B, 0x0A, 0x52, 0x43, 0x50, 0x20, 0x76, 0x52, 0x65, 0x67, 0x30, 0x2E, 0x78, 0x2C,
    0x20, 0x76, 0x52, 0x65, 0x67, 0x30, 0x2E, 0x78, 0x3B, 0x0A, 0x4D, 0x4F, 0x56, 0x20, 0x72, 0x65,
    0x73, 0x75, 0x6C, 0x74, 0x2E, 0x66, 0x6F, 0x67, 0x63, 0x6F, 0x6F, 0x72, 0x64, 0x2C, 0x20, 0x76,
    0x52, 0x65, 0x67, 0x30, 0x2E, 0x78, 0x3B, 0x0A, 0x41, 0x44, 0x44, 0x20, 0x76, 0x52, 0x65, 0x67,
    0x31, 0x2E, 0x78, 0x2C, 0x20, 0x2D, 0x66, 0x2E, 0x79, 0x2C, 0x20, 0x76, 0x52, 0x65, 0x67, 0x30,
    0x2E, 0x78, 0x3B, 0x0A, 0x53, 0x4C, 0x54, 0x20, 0x74, 0x2E, 0x78, 0x2C, 0x20, 0x30, 0x2E, 0x30,
    0x2C, 0x20, 0x73, 0x74, 0x61, 0x74, 0x65, 0x2E, 0x66, 0x6F, 0x67, 0x2E, 0x63, 0x6F, 0x6C, 0x6F,
    0x72, 0x3B, 0x0A, 0x4D, 0x55, 0x4C, 0x20, 0x74, 0x2E, 0x79, 0x2C, 0x20, 0x76, 0x52, 0x65, 0x67,
    0x31, 0x2E, 0x78, 0x2C, 0x20, 0x66, 0x2E, 0x77, 0x3B, 0x0A, 0x4D, 0x55, 0x4C, 0x20, 0x72, 0x65,
    0x73, 0x75, 0x6C, 0x74, 0x2E, 0x63, 0x6F, 0x6C, 0x6F, 0x72, 0x2E, 0x73, 0x65, 0x63, 0x6F, 0x6E,
    0x64, 0x61, 0x72, 0x79, 0x2E, 0x78, 0x2C, 0x20, 0x74, 0x2E, 0x79, 0x2C, 0x20, 0x74, 0x2E, 0x78,
    0x3B, 0x0A, 0x44, 0x50, 0x33, 0x20, 0x76, 0x52, 0x65, 0x67, 0x30, 0x2E, 0x78, 0x2C, 0x20, 0x76,
    0x4E, 0x6F, 0x72, 0x6D, 0x61, 0x6C, 0x57, 0x6F, 0x72, 0x6C, 0x64, 0x2C, 0x20, 0x2D, 0x76, 0x52,
    0x65, 0x67, 0x31, 0x30, 0x3B, 0x0A, 0x4D, 0x55, 0x4C, 0x20, 0x76, 0x52, 0x65, 0x67, 0x31, 0x2C,
    0x20, 0x76, 0x52, 0x65, 0x67, 0x30, 0x2E, 0x78, 0x2C, 0x20, 0x76, 0x4E, 0x6F, 0x72, 0x6D, 0x61,
    0x6C, 0x57, 0x6F, 0x72, 0x6C, 0x64, 0x3B, 0x0A, 0x4D, 0x55, 0x4C, 0x20, 0x76, 0x52, 0x65, 0x67,
    0x32, 0x2C, 0x20, 0x76, 0x52, 0x65, 0x67, 0x31, 0x2C, 0x20, 0x70, 0x72, 0x6F, 0x67, 0x72, 0x61,
    0x6D, 0x2E, 0x65, 0x6E, 0x76, 0x5B, 0x31, 0x36, 0x5D, 0x2E, 0x79, 0x3B, 0x0A, 0x41, 0x44, 0x44,
    0x20, 0x76, 0x52, 0x65, 0x67, 0x33, 0x2C, 0x20, 0x76, 0x52, 0x65, 0x67, 0x31, 0x30, 0x2C, 0x20,
    0x76, 0x52, 0x65, 0x67, 0x32, 0x3B, 0x0A, 0x44, 0x50, 0x33, 0x20, 0x76, 0x52, 0x65, 0x67, 0x33,
    0x2E, 0x77, 0x2C, 0x20, 0x76, 0x52, 0x65, 0x67, 0x33, 0x2C, 0x20, 0x76, 0x52, 0x65, 0x67, 0x33,
    0x3B, 0x0A, 0x52, 0x53, 0x51, 0x20, 0x76, 0x52, 0x65, 0x67, 0x33, 0x2E, 0x77, 0x2C, 0x20, 0x76,
    0x52, 0x65, 0x67, 0x33, 0x2E, 0x77, 0x3B, 0x0A, 0x4D, 0x55, 0x4C, 0x20, 0x76, 0x52, 0x65, 0x67,
    0x33, 0x2C, 0x20, 0x76, 0x52, 0x65, 0x67, 0x33, 0x2C, 0x20, 0x76, 0x52, 0x65, 0x67, 0x33, 0x2E,
    0x77, 0x3B, 0x0A, 0x44, 0x50, 0x33, 0x20, 0x76, 0x52, 0x65, 0x67, 0x34, 0x2E, 0x78, 0x2C, 0x20,
    0x70, 0x72, 0x6F, 0x67, 0x72, 0x61, 0x6D, 0x2E, 0x65, 0x6E, 0x76, 0x5B, 0x39, 0x32, 0x5D, 0x2C,
    0x20, 0x76, 0x52, 0x65, 0x67, 0x33, 0x3B, 0x0A, 0x44, 0x50, 0x33, 0x20, 0x76, 0x52, 0x65, 0x67,
    0x34, 0x2E, 0x79, 0x2C, 0x20, 0x70, 0x72, 0x6F, 0x67, 0x72, 0x61, 0x6D, 0x2E, 0x65, 0x6E, 0x76,
    0x5B, 0x39, 0x31, 0x5D, 0x2C, 0x20, 0x76, 0x52, 0x65, 0x67, 0x33, 0x3B, 0x0A, 0x44, 0x50, 0x33,
    0x20, 0x76, 0x52, 0x65, 0x67, 0x34, 0x2E, 0x7A, 0x2C, 0x20, 0x70, 0x72, 0x6F, 0x67, 0x72, 0x61,
    0x6D, 0x2E, 0x65, 0x6E, 0x76, 0x5B, 0x39, 0x30, 0x5D, 0x2C, 0x20, 0x76, 0x52, 0x65, 0x67, 0x33,
    0x3B, 0x0A, 0x4D, 0x4F, 0x56, 0x20, 0x76, 0x52, 0x65, 0x67, 0x34, 0x2E, 0x77, 0x2C, 0x20, 0x70,
    0x72, 0x6F, 0x67, 0x72, 0x61, 0x6D, 0x2E, 0x65, 0x6E, 0x76, 0x5B, 0x31, 0x36, 0x5D, 0x2E, 0x77,
    0x3B, 0x0A, 0x4D, 0x4F, 0x56, 0x20, 0x72, 0x65, 0x73, 0x75, 0x6C, 0x74, 0x2E, 0x74, 0x65, 0x78,
    0x63, 0x6F, 0x6F, 0x72, 0x64, 0x5B, 0x30, 0x5D, 0x2C, 0x20, 0x76, 0x65, 0x72, 0x74, 0x65, 0x78,
    0x2E, 0x74, 0x65, 0x78, 0x63, 0x6F, 0x6F, 0x72, 0x64, 0x5B, 0x30, 0x5D, 0x3B, 0x0A, 0x4D, 0x4F,
    0x56, 0x20, 0x72, 0x65, 0x73, 0x75, 0x6C, 0x74, 0x2E, 0x74, 0x65, 0x78, 0x63, 0x6F, 0x6F, 0x72,
    0x64, 0x5B, 0x31, 0x5D, 0x2C, 0x20, 0x76, 0x52, 0x65, 0x67, 0x34, 0x3B, 0x0A, 0x4D, 0x4F, 0x56,
    0x20, 0x72, 0x65, 0x73, 0x75, 0x6C, 0x74, 0x2E, 0x74, 0x65, 0x78, 0x63, 0x6F, 0x6F, 0x72, 0x64,
    0x5B, 0x32, 0x5D, 0x2C, 0x20, 0x76, 0x65, 0x72, 0x74, 0x65, 0x78, 0x2E, 0x74, 0x65, 0x78, 0x63,
    0x6F, 0x6F, 0x72, 0x64, 0x5B, 0x32, 0x5D, 0x3B, 0x0A, 0x4D, 0x4F, 0x56, 0x20, 0x72, 0x65, 0x73,
    0x75, 0x6C, 0x74, 0x2E, 0x74, 0x65, 0x78, 0x63, 0x6F, 0x6F, 0x72, 0x64, 0x5B, 0x33, 0x5D, 0x2C,
    0x20, 0x76, 0x65, 0x72, 0x74, 0x65, 0x78, 0x2E, 0x74, 0x65, 0x78, 0x63, 0x6F, 0x6F, 0x72, 0x64,
    0x5B, 0x33, 0x5D, 0x3B, 0x0A, 0x4D, 0x4F, 0x56, 0x20, 0x72, 0x65, 0x73, 0x75, 0x6C, 0x74, 0x2E,
    0x63, 0x6F, 0x6C, 0x6F, 0x72, 0x2C, 0x20, 0x70, 0x72, 0x6F, 0x67, 0x72, 0x61, 0x6D, 0x2E, 0x65,
    0x6E, 0x76, 0x5B, 0x31, 0x35, 0x5D, 0x2E, 0x77, 0x77, 0x77, 0x7A, 0x3B, 0x0A, 0x4D, 0x4F, 0x56,
    0x20, 0x76, 0x46, 0x69, 0x6E, 0x61, 0x6C, 0x43, 0x6F, 0x6C, 0x6F, 0x75, 0x72, 0x2C, 0x20, 0x70,
    0x72, 0x6F, 0x67, 0x72, 0x61, 0x6D, 0x2E, 0x65, 0x6E, 0x76, 0x5B, 0x38, 0x39, 0x5D, 0x2E, 0x78,
    0x78, 0x78, 0x77, 0x3B, 0x0A, 0x44, 0x50, 0x34, 0x20, 0x76, 0x52, 0x65, 0x67, 0x30, 0x2E, 0x78,
    0x2C, 0x20, 0x76, 0x52, 0x65, 0x67, 0x31, 0x30, 0x2C, 0x20, 0x70, 0x72, 0x6F, 0x67, 0x72, 0x61,
    0x6D, 0x2E, 0x65, 0x6E, 0x76, 0x5B, 0x39, 0x32, 0x5D, 0x3B, 0x0A, 0x44, 0x50, 0x34, 0x20, 0x76,
    0x52, 0x65, 0x67, 0x30, 0x2E, 0x79, 0x2C, 0x20, 0x76, 0x52, 0x65, 0x67, 0x31, 0x30, 0x2C, 0x20,
    0x70, 0x72, 0x6F, 0x67, 0x72, 0x61, 0x6D, 0x2E, 0x65, 0x6E, 0x76, 0x5B, 0x39, 0x31, 0x5D, 0x3B,
    0x0A, 0x44, 0x50, 0x34, 0x20, 0x76, 0x52, 0x65, 0x67, 0x30, 0x2E, 0x7A, 0x2C, 0x20, 0x76, 0x52,
    0x65, 0x67, 0x31, 0x30, 0x2C, 0x20, 0x70, 0x72, 0x6F, 0x67, 0x72, 0x61, 0x6D, 0x2E, 0x65, 0x6E,
    0x76, 0x5B, 0x39, 0x30, 0x5D, 0x3B, 0x0A, 0x44, 0x50, 0x34, 0x20, 0x76, 0x52, 0x65, 0x67, 0x30,
    0x2E, 0x77, 0x2C, 0x20, 0x76, 0x52, 0x65, 0x67, 0x31, 0x30, 0x2C, 0x20, 0x70, 0x72, 0x6F, 0x67,
    0x72, 0x61, 0x6D, 0x2E, 0x65, 0x6E, 0x76, 0x5B, 0x38, 0x39, 0x5D, 0x3B, 0x0A, 0x4D, 0x4F, 0x56,
    0x20, 0x76, 0x52, 0x65, 0x67, 0x31, 0x30, 0x2C, 0x20, 0x76, 0x52, 0x65, 0x67, 0x30, 0x3B, 0x0A,
    0x44, 0x50, 0x33, 0x20, 0x76, 0x52, 0x65, 0x67, 0x30, 0x2E, 0x78, 0x2C, 0x20, 0x76, 0x4E, 0x6F,
    0x72, 0x6D, 0x61, 0x6C, 0x57, 0x6F, 0x72, 0x6C, 0x64, 0x2C, 0x20, 0x70, 0x72, 0x6F, 0x67, 0x72,
    0x61, 0x6D, 0x2E, 0x65, 0x6E, 0x76, 0x5B, 0x39, 0x32, 0x5D, 0x3B, 0x0A, 0x44, 0x50, 0x33, 0x20,
    0x76, 0x52, 0x65, 0x67, 0x30, 0x2E, 0x79, 0x2C, 0x20, 0x76, 0x4E, 0x6F, 0x72, 0x6D, 0x61, 0x6C,
    0x57, 0x6F, 0x72, 0x6C, 0x64, 0x2C, 0x20, 0x70, 0x72, 0x6F, 0x67, 0x72, 0x61, 0x6D, 0x2E, 0x65,
    0x6E, 0x76, 0x5B, 0x39, 0x31, 0x5D, 0x3B, 0x0A, 0x44, 0x50, 0x33, 0x20, 0x76, 0x52, 0x65, 0x67,
    0x30, 0x2E, 0x7A, 0x2C, 0x20, 0x76, 0x4E, 0x6F, 0x72, 0x6D, 0x61, 0x6C, 0x57, 0x6F, 0x72, 0x6C,
    0x64, 0x2C, 0x20, 0x70, 0x72, 0x6F, 0x67, 0x72, 0x61, 0x6D, 0x2E, 0x65, 0x6E, 0x76, 0x5B, 0x39,
    0x30, 0x5D, 0x3B, 0x0A, 0x4D, 0x4F, 0x56, 0x20, 0x76, 0x4E, 0x6F, 0x72, 0x6D, 0x61, 0x6C, 0x57,
    0x6F, 0x72, 0x6C, 0x64, 0x2C, 0x20, 0x76, 0x52, 0x65, 0x67, 0x30, 0x3B, 0x0A, 0x41, 0x44, 0x44,
    0x20, 0x76, 0x52, 0x65, 0x67, 0x30, 0x2C, 0x20, 0x2D, 0x76, 0x52, 0x65, 0x67, 0x31, 0x30, 0x2C,
    0x20, 0x70, 0x72, 0x6F, 0x67, 0x72, 0x61, 0x6D, 0x2E, 0x65, 0x6E, 0x76, 0x5B, 0x38, 0x37, 0x5D,
    0x3B, 0x0A, 0x44, 0x50, 0x33, 0x20, 0x76, 0x52, 0x65, 0x67, 0x30, 0x2E, 0x77, 0x2C, 0x20, 0x76,
    0x52, 0x65, 0x67, 0x30, 0x2C, 0x20, 0x76, 0x52, 0x65, 0x67, 0x30, 0x3B, 0x0A, 0x52, 0x53, 0x51,
    0x20, 0x76, 0x52, 0x65, 0x67, 0x31, 0x2E, 0x77, 0x2C, 0x20, 0x76, 0x52, 0x65, 0x67, 0x30, 0x2E,
    0x77, 0x3B, 0x0A, 0x4D, 0x55, 0x4C, 0x20, 0x76, 0x52, 0x65, 0x67, 0x32, 0x2C, 0x20, 0x76, 0x52,
    0x65, 0x67, 0x30, 0x2C, 0x20, 0x76, 0x52, 0x65, 0x67, 0x31, 0x2E, 0x77, 0x3B, 0x0A, 0x44, 0x53,
    0x54, 0x20, 0x76, 0x52, 0x65, 0x67, 0x33, 0x2C, 0x20, 0x76, 0x52, 0x65, 0x67, 0x30, 0x2E, 0x77,
    0x2C, 0x20, 0x76, 0x52, 0x65, 0x67, 0x31, 0x2E, 0x77, 0x3B, 0x0A, 0x44, 0x50, 0x33, 0x20, 0x76,
    0x52, 0x65, 0x67, 0x33, 0x2E, 0x77, 0x2C, 0x20, 0x76, 0x52, 0x65, 0x67, 0x33, 0x2C, 0x20, 0x70,
    0x72, 0x6F, 0x67, 0x72, 0x61, 0x6D, 0x2E, 0x65, 0x6E, 0x76, 0x5B, 0x38, 0x33, 0x5D, 0x3B, 0x0A,
    0x52, 0x43, 0x50, 0x20, 0x76, 0x52, 0x65, 0x67, 0x33, 0x2E, 0x77, 0x2C, 0x20, 0x76, 0x52, 0x65,
    0x67, 0x33, 0x2E, 0x77, 0x3B, 0x0A, 0x44, 0x50, 0x33, 0x20, 0x76, 0x52, 0x65, 0x67, 0x30, 0x2E,
    0x78, 0x2C, 0x20, 0x76, 0x4E, 0x6F, 0x72, 0x6D, 0x61, 0x6C, 0x57, 0x6F, 0x72, 0x6C, 0x64, 0x2C,
    0x20, 0x76, 0x52, 0x65, 0x67, 0x32, 0x3B, 0x0A, 0x4C, 0x49, 0x54, 0x20, 0x76, 0x52, 0x65, 0x67,
    0x30, 0x2C, 0x20, 0x76, 0x52, 0x65, 0x67, 0x30, 0x3B, 0x0A, 0x4D, 0x55, 0x4C, 0x20, 0x76, 0x52,
    0x65, 0x67, 0x30, 0x2C, 0x20, 0x76, 0x52, 0x65, 0x67, 0x30, 0x2C, 0x20, 0x76, 0x52, 0x65, 0x67,
    0x33, 0x2E, 0x77, 0x3B, 0x0A, 0x4D, 0x55, 0x4C, 0x20, 0x76, 0x52, 0x65, 0x67, 0x31, 0x2C, 0x20,
    0x76, 0x52, 0x65, 0x67, 0x30, 0x2E, 0x78, 0x2C, 0x20, 0x70, 0x72, 0x6F, 0x67, 0x72, 0x61, 0x6D,
    0x2E, 0x65, 0x6E, 0x76, 0x5B, 0x38, 0x36, 0x5D, 0x3B, 0x0A, 0x4D, 0x41, 0x44, 0x20, 0x76, 0x46,
    0x69, 0x6E, 0x61, 0x6C, 0x43, 0x6F, 0x6C, 0x6F, 0x75, 0x72, 0x2E, 0x78, 0x79, 0x7A, 0x77, 0x2C,
    0x20, 0x76, 0x52, 0x65, 0x67, 0x31, 0x2C, 0x20, 0x70, 0x72, 0x6F, 0x67, 0x72, 0x61, 0x6D, 0x2E,
    0x65, 0x6E, 0x76, 0x5B, 0x39, 0x35, 0x5D, 0x2C, 0x20, 0x76, 0x46, 0x69, 0x6E, 0x61, 0x6C, 0x43,
    0x6F, 0x6C, 0x6F, 0x75, 0x72, 0x3B, 0x0A, 0x4D, 0x55, 0x4C, 0x20, 0x76, 0x52, 0x65, 0x67, 0x31,
    0x2C, 0x20, 0x76, 0x52, 0x65, 0x67, 0x30, 0x2E, 0x79, 0x2C, 0x20, 0x70, 0x72, 0x6F, 0x67, 0x72,
    0x61, 0x6D, 0x2E, 0x65, 0x6E, 0x76, 0x5B, 0x38, 0x35, 0x5D, 0x3B, 0x0A, 0x4D, 0x41, 0x44, 0x20,
    0x76, 0x46, 0x69, 0x6E, 0x61, 0x6C, 0x43, 0x6F, 0x6C, 0x6F, 0x75, 0x72, 0x2E, 0x78, 0x79, 0x7A,
    0x77, 0x2C, 0x20, 0x76, 0x52, 0x65, 0x67, 0x31, 0x2C, 0x20, 0x70, 0x72, 0x6F, 0x67, 0x72, 0x61,
    0x6D, 0x2E, 0x65, 0x6E, 0x76, 0x5B, 0x39, 0x34, 0x5D, 0x2C, 0x20, 0x76, 0x46, 0x69, 0x6E, 0x61,
    0x6C, 0x43, 0x6F, 0x6C, 0x6F, 0x75, 0x72, 0x3B, 0x0A, 0x41, 0x44, 0x44, 0x20, 0x76, 0x52, 0x65,
    0x67, 0x30, 0x2C, 0x20, 0x2D, 0x76, 0x52, 0x65, 0x67, 0x31, 0x30, 0x2C, 0x20, 0x70, 0x72, 0x6F,
    0x67, 0x72, 0x61, 0x6D, 0x2E, 0x65, 0x6E, 0x76, 0x5B, 0x38, 0x32, 0x5D, 0x3B, 0x0A, 0x44, 0x50,
    0x33, 0x20, 0x76, 0x52, 0x65, 0x67, 0x30, 0x2E, 0x77, 0x2C, 0x20, 0x76, 0x52, 0x65, 0x67, 0x30,
    0x2C, 0x20, 0x76, 0x52, 0x65, 0x67, 0x30, 0x3B, 0x0A, 0x52, 0x53, 0x51, 0x20, 0x76, 0x52, 0x65,
    0x67, 0x31, 0x2E, 0x77, 0x2C, 0x20, 0x76, 0x52, 0x65, 0x67, 0x30, 0x2E, 0x77, 0x3B, 0x0A, 0x4D,
    0x55, 0x4C, 0x20, 0x76, 0x52, 0x65, 0x67, 0x32, 0x2C, 0x20, 0x76, 0x52, 0x65, 0x67, 0x30, 0x2C,
    0x20, 0x76, 0x52, 0x65, 0x67, 0x31, 0x2E, 0x77, 0x3B, 0x0A, 0x44, 0x53, 0x54, 0x20, 0x76, 0x52,
    0x65, 0x67, 0x33, 0x2C, 0x20, 0x76, 0x52, 0x65, 0x67, 0x30, 0x2E, 0x77, 0x2C, 0x20, 0x76, 0x52,
    0x65, 0x67, 0x31, 0x2E, 0x77, 0x3B, 0x0A, 0x44, 0x50, 0x33, 0x20, 0x76, 0x52, 0x65, 0x67, 0x33,
    0x2E, 0x77, 0x2C, 0x20, 0x76, 0x52, 0x65, 0x67, 0x33, 0x2C, 0x20, 0x70, 0x72, 0x6F, 0x67, 0x72,
    0x61, 0x6D, 0x2E, 0x65, 0x6E, 0x76, 0x5B, 0x37, 0x38, 0x5D, 0x3B, 0x0A, 0x52, 0x43, 0x50, 0x20,
    0x76, 0x52, 0x65, 0x67, 0x33, 0x2E, 0x77, 0x2C, 0x20, 0x76, 0x52, 0x65, 0x67, 0x33, 0x2E, 0x77,
    0x3B, 0x0A, 0x44, 0x50, 0x33, 0x20, 0x76, 0x52, 0x65, 0x67, 0x30, 0x2E, 0x78, 0x2C, 0x20, 0x76,
    0x4E, 0x6F, 0x72, 0x6D, 0x61, 0x6C, 0x57, 0x6F, 0x72, 0x6C, 0x64, 0x2C, 0x20, 0x76, 0x52, 0x65,
    0x67, 0x32, 0x3B, 0x0A, 0x4C, 0x49, 0x54, 0x20, 0x76, 0x52, 0x65, 0x67, 0x30, 0x2C, 0x20, 0x76,
    0x52, 0x65, 0x67, 0x30, 0x3B, 0x0A, 0x4D, 0x55, 0x4C, 0x20, 0x76, 0x52, 0x65, 0x67, 0x30, 0x2C,
    0x20, 0x76, 0x52, 0x65, 0x67, 0x30, 0x2C, 0x20, 0x76, 0x52, 0x65, 0x67, 0x33, 0x2E, 0x77, 0x3B,
    0x0A, 0x4D, 0x55, 0x4C, 0x20, 0x76, 0x52, 0x65, 0x67, 0x31, 0x2C, 0x20, 0x76, 0x52, 0x65, 0x67,
    0x30, 0x2E, 0x78, 0x2C, 0x20, 0x70, 0x72, 0x6F, 0x67, 0x72, 0x61, 0x6D, 0x2E, 0x65, 0x6E, 0x76,
    0x5B, 0x38, 0x31, 0x5D, 0x3B, 0x0A, 0x4D, 0x41, 0x44, 0x20, 0x76, 0x46, 0x69, 0x6E, 0x61, 0x6C,
    0x43, 0x6F, 0x6C, 0x6F, 0x75, 0x72, 0x2E, 0x78, 0x79, 0x7A, 0x77, 0x2C, 0x20, 0x76, 0x52, 0x65,
    0x67, 0x31, 0x2C, 0x20, 0x70, 0x72, 0x6F, 0x67, 0x72, 0x61, 0x6D, 0x2E, 0x65, 0x6E, 0x76, 0x5B,
    0x39, 0x35, 0x5D, 0x2C, 0x20, 0x76, 0x46, 0x69, 0x6E, 0x61, 0x6C, 0x43, 0x6F, 0x6C, 0x6F, 0x75,
    0x72, 0x3B, 0x0A, 0x4D, 0x55, 0x4C, 0x20, 0x76, 0x52, 0x65, 0x67, 0x31, 0x2C, 0x20, 0x76, 0x52,
    0x65, 0x67, 0x30, 0x2E, 0x79, 0x2C, 0x20, 0x70, 0x72, 0x6F, 0x67, 0x72, 0x61, 0x6D, 0x2E, 0x65,
    0x6E, 0x76, 0x5B, 0x38, 0x30, 0x5D, 0x3B, 0x0A, 0x4D, 0x41, 0x44, 0x20, 0x76, 0x46, 0x69, 0x6E,
    0x61, 0x6C, 0x43, 0x6F, 0x6C, 0x6F, 0x75, 0x72, 0x2E, 0x78, 0x79, 0x7A, 0x77, 0x2C, 0x20, 0x76,
    0x52, 0x65, 0x67, 0x31, 0x2C, 0x20, 0x70, 0x72, 0x6F, 0x67, 0x72, 0x61, 0x6D, 0x2E, 0x65, 0x6E,
    0x76, 0x5B, 0x39, 0x34, 0x5D, 0x2C, 0x20, 0x76, 0x46, 0x69, 0x6E, 0x61, 0x6C, 0x43, 0x6F, 0x6C,
    0x6F, 0x75, 0x72, 0x3B, 0x0A, 0x41, 0x44, 0x44, 0x20, 0x76, 0x52, 0x65, 0x67, 0x30, 0x2C, 0x20,
    0x2D, 0x76, 0x52, 0x65, 0x67, 0x31, 0x30, 0x2C, 0x20, 0x70, 0x72, 0x6F, 0x67, 0x72, 0x61, 0x6D,
    0x2E, 0x65, 0x6E, 0x76, 0x5B, 0x37, 0x37, 0x5D, 0x3B, 0x0A, 0x44, 0x50, 0x33, 0x20, 0x76, 0x52,
    0x65, 0x67, 0x30, 0x2E, 0x77, 0x2C, 0x20, 0x76, 0x52, 0x65, 0x67, 0x30, 0x2C, 0x20, 0x76, 0x52,
    0x65, 0x67, 0x30, 0x3B, 0x0A, 0x52, 0x53, 0x51, 0x20, 0x76, 0x52, 0x65, 0x67, 0x31, 0x2E, 0x77,
    0x2C, 0x20, 0x76, 0x52, 0x65, 0x67, 0x30, 0x2E, 0x77, 0x3B, 0x0A, 0x4D, 0x55, 0x4C, 0x20, 0x76,
    0x52, 0x65, 0x67, 0x32, 0x2C, 0x20, 0x76, 0x52, 0x65, 0x67, 0x30, 0x2C, 0x20, 0x76, 0x52, 0x65,
    0x67, 0x31, 0x2E, 0x77, 0x3B, 0x0A, 0x44, 0x53, 0x54, 0x20, 0x76, 0x52, 0x65, 0x67, 0x33, 0x2C,
    0x20, 0x76, 0x52, 0x65, 0x67, 0x30, 0x2E, 0x77, 0x2C, 0x20, 0x76, 0x52, 0x65, 0x67, 0x31, 0x2E,
    0x77, 0x3B, 0x0A, 0x44, 0x50, 0x33, 0x20, 0x76, 0x52, 0x65, 0x67, 0x33, 0x2E, 0x77, 0x2C, 0x20,
    0x76, 0x52, 0x65, 0x67, 0x33, 0x2C, 0x20, 0x70, 0x72, 0x6F, 0x67, 0x72, 0x61, 0x6D, 0x2E, 0x65,
    0x6E, 0x76, 0x5B, 0x37, 0x33, 0x5D, 0x3B, 0x0A, 0x52, 0x43, 0x50, 0x20, 0x76, 0x52, 0x65, 0x67,
    0x33, 0x2E, 0x77, 0x2C, 0x20, 0x76, 0x52, 0x65, 0x67, 0x33, 0x2E, 0x77, 0x3B, 0x0A, 0x44, 0x50,
    0x33, 0x20, 0x76, 0x52, 0x65, 0x67, 0x30, 0x2E, 0x78, 0x2C, 0x20, 0x76, 0x4E, 0x6F, 0x72, 0x6D,
    0x61, 0x6C, 0x57, 0x6F, 0x72, 0x6C, 0x64, 0x2C, 0x20, 0x76, 0x52, 0x65, 0x67, 0x32, 0x3B, 0x0A,
    0x4C, 0x49, 0x54, 0x20, 0x76, 0x52, 0x65, 0x67, 0x30, 0x2C, 0x20, 0x76, 0x52, 0x65, 0x67, 0x30,
    0x3B, 0x0A, 0x4D, 0x55, 0x4C, 0x20, 0x76, 0x52, 0x65, 0x67, 0x30, 0x2C, 0x20, 0x76, 0x52, 0x65,
    0x67, 0x30, 0x2C, 0x20, 0x76, 0x52, 0x65, 0x67, 0x33, 0x2E, 0x77, 0x3B, 0x0A, 0x4D, 0x55, 0x4C,
    0x20, 0x76, 0x52, 0x65, 0x67, 0x31, 0x2C, 0x20, 0x76, 0x52, 0x65, 0x67, 0x30, 0x2E, 0x78, 0x2C,
    0x20, 0x70, 0x72, 0x6F, 0x67, 0x72, 0x61, 0x6D, 0x2E, 0x65, 0x6E, 0x76, 0x5B, 0x37, 0x36, 0x5D,
    0x3B, 0x0A, 0x4D, 0x41, 0x44, 0x20, 0x76, 0x46, 0x69, 0x6E, 0x61, 0x6C, 0x43, 0x6F, 0x6C, 0x6F,
    0x75, 0x72, 0x2E, 0x78, 0x79, 0x7A, 0x77, 0x2C, 0x20, 0x76, 0x52, 0x65, 0x67, 0x31, 0x2C, 0x20,
    0x70, 0x72, 0x6F, 0x67, 0x72, 0x61, 0x6D, 0x2E, 0x65, 0x6E, 0x76, 0x5B, 0x39, 0x35, 0x5D, 0x2C,
    0x20, 0x76, 0x46, 0x69, 0x6E, 0x61, 0x6C, 0x43, 0x6F, 0x6C, 0x6F, 0x75, 0x72, 0x3B, 0x0A, 0x4D,
    0x55, 0x4C, 0x20, 0x76, 0x52, 0x65, 0x67, 0x31, 0x2C, 0x20, 0x76, 0x52, 0x65, 0x67, 0x30, 0x2E,
    0x79, 0x2C, 0x20, 0x70, 0x72, 0x6F, 0x67, 0x72, 0x61, 0x6D, 0x2E, 0x65, 0x6E, 0x76, 0x5B, 0x37,
    0x35, 0x5D, 0x3B, 0x0A, 0x4D, 0x41, 0x44, 0x20, 0x76, 0x46, 0x69, 0x6E, 0x61, 0x6C, 0x43, 0x6F,
    0x6C, 0x6F, 0x75, 0x72, 0x2E, 0x78, 0x79, 0x7A, 0x77, 0x2C, 0x20, 0x76, 0x52, 0x65, 0x67, 0x31,
    0x2C, 0x20, 0x70, 0x72, 0x6F, 0x67, 0x72, 0x61, 0x6D, 0x2E, 0x65, 0x6E, 0x76, 0x5B, 0x39, 0x34,
    0x5D, 0x2C, 0x20, 0x76, 0x46, 0x69, 0x6E, 0x61, 0x6C, 0x43, 0x6F, 0x6C, 0x6F, 0x75, 0x72, 0x3B,
    0x0A, 0x41, 0x44, 0x44, 0x20, 0x76, 0x46, 0x69, 0x6E, 0x61, 0x6C, 0x43, 0x6F, 0x6C, 0x6F, 0x75,
    0x72, 0x2C, 0x20, 0x76, 0x46, 0x69, 0x6E, 0x61, 0x6C, 0x43, 0x6F, 0x6C, 0x6F, 0x75, 0x72, 0x2C,
    0x20, 0x70, 0x72, 0x6F, 0x67, 0x72, 0x61, 0x6D, 0x2E, 0x65, 0x6E, 0x76, 0x5B, 0x39, 0x33, 0x5D,
    0x3B, 0x0A, 0x4D, 0x4F, 0x56, 0x20, 0x76, 0x46, 0x69, 0x6E, 0x61, 0x6C, 0x43, 0x6F, 0x6C, 0x6F,
    0x75, 0x72, 0x2E, 0x77, 0x2C, 0x20, 0x70, 0x72, 0x6F, 0x67, 0x72, 0x61, 0x6D, 0x2E, 0x65, 0x6E,
    0x76, 0x5B, 0x39, 0x34, 0x5D, 0x3B, 0x0A, 0x4D, 0x4F, 0x56, 0x20, 0x72, 0x65, 0x73, 0x75, 0x6C,
    0x74, 0x2E, 0x63, 0x6F, 0x6C, 0x6F, 0x72, 0x2C, 0x20, 0x76, 0x46, 0x69, 0x6E, 0x61, 0x6C, 0x43,
    0x6F, 0x6C, 0x6F, 0x75, 0x72, 0x3B, 0x0A, 0x0A, 0x45, 0x4E, 0x44, 0x0A,
};

static const unsigned char kShaderSource13[] = {
    0x21, 0x21, 0x41, 0x52, 0x42, 0x76, 0x70, 0x31, 0x2E, 0x30, 0x50, 0x41, 0x52, 0x41, 0x4D, 0x20,
    0x6D, 0x76, 0x4D, 0x61, 0x74, 0x72, 0x69, 0x78, 0x5B, 0x34, 0x5D, 0x20, 0x3D, 0x20, 0x7B, 0x20,
    0x73, 0x74, 0x61, 0x74, 0x65, 0x2E, 0x6D, 0x61, 0x74, 0x72, 0x69, 0x78, 0x2E, 0x6D, 0x6F, 0x64,
    0x65, 0x6C, 0x76, 0x69, 0x65, 0x77, 0x5B, 0x30, 0x5D, 0x20, 0x7D, 0x3B, 0x0A, 0x50, 0x41, 0x52,
    0x41, 0x4D, 0x20, 0x6D, 0x76, 0x70, 0x4D, 0x61, 0x74, 0x72, 0x69, 0x78, 0x5B, 0x34, 0x5D, 0x20,
    0x3D, 0x20, 0x7B, 0x20, 0x73, 0x74, 0x61, 0x74, 0x65, 0x2E, 0x6D, 0x61, 0x74, 0x72, 0x69, 0x78,
    0x2E, 0x6D, 0x76, 0x70, 0x20, 0x7D, 0x3B, 0x0A, 0x41, 0x54, 0x54, 0x52, 0x49, 0x42, 0x20, 0x76,
    0x57, 0x67, 0x68, 0x74, 0x20, 0x3D, 0x20, 0x76, 0x65, 0x72, 0x74, 0x65, 0x78, 0x2E, 0x61, 0x74,
    0x74, 0x72, 0x69, 0x62, 0x5B, 0x31, 0x5D, 0x3B, 0x0A, 0x41, 0x54, 0x54, 0x52, 0x49, 0x42, 0x20,
    0x76, 0x54, 0x65, 0x78, 0x30, 0x20, 0x3D, 0x20, 0x76, 0x65, 0x72, 0x74, 0x65, 0x78, 0x2E, 0x74,
    0x65, 0x78, 0x63, 0x6F, 0x6F, 0x72, 0x64, 0x5B, 0x30, 0x5D, 0x3B, 0x0A, 0x41, 0x54, 0x54, 0x52,
    0x49, 0x42, 0x20, 0x76, 0x54, 0x65, 0x78, 0x34, 0x20, 0x3D, 0x20, 0x76, 0x65, 0x72, 0x74, 0x65,
    0x78, 0x2E, 0x61, 0x74, 0x74, 0x72, 0x69, 0x62, 0x5B, 0x31, 0x32, 0x5D, 0x3B, 0x0A, 0x41, 0x54,
    0x54, 0x52, 0x49, 0x42, 0x20, 0x76, 0x54, 0x65, 0x78, 0x35, 0x20, 0x3D, 0x20, 0x76, 0x65, 0x72,
    0x74, 0x65, 0x78, 0x2E, 0x61, 0x74, 0x74, 0x72, 0x69, 0x62, 0x5B, 0x31, 0x33, 0x5D, 0x3B, 0x0A,
    0x41, 0x54, 0x54, 0x52, 0x49, 0x42, 0x20, 0x76, 0x54, 0x65, 0x78, 0x36, 0x20, 0x3D, 0x20, 0x76,
    0x65, 0x72, 0x74, 0x65, 0x78, 0x2E, 0x61, 0x74, 0x74, 0x72, 0x69, 0x62, 0x5B, 0x31, 0x34, 0x5D,
    0x3B, 0x0A, 0x50, 0x41, 0x52, 0x41, 0x4D, 0x20, 0x62, 0x6F, 0x6E, 0x65, 0x41, 0x72, 0x72, 0x61,
    0x79, 0x5B, 0x35, 0x31, 0x5D, 0x20, 0x3D, 0x20, 0x7B, 0x70, 0x72, 0x6F, 0x67, 0x72, 0x61, 0x6D,
    0x2E, 0x65, 0x6E, 0x76, 0x5B, 0x31, 0x38, 0x2E, 0x2E, 0x36, 0x38, 0x5D, 0x20, 0x7D, 0x3B, 0x0D,
    0x0A, 0x50, 0x41, 0x52, 0x41, 0x4D, 0x20, 0x66, 0x6F, 0x67, 0x50, 0x61, 0x72, 0x61, 0x6D, 0x73,
    0x20, 0x3D, 0x20, 0x73, 0x74, 0x61, 0x74, 0x65, 0x2E, 0x66, 0x6F, 0x67, 0x2E, 0x70, 0x61, 0x72,
    0x61, 0x6D, 0x73, 0x3B, 0x0A, 0x41, 0x44, 0x44, 0x52, 0x45, 0x53, 0x53, 0x20, 0x41, 0x30, 0x3B,
    0x0A, 0x54, 0x45, 0x4D, 0x50, 0x20, 0x76, 0x52, 0x65, 0x67, 0x30, 0x2C, 0x20, 0x76, 0x52, 0x65,
    0x67, 0x31, 0x2C, 0x20, 0x76, 0x52, 0x65, 0x67, 0x32, 0x2C, 0x20, 0x20, 0x76, 0x52, 0x65, 0x67,
    0x33, 0x2C, 0x20, 0x76, 0x52, 0x65, 0x67, 0x34, 0x2C, 0x20, 0x76, 0x52, 0x65, 0x67, 0x35, 0x2C,
    0x20, 0x76, 0x52, 0x65, 0x67, 0x36, 0x2C, 0x20, 0x76, 0x52, 0x65, 0x67, 0x39, 0x2C, 0x20, 0x76,
    0x52, 0x65, 0x67, 0x31, 0x30, 0x3B, 0x0D, 0x0A, 0x54, 0x45, 0x4D, 0x50, 0x20, 0x66, 0x6F, 0x67,
    0x54, 0x65, 0x6D, 0x70, 0x3B, 0x0A, 0x41, 0x4C, 0x49, 0x41, 0x53, 0x20, 0x76, 0x46, 0x69, 0x6E,
    0x61, 0x6C, 0x43, 0x6F, 0x6C, 0x6F, 0x75, 0x72, 0x20, 0x3D, 0x20, 0x76, 0x52, 0x65, 0x67, 0x39,
    0x3B, 0x0A, 0x4D, 0x55, 0x4C, 0x20, 0x20, 0x20, 0x76, 0x52, 0x65, 0x67, 0x30, 0x2C, 0x20, 0x76,
    0x65, 0x72, 0x74, 0x65, 0x78, 0x2E, 0x61, 0x74, 0x74, 0x72, 0x69, 0x62, 0x5B, 0x34, 0x5D, 0x2C,
    0x20, 0x70, 0x72, 0x6F, 0x67, 0x72, 0x61, 0x6D, 0x2E, 0x65, 0x6E, 0x76, 0x5B, 0x31, 0x36, 0x5D,
    0x2E, 0x7A, 0x7A, 0x7A, 0x7A, 0x3B, 0x0A, 0x41, 0x52, 0x4C, 0x20, 0x20, 0x20, 0x41, 0x30, 0x2E,
    0x78, 0x2C, 0x20, 0x76, 0x52, 0x65, 0x67, 0x30, 0x2E, 0x78, 0x3B, 0x0A, 0x44, 0x50, 0x34, 0x20,
    0x20, 0x20, 0x76, 0x52, 0x65, 0x67, 0x31, 0x2E, 0x78, 0x2C, 0x20, 0x76, 0x65, 0x72, 0x74, 0x65,
    0x78, 0x2E, 0x70, 0x6F, 0x73, 0x69, 0x74, 0x69, 0x6F, 0x6E, 0x2C, 0x20, 0x62, 0x6F, 0x6E, 0x65,
    0x41, 0x72, 0x72, 0x61, 0x79, 0x5B, 0x41, 0x30, 0x2E, 0x78, 0x20, 0x2B, 0x20, 0x30, 0x5D, 0x3B,
    0x0A, 0x44, 0x50, 0x34, 0x20, 0x20, 0x20, 0x76, 0x52, 0x65, 0x67, 0x31, 0x2E, 0x79, 0x2C, 0x20,
    0x76, 0x65, 0x72, 0x74, 0x65, 0x78, 0x2E, 0x70, 0x6F, 0x73, 0x69, 0x74, 0x69, 0x6F, 0x6E, 0x2C,
    0x20, 0x62, 0x6F, 0x6E, 0x65, 0x41, 0x72, 0x72, 0x61, 0x79, 0x5B, 0x41, 0x30, 0x2E, 0x78, 0x20,
    0x2B, 0x20, 0x31, 0x5D, 0x3B, 0x0A, 0x44, 0x50, 0x34, 0x20, 0x20, 0x20, 0x76, 0x52, 0x65, 0x67,
    0x31, 0x2E, 0x7A, 0x2C, 0x20, 0x76, 0x65, 0x72, 0x74, 0x65, 0x78, 0x2E, 0x70, 0x6F, 0x73, 0x69,
    0x74, 0x69, 0x6F, 0x6E, 0x2C, 0x20, 0x62, 0x6F, 0x6E, 0x65, 0x41, 0x72, 0x72, 0x61, 0x79, 0x5B,
    0x41, 0x30, 0x2E, 0x78, 0x20, 0x2B, 0x20, 0x32, 0x5D, 0x3B, 0x0A, 0x4D, 0x55, 0x4C, 0x20, 0x20,
    0x20, 0x76, 0x52, 0x65, 0x67, 0x39, 0x2C, 0x20, 0x76, 0x57, 0x67, 0x68, 0x74, 0x2E, 0x78, 0x2C,
    0x20, 0x76, 0x52, 0x65, 0x67, 0x31, 0x3B, 0x0A, 0x44, 0x50, 0x33, 0x20, 0x20, 0x20, 0x76, 0x52,
    0x65, 0x67, 0x31, 0x2E, 0x78, 0x2C, 0x20, 0x76, 0x54, 0x65, 0x78, 0x34, 0x2C, 0x20, 0x62, 0x6F,
    0x6E, 0x65, 0x41, 0x72, 0x72, 0x61, 0x79, 0x5B, 0x41, 0x30, 0x2E, 0x78, 0x20, 0x2B, 0x20, 0x30,
    0x5D, 0x3B, 0x0A, 0x44, 0x50, 0x33, 0x20, 0x20, 0x20, 0x76, 0x52, 0x65, 0x67, 0x31, 0x2E, 0x79,
    0x2C, 0x20, 0x76, 0x54, 0x65, 0x78, 0x34, 0x2C, 0x20, 0x62, 0x6F, 0x6E, 0x65, 0x41, 0x72, 0x72,
    0x61, 0x79, 0x5B, 0x41, 0x30, 0x2E, 0x78, 0x20, 0x2B, 0x20, 0x31, 0x5D, 0x3B, 0x0A, 0x44, 0x50,
    0x33, 0x20, 0x20, 0x20, 0x76, 0x52, 0x65, 0x67, 0x31, 0x2E, 0x7A, 0x2C, 0x20, 0x76, 0x54, 0x65,
    0x78, 0x34, 0x2C, 0x20, 0x62, 0x6F, 0x6E, 0x65, 0x41, 0x72, 0x72, 0x61, 0x79, 0x5B, 0x41, 0x30,
    0x2E, 0x78, 0x20, 0x2B, 0x20, 0x32, 0x5D, 0x3B, 0x0A, 0x4D, 0x55, 0x4C, 0x20, 0x20, 0x20, 0x76,
    0x52, 0x65, 0x67, 0x34, 0x2C, 0x20, 0x76, 0x57, 0x67, 0x68, 0x74, 0x2E, 0x78, 0x2C, 0x20, 0x76,
    0x52, 0x65, 0x67, 0x31, 0x3B, 0x0A, 0x44, 0x50, 0x33, 0x20, 0x20, 0x20, 0x76, 0x52, 0x65, 0x67,
    0x31, 0x2E, 0x78, 0x2C, 0x20, 0x76, 0x54, 0x65, 0x78, 0x35, 0x2C, 0x20, 0x62, 0x6F, 0x6E, 0x65,
    0x41, 0x72, 0x72, 0x61, 0x79, 0x5B, 0x41, 0x30, 0x2E, 0x78, 0x20, 0x2B, 0x20, 0x30, 0x5D, 0x3B,
    0x0A, 0x44, 0x50, 0x33, 0x20, 0x20, 0x20, 0x76, 0x52, 0x65, 0x67, 0x31, 0x2E, 0x79, 0x2C, 0x20,
    0x76, 0x54, 0x65, 0x78, 0x35, 0x2C, 0x20, 0x62, 0x6F, 0x6E, 0x65, 0x41, 0x72, 0x72, 0x61, 0x79,
    0x5B, 0x41, 0x30, 0x2E, 0x78, 0x20, 0x2B, 0x20, 0x31, 0x5D, 0x3B, 0x0A, 0x44, 0x50, 0x33, 0x20,
    0x20, 0x20, 0x76, 0x52, 0x65, 0x67, 0x31, 0x2E, 0x7A, 0x2C, 0x20, 0x76, 0x54, 0x65, 0x78, 0x35,
    0x2C, 0x20, 0x62, 0x6F, 0x6E, 0x65, 0x41, 0x72, 0x72, 0x61, 0x79, 0x5B, 0x41, 0x30, 0x2E, 0x78,
    0x20, 0x2B, 0x20, 0x32, 0x5D, 0x3B, 0x0A, 0x4D, 0x55, 0x4C, 0x20, 0x20, 0x20, 0x76, 0x52, 0x65,
    0x67, 0x35, 0x2C, 0x20, 0x76, 0x57, 0x67, 0x68, 0x74, 0x2E, 0x78, 0x2C, 0x20, 0x76, 0x52, 0x65,
    0x67, 0x31, 0x3B, 0x0A, 0x44, 0x50, 0x33, 0x20, 0x20, 0x20, 0x76, 0x52, 0x65, 0x67, 0x31, 0x2E,
    0x78, 0x2C, 0x20, 0x76, 0x54, 0x65, 0x78, 0x36, 0x2C, 0x20, 0x62, 0x6F, 0x6E, 0x65, 0x41, 0x72,
    0x72, 0x61, 0x79, 0x5B, 0x41, 0x30, 0x2E, 0x78, 0x20, 0x2B, 0x20, 0x30, 0x5D, 0x3B, 0x0A, 0x44,
    0x50, 0x33, 0x20, 0x20, 0x20, 0x76, 0x52, 0x65, 0x67, 0x31, 0x2E, 0x79, 0x2C, 0x20, 0x76, 0x54,
    0x65, 0x78, 0x36, 0x2C, 0x20, 0x62, 0x6F, 0x6E, 0x65, 0x41, 0x72, 0x72, 0x61, 0x79, 0x5B, 0x41,
    0x30, 0x2E, 0x78, 0x20, 0x2B, 0x20, 0x31, 0x5D, 0x3B, 0x0A, 0x44, 0x50, 0x33, 0x20, 0x20, 0x20,
    0x76, 0x52, 0x65, 0x67, 0x31, 0x2E, 0x7A, 0x2C, 0x20, 0x76, 0x54, 0x65, 0x78, 0x36, 0x2C, 0x20,
    0x62, 0x6F, 0x6E, 0x65, 0x41, 0x72, 0x72, 0x61, 0x79, 0x5B, 0x41, 0x30, 0x2E, 0x78, 0x20, 0x2B,
    0x20, 0x32, 0x5D, 0x3B, 0x0A, 0x4D, 0x55, 0x4C, 0x20, 0x20, 0x20, 0x76, 0x52, 0x65, 0x67, 0x36,
    0x2C, 0x20, 0x76, 0x57, 0x67, 0x68, 0x74, 0x2E, 0x78, 0x2C, 0x20, 0x76, 0x52, 0x65, 0x67, 0x31,
    0x3B, 0x41, 0x52, 0x4C, 0x20, 0x20, 0x20, 0x41, 0x30, 0x2E, 0x78, 0x2C, 0x20, 0x76, 0x52, 0x65,
    0x67, 0x30, 0x2E, 0x79, 0x3B, 0x0A, 0x44, 0x50, 0x34, 0x20, 0x20, 0x20, 0x76, 0x52, 0x65, 0x67,
    0x31, 0x2E, 0x78, 0x2C, 0x20, 0x76, 0x65, 0x72, 0x74, 0x65, 0x78, 0x2E, 0x70, 0x6F, 0x73, 0x69,
    0x74, 0x69, 0x6F, 0x6E, 0x2C, 0x20, 0x62, 0x6F, 0x6E, 0x65, 0x41, 0x72, 0x72, 0x61, 0x79, 0x5B,
    0x41, 0x30, 0x2E, 0x78, 0x20, 0x2B, 0x20, 0x30, 0x5D, 0x3B, 0x0A, 0x44, 0x50, 0x34, 0x20, 0x20,
    0x20, 0x76, 0x52, 0x65, 0x67, 0x31, 0x2E, 0x79, 0x2C, 0x20, 0x76, 0x65, 0x72, 0x74, 0x65, 0x78,
    0x2E, 0x70, 0x6F, 0x73, 0x69, 0x74, 0x69, 0x6F, 0x6E, 0x2C, 0x20, 0x62, 0x6F, 0x6E, 0x65, 0x41,
    0x72, 0x72, 0x61, 0x79, 0x5B, 0x41, 0x30, 0x2E, 0x78, 0x20, 0x2B, 0x20, 0x31, 0x5D, 0x3B, 0x0A,
    0x44, 0x50, 0x34, 0x20, 0x20, 0x20, 0x76, 0x52, 0x65, 0x67, 0x31, 0x2E, 0x7A, 0x2C, 0x20, 0x76,
    0x65, 0x72, 0x74, 0x65, 0x78, 0x2E, 0x70, 0x6F, 0x73, 0x69, 0x74, 0x69, 0x6F, 0x6E, 0x2C, 0x20,
    0x62, 0x6F, 0x6E, 0x65, 0x41, 0x72, 0x72, 0x61, 0x79, 0x5B, 0x41, 0x30, 0x2E, 0x78, 0x20, 0x2B,
    0x20, 0x32, 0x5D, 0x3B, 0x0A, 0x4D, 0x41, 0x44, 0x20, 0x20, 0x20, 0x76, 0x52, 0x65, 0x67, 0x39,
    0x2C, 0x20, 0x76, 0x52, 0x65, 0x67, 0x31, 0x2C, 0x20, 0x76, 0x57, 0x67, 0x68, 0x74, 0x2E, 0x79,
    0x2C, 0x20, 0x76, 0x52, 0x65, 0x67, 0x39, 0x3B, 0x0A, 0x44, 0x50, 0x33, 0x20, 0x20, 0x20, 0x76,
    0x52, 0x65, 0x67, 0x31, 0x2E, 0x78, 0x2C, 0x20, 0x76, 0x54, 0x65, 0x78, 0x34, 0x2C, 0x20, 0x62,
    0x6F, 0x6E, 0x65, 0x41, 0x72, 0x72, 0x61, 0x79, 0x5B, 0x41, 0x30, 0x2E, 0x78, 0x20, 0x2B, 0x20,
    0x30, 0x5D, 0x3B, 0x0A, 0x44, 0x50, 0x33, 0x20, 0x20, 0x20, 0x76, 0x52, 0x65, 0x67, 0x31, 0x2E,
    0x79, 0x2C, 0x20, 0x76, 0x54, 0x65, 0x78, 0x34, 0x2C, 0x20, 0x62, 0x6F, 0x6E, 0x65, 0x41, 0x72,
    0x72, 0x61, 0x79, 0x5B, 0x41, 0x30, 0x2E, 0x78, 0x20, 0x2B, 0x20, 0x31, 0x5D, 0x3B, 0x0A, 0x44,
    0x50, 0x33, 0x20, 0x20, 0x20, 0x76, 0x52, 0x65, 0x67, 0x31, 0x2E, 0x7A, 0x2C, 0x20, 0x76, 0x54,
    0x65, 0x78, 0x34, 0x2C, 0x20, 0x62, 0x6F, 0x6E, 0x65, 0x41, 0x72, 0x72, 0x61, 0x79, 0x5B, 0x41,
    0x30, 0x2E, 0x78, 0x20, 0x2B, 0x20, 0x32, 0x5D, 0x3B, 0x0A, 0x4D, 0x41, 0x44, 0x20, 0x20, 0x20,
    0x76, 0x52, 0x65, 0x67, 0x34, 0x2C, 0x20, 0x76, 0x57, 0x67, 0x68, 0x74, 0x2E, 0x79, 0x2C, 0x20,
    0x76, 0x52, 0x65, 0x67, 0x31, 0x2C, 0x20, 0x76, 0x52, 0x65, 0x67, 0x34, 0x3B, 0x0A, 0x44, 0x50,
    0x33, 0x20, 0x20, 0x20, 0x76, 0x52, 0x65, 0x67, 0x31, 0x2E, 0x78, 0x2C, 0x20, 0x76, 0x54, 0x65,
    0x78, 0x35, 0x2C, 0x20, 0x62, 0x6F, 0x6E, 0x65, 0x41, 0x72, 0x72, 0x61, 0x79, 0x5B, 0x41, 0x30,
    0x2E, 0x78, 0x20, 0x2B, 0x20, 0x30, 0x5D, 0x3B, 0x0A, 0x44, 0x50, 0x33, 0x20, 0x20, 0x20, 0x76,
    0x52, 0x65, 0x67, 0x31, 0x2E, 0x79, 0x2C, 0x20, 0x76, 0x54, 0x65, 0x78, 0x35, 0x2C, 0x20, 0x62,
    0x6F, 0x6E, 0x65, 0x41, 0x72, 0x72, 0x61, 0x79, 0x5B, 0x41, 0x30, 0x2E, 0x78, 0x20, 0x2B, 0x20,
    0x31, 0x5D, 0x3B, 0x0A, 0x44, 0x50, 0x33, 0x20, 0x20, 0x20, 0x76, 0x52, 0x65, 0x67, 0x31, 0x2E,
    0x7A, 0x2C, 0x20, 0x76, 0x54, 0x65, 0x78, 0x35, 0x2C, 0x20, 0x62, 0x6F, 0x6E, 0x65, 0x41, 0x72,
    0x72, 0x61, 0x79, 0x5B, 0x41, 0x30, 0x2E, 0x78, 0x20, 0x2B, 0x20, 0x32, 0x5D, 0x3B, 0x0A, 0x4D,
    0x41, 0x44, 0x20, 0x20, 0x20, 0x76, 0x52, 0x65, 0x67, 0x35, 0x2C, 0x20, 0x76, 0x57, 0x67, 0x68,
    0x74, 0x2E, 0x79, 0x2C, 0x20, 0x76, 0x52, 0x65, 0x67, 0x31, 0x2C, 0x20, 0x76, 0x52, 0x65, 0x67,
    0x35, 0x3B, 0x0A, 0x44, 0x50, 0x33, 0x20, 0x20, 0x20, 0x76, 0x52, 0x65, 0x67, 0x31, 0x2E, 0x78,
    0x2C, 0x20, 0x76, 0x54, 0x65, 0x78, 0x36, 0x2C, 0x20, 0x62, 0x6F, 0x6E, 0x65, 0x41, 0x72, 0x72,
    0x61, 0x79, 0x5B, 0x41, 0x30, 0x2E, 0x78, 0x20, 0x2B, 0x20, 0x30, 0x5D, 0x3B, 0x0A, 0x44, 0x50,
    0x33, 0x20, 0x20, 0x20, 0x76, 0x52, 0x65, 0x67, 0x31, 0x2E, 0x79, 0x2C, 0x20, 0x76, 0x54, 0x65,
    0x78, 0x36, 0x2C, 0x20, 0x20, 0x62, 0x6F, 0x6E, 0x65, 0x41, 0x72, 0x72, 0x61, 0x79, 0x5B, 0x41,
    0x30, 0x2E, 0x78, 0x20, 0x2B, 0x20, 0x31, 0x5D, 0x3B, 0x0A, 0x44, 0x50, 0x33, 0x20, 0x20, 0x20,
    0x76, 0x52, 0x65, 0x67, 0x31, 0x2E, 0x7A, 0x2C, 0x20, 0x76, 0x54, 0x65, 0x78, 0x36, 0x2C, 0x20,
    0x62, 0x6F, 0x6E, 0x65, 0x41, 0x72, 0x72, 0x61, 0x79, 0x5B, 0x41, 0x30, 0x2E, 0x78, 0x20, 0x2B,
    0x20, 0x32, 0x5D, 0x3B, 0x0A, 0x4D, 0x41, 0x44, 0x20, 0x20, 0x20, 0x76, 0x52, 0x65, 0x67, 0x36,
    0x2C, 0x20, 0x76, 0x57, 0x67, 0x68, 0x74, 0x2E, 0x79, 0x2C, 0x20, 0x76, 0x52, 0x65, 0x67, 0x31,
    0x2C, 0x20, 0x76, 0x52, 0x65, 0x67, 0x36, 0x3B, 0x41, 0x52, 0x4C, 0x20, 0x20, 0x20, 0x41, 0x30,
    0x2E, 0x78, 0x2C, 0x20, 0x76, 0x52, 0x65, 0x67, 0x30, 0x2E, 0x7A, 0x3B, 0x0A, 0x44, 0x50, 0x34,
    0x20, 0x20, 0x20, 0x76, 0x52, 0x65, 0x67, 0x31, 0x2E, 0x78, 0x2C, 0x20, 0x76, 0x65, 0x72, 0x74,
    0x65, 0x78, 0x2E, 0x70, 0x6F, 0x73, 0x69, 0x74, 0x69, 0x6F, 0x6E, 0x2C, 0x20, 0x62, 0x6F, 0x6E,
    0x65, 0x41, 0x72, 0x72, 0x61, 0x79, 0x5B, 0x41, 0x30, 0x2E, 0x78, 0x20, 0x2B, 0x20, 0x30, 0x5D,
    0x3B, 0x0A, 0x44, 0x50, 0x34, 0x20, 0x20, 0x20, 0x76, 0x52, 0x65, 0x67, 0x31, 0x2E, 0x79, 0x2C,
    0x20, 0x76, 0x65, 0x72, 0x74, 0x65, 0x78, 0x2E, 0x70, 0x6F, 0x73, 0x69, 0x74, 0x69, 0x6F, 0x6E,
    0x2C, 0x20, 0x62, 0x6F, 0x6E, 0x65, 0x41, 0x72, 0x72, 0x61, 0x79, 0x5B, 0x41, 0x30, 0x2E, 0x78,
    0x20, 0x2B, 0x20, 0x31, 0x5D, 0x3B, 0x0A, 0x44, 0x50, 0x34, 0x20, 0x20, 0x20, 0x76, 0x52, 0x65,
    0x67, 0x31, 0x2E, 0x7A, 0x2C, 0x20, 0x76, 0x65, 0x72, 0x74, 0x65, 0x78, 0x2E, 0x70, 0x6F, 0x73,
    0x69, 0x74, 0x69, 0x6F, 0x6E, 0x2C, 0x20, 0x62, 0x6F, 0x6E, 0x65, 0x41, 0x72, 0x72, 0x61, 0x79,
    0x5B, 0x41, 0x30, 0x2E, 0x78, 0x20, 0x2B, 0x20, 0x32, 0x5D, 0x3B, 0x0A, 0x4D, 0x41, 0x44, 0x20,
    0x20, 0x20, 0x76, 0x52, 0x65, 0x67, 0x39, 0x2C, 0x20, 0x76, 0x52, 0x65, 0x67, 0x31, 0x2C, 0x20,
    0x76, 0x57, 0x67, 0x68, 0x74, 0x2E, 0x7A, 0x2C, 0x20, 0x76, 0x52, 0x65, 0x67, 0x39, 0x3B, 0x0A,
    0x44, 0x50, 0x33, 0x20, 0x20, 0x20, 0x76, 0x52, 0x65, 0x67, 0x31, 0x2E, 0x78, 0x2C, 0x20, 0x76,
    0x54, 0x65, 0x78, 0x34, 0x2C, 0x20, 0x62, 0x6F, 0x6E, 0x65, 0x41, 0x72, 0x72, 0x61, 0x79, 0x5B,
    0x41, 0x30, 0x2E, 0x78, 0x20, 0x2B, 0x20, 0x30, 0x5D, 0x3B, 0x0A, 0x44, 0x50, 0x33, 0x20, 0x20,
    0x20, 0x76, 0x52, 0x65, 0x67, 0x31, 0x2E, 0x79, 0x2C, 0x20, 0x76, 0x54, 0x65, 0x78, 0x34, 0x2C,
    0x20, 0x62, 0x6F, 0x6E, 0x65, 0x41, 0x72, 0x72, 0x61, 0x79, 0x5B, 0x41, 0x30, 0x2E, 0x78, 0x20,
    0x2B, 0x20, 0x31, 0x5D, 0x3B, 0x0A, 0x44, 0x50, 0x33, 0x20, 0x20, 0x20, 0x76, 0x52, 0x65, 0x67,
    0x31, 0x2E, 0x7A, 0x2C, 0x20, 0x76, 0x54, 0x65, 0x78, 0x34, 0x2C, 0x20, 0x62, 0x6F, 0x6E, 0x65,
    0x41, 0x72, 0x72, 0x61, 0x79, 0x5B, 0x41, 0x30, 0x2E, 0x78, 0x20, 0x2B, 0x20, 0x32, 0x5D, 0x3B,
    0x0A, 0x4D, 0x41, 0x44, 0x20, 0x20, 0x20, 0x76, 0x52, 0x65, 0x67, 0x34, 0x2C, 0x20, 0x76, 0x57,
    0x67, 0x68, 0x74, 0x2E, 0x7A, 0x2C, 0x20, 0x76, 0x52, 0x65, 0x67, 0x31, 0x2C, 0x20, 0x76, 0x52,
    0x65, 0x67, 0x34, 0x3B, 0x0A, 0x44, 0x50, 0x33, 0x20, 0x20, 0x20, 0x76, 0x52, 0x65, 0x67, 0x31,
    0x2E, 0x78, 0x2C, 0x20, 0x76, 0x54, 0x65, 0x78, 0x35, 0x2C, 0x20, 0x62, 0x6F, 0x6E, 0x65, 0x41,
    0x72, 0x72, 0x61, 0x79, 0x5B, 0x41, 0x30, 0x2E, 0x78, 0x20, 0x2B, 0x20, 0x30, 0x5D, 0x3B, 0x0A,
    0x44, 0x50, 0x33, 0x20, 0x20, 0x20, 0x76, 0x52, 0x65, 0x67, 0x31, 0x2E, 0x79, 0x2C, 0x20, 0x76,
    0x54, 0x65, 0x78, 0x35, 0x2C, 0x20, 0x62, 0x6F, 0x6E, 0x65, 0x41, 0x72, 0x72, 0x61, 0x79, 0x5B,
    0x41, 0x30, 0x2E, 0x78, 0x20, 0x2B, 0x20, 0x31, 0x5D, 0x3B, 0x0A, 0x44, 0x50, 0x33, 0x20, 0x20,
    0x20, 0x76, 0x52, 0x65, 0x67, 0x31, 0x2E, 0x7A, 0x2C, 0x20, 0x76, 0x54, 0x65, 0x78, 0x35, 0x2C,
    0x20, 0x62, 0x6F, 0x6E, 0x65, 0x41, 0x72, 0x72, 0x61, 0x79, 0x5B, 0x41, 0x30, 0x2E, 0x78, 0x20,
    0x2B, 0x20, 0x32, 0x5D, 0x3B, 0x0A, 0x4D, 0x41, 0x44, 0x20, 0x20, 0x20, 0x76, 0x52, 0x65, 0x67,
    0x35, 0x2C, 0x20, 0x76, 0x57, 0x67, 0x68, 0x74, 0x2E, 0x7A, 0x2C, 0x20, 0x76, 0x52, 0x65, 0x67,
    0x31, 0x2C, 0x20, 0x76, 0x52, 0x65, 0x67, 0x35, 0x3B, 0x0A, 0x44, 0x50, 0x33, 0x20, 0x20, 0x20,
    0x76, 0x52, 0x65, 0x67, 0x31, 0x2E, 0x78, 0x2C, 0x20, 0x76, 0x54, 0x65, 0x78, 0x36, 0x2C, 0x20,
    0x62, 0x6F, 0x6E, 0x65, 0x41, 0x72, 0x72, 0x61, 0x79, 0x5B, 0x41, 0x30, 0x2E, 0x78, 0x20, 0x2B,
    0x20, 0x30, 0x5D, 0x3B, 0x0A, 0x44, 0x50, 0x33, 0x20, 0x20, 0x20, 0x76, 0x52, 0x65, 0x67, 0x31,
    0x2E, 0x79, 0x2C, 0x20, 0x76, 0x54, 0x65, 0x78, 0x36, 0x2C, 0x20, 0x62, 0x6F, 0x6E, 0x65, 0x41,
    0x72, 0x72, 0x61, 0x79, 0x5B, 0x41, 0x30, 0x2E, 0x78, 0x20, 0x2B, 0x20, 0x31, 0x5D, 0x3B, 0x0A,
    0x44, 0x50, 0x33, 0x20, 0x20, 0x20, 0x76, 0x52, 0x65, 0x67, 0x31, 0x2E, 0x7A, 0x2C, 0x20, 0x76,
    0x54, 0x65, 0x78, 0x36, 0x2C, 0x20, 0x62, 0x6F, 0x6E, 0x65, 0x41, 0x72, 0x72, 0x61, 0x79, 0x5B,
    0x41, 0x30, 0x2E, 0x78, 0x20, 0x2B, 0x20, 0x32, 0x5D, 0x3B, 0x0A, 0x4D, 0x41, 0x44, 0x20, 0x20,
    0x20, 0x76, 0x52, 0x65, 0x67, 0x36, 0x2C, 0x20, 0x76, 0x57, 0x67, 0x68, 0x74, 0x2E, 0x7A, 0x2C,
    0x20, 0x76, 0x52, 0x65, 0x67, 0x31, 0x2C, 0x20, 0x76, 0x52, 0x65, 0x67, 0x36, 0x3B, 0x41, 0x52,
    0x4C, 0x20, 0x20, 0x20, 0x41, 0x30, 0x2E, 0x78, 0x2C, 0x20, 0x76, 0x52, 0x65, 0x67, 0x30, 0x2E,
    0x77, 0x3B, 0x0A, 0x44, 0x50, 0x34, 0x20, 0x20, 0x20, 0x76, 0x52, 0x65, 0x67, 0x31, 0x2E, 0x78,
    0x2C, 0x20, 0x76, 0x65, 0x72, 0x74, 0x65, 0x78, 0x2E, 0x70, 0x6F, 0x73, 0x69, 0x74, 0x69, 0x6F,
    0x6E, 0x2C, 0x20, 0x62, 0x6F, 0x6E, 0x65, 0x41, 0x72, 0x72, 0x61, 0x79, 0x5B, 0x41, 0x30, 0x2E,
    0x78, 0x20, 0x2B, 0x20, 0x30, 0x5D, 0x3B, 0x0A, 0x44, 0x50, 0x34, 0x20, 0x20, 0x20, 0x76, 0x52,
    0x65, 0x67, 0x31, 0x2E, 0x79, 0x2C, 0x20, 0x76, 0x65, 0x72, 0x74, 0x65, 0x78, 0x2E, 0x70, 0x6F,
    0x73, 0x69, 0x74, 0x69, 0x6F, 0x6E, 0x2C, 0x20, 0x62, 0x6F, 0x6E, 0x65, 0x41, 0x72, 0x72, 0x61,
    0x79, 0x5B, 0x41, 0x30, 0x2E, 0x78, 0x20, 0x2B, 0x20, 0x31, 0x5D, 0x3B, 0x0A, 0x44, 0x50, 0x34,
    0x20, 0x20, 0x20, 0x76, 0x52, 0x65, 0x67, 0x31, 0x2E, 0x7A, 0x2C, 0x20, 0x76, 0x65, 0x72, 0x74,
    0x65, 0x78, 0x2E, 0x70, 0x6F, 0x73, 0x69, 0x74, 0x69, 0x6F, 0x6E, 0x2C, 0x20, 0x62, 0x6F, 0x6E,
    0x65, 0x41, 0x72, 0x72, 0x61, 0x79, 0x5B, 0x41, 0x30, 0x2E, 0x78, 0x20, 0x2B, 0x20, 0x32, 0x5D,
    0x3B, 0x0A, 0x4D, 0x41, 0x44, 0x20, 0x20, 0x20, 0x76, 0x52, 0x65, 0x67, 0x39, 0x2C, 0x20, 0x76,
    0x52, 0x65, 0x67, 0x31, 0x2C, 0x20, 0x76, 0x57, 0x67, 0x68, 0x74, 0x2E, 0x77, 0x2C, 0x20, 0x76,
    0x52, 0x65, 0x67, 0x39, 0x3B, 0x0A, 0x44, 0x50, 0x33, 0x20, 0x20, 0x20, 0x76, 0x52, 0x65, 0x67,
    0x31, 0x2E, 0x78, 0x2C, 0x20, 0x76, 0x54, 0x65, 0x78, 0x34, 0x2C, 0x20, 0x62, 0x6F, 0x6E, 0x65,
    0x41, 0x72, 0x72, 0x61, 0x79, 0x5B, 0x41, 0x30, 0x2E, 0x78, 0x20, 0x2B, 0x20, 0x30, 0x5D, 0x3B,
    0x0A, 0x44, 0x50, 0x33, 0x20, 0x20, 0x20, 0x76, 0x52, 0x65, 0x67, 0x31, 0x2E, 0x79, 0x2C, 0x20,
    0x76, 0x54, 0x65, 0x78, 0x34, 0x2C, 0x20, 0x62, 0x6F, 0x6E, 0x65, 0x41, 0x72, 0x72, 0x61, 0x79,
    0x5B, 0x41, 0x30, 0x2E, 0x78, 0x20, 0x2B, 0x20, 0x31, 0x5D, 0x3B, 0x0A, 0x44, 0x50, 0x33, 0x20,
    0x20, 0x20, 0x76, 0x52, 0x65, 0x67, 0x31, 0x2E, 0x7A, 0x2C, 0x20, 0x76, 0x54, 0x65, 0x78, 0x34,
    0x2C, 0x20, 0x62, 0x6F, 0x6E, 0x65, 0x41, 0x72, 0x72, 0x61, 0x79, 0x5B, 0x41, 0x30, 0x2E, 0x78,
    0x20, 0x2B, 0x20, 0x32, 0x5D, 0x3B, 0x0A, 0x4D, 0x41, 0x44, 0x20, 0x20, 0x20, 0x76, 0x52, 0x65,
    0x67, 0x34, 0x2C, 0x20, 0x76, 0x57, 0x67, 0x68, 0x74, 0x2E, 0x77, 0x2C, 0x20, 0x76, 0x52, 0x65,
    0x67, 0x31, 0x2C, 0x20, 0x76, 0x52, 0x65, 0x67, 0x34, 0x3B, 0x44, 0x50, 0x33, 0x20, 0x20, 0x20,
    0x76, 0x52, 0x65, 0x67, 0x31, 0x2E, 0x78, 0x2C, 0x20, 0x76, 0x54, 0x65, 0x78, 0x35, 0x2C, 0x20,
    0x62, 0x6F, 0x6E, 0x65, 0x41, 0x72, 0x72, 0x61, 0x79, 0x5B, 0x41, 0x30, 0x2E, 0x78, 0x20, 0x2B,
    0x20, 0x30, 0x5D, 0x3B, 0x0A, 0x44, 0x50, 0x33, 0x20, 0x20, 0x20, 0x76, 0x52, 0x65, 0x67, 0x31,
    0x2E, 0x79, 0x2C, 0x20, 0x76, 0x54, 0x65, 0x78, 0x35, 0x2C, 0x20, 0x62, 0x6F, 0x6E, 0x65, 0x41,
    0x72, 0x72, 0x61, 0x79, 0x5B, 0x41, 0x30, 0x2E, 0x78, 0x20, 0x2B, 0x20, 0x31, 0x5D, 0x3B, 0x0A,
    0x44, 0x50, 0x33, 0x20, 0x20, 0x20, 0x76, 0x52, 0x65, 0x67, 0x31, 0x2E, 0x7A, 0x2C, 0x20, 0x76,
    0x54, 0x65, 0x78, 0x35, 0x2C, 0x20, 0x62, 0x6F, 0x6E, 0x65, 0x41, 0x72, 0x72, 0x61, 0x79, 0x5B,
    0x41, 0x30, 0x2E, 0x78, 0x20, 0x2B, 0x20, 0x32, 0x5D, 0x3B, 0x0A, 0x4D, 0x41, 0x44, 0x20, 0x20,
    0x20, 0x76, 0x52, 0x65, 0x67, 0x35, 0x2C, 0x20, 0x76, 0x57, 0x67, 0x68, 0x74, 0x2E, 0x77, 0x2C,
    0x20, 0x76, 0x52, 0x65, 0x67, 0x31, 0x2C, 0x20, 0x76, 0x52, 0x65, 0x67, 0x35, 0x3B, 0x44, 0x50,
    0x33, 0x20, 0x20, 0x20, 0x76, 0x52, 0x65, 0x67, 0x31, 0x2E, 0x78, 0x2C, 0x20, 0x76, 0x54, 0x65,
    0x78, 0x36, 0x2C, 0x20, 0x62, 0x6F, 0x6E, 0x65, 0x41, 0x72, 0x72, 0x61, 0x79, 0x5B, 0x41, 0x30,
    0x2E, 0x78, 0x20, 0x2B, 0x20, 0x30, 0x5D, 0x3B, 0x0A, 0x44, 0x50, 0x33, 0x20, 0x20, 0x20, 0x76,
    0x52, 0x65, 0x67, 0x31, 0x2E, 0x79, 0x2C, 0x20, 0x76, 0x54, 0x65, 0x78, 0x36, 0x2C, 0x20, 0x62,
    0x6F, 0x6E, 0x65, 0x41, 0x72, 0x72, 0x61, 0x79, 0x5B, 0x41, 0x30, 0x2E, 0x78, 0x20, 0x2B, 0x20,
    0x31, 0x5D, 0x3B, 0x0A, 0x44, 0x50, 0x33, 0x20, 0x20, 0x20, 0x76, 0x52, 0x65, 0x67, 0x31, 0x2E,
    0x7A, 0x2C, 0x20, 0x76, 0x54, 0x65, 0x78, 0x36, 0x2C, 0x20, 0x62, 0x6F, 0x6E, 0x65, 0x41, 0x72,
    0x72, 0x61, 0x79, 0x5B, 0x41, 0x30, 0x2E, 0x78, 0x20, 0x2B, 0x20, 0x32, 0x5D, 0x3B, 0x0A, 0x4D,
    0x41, 0x44, 0x20, 0x20, 0x20, 0x76, 0x52, 0x65, 0x67, 0x36, 0x2C, 0x20, 0x76, 0x57, 0x67, 0x68,
    0x74, 0x2E, 0x77, 0x2C, 0x20, 0x76, 0x52, 0x65, 0x67, 0x31, 0x2C, 0x20, 0x76, 0x52, 0x65, 0x67,
    0x36, 0x3B, 0x4D, 0x4F, 0x56, 0x20, 0x20, 0x20, 0x76, 0x52, 0x65, 0x67, 0x39, 0x2E, 0x77, 0x2C,
    0x20, 0x70, 0x72, 0x6F, 0x67, 0x72, 0x61, 0x6D, 0x2E, 0x65, 0x6E, 0x76, 0x5B, 0x31, 0x36, 0x5D,
    0x2E, 0x77, 0x3B, 0x0A, 0x44, 0x50, 0x34, 0x20, 0x20, 0x20, 0x72, 0x65, 0x73, 0x75, 0x6C, 0x74,
    0x2E, 0x70, 0x6F, 0x73, 0x69, 0x74, 0x69, 0x6F, 0x6E, 0x2E, 0x78, 0x2C, 0x20, 0x6D, 0x76, 0x70,
    0x4D, 0x61, 0x74, 0x72, 0x69, 0x78, 0x5B, 0x30, 0x5D, 0x2C, 0x20, 0x76, 0x52, 0x65, 0x67, 0x39,
    0x3B, 0x0A, 0x44, 0x50, 0x34, 0x20, 0x20, 0x20, 0x72, 0x65, 0x73, 0x75, 0x6C, 0x74, 0x2E, 0x70,
    0x6F, 0x73, 0x69, 0x74, 0x69, 0x6F, 0x6E, 0x2E, 0x79, 0x2C, 0x20, 0x6D, 0x76, 0x70, 0x4D, 0x61,
    0x74, 0x72, 0x69, 0x78, 0x5B, 0x31, 0x5D, 0x2C, 0x20, 0x76, 0x52, 0x65, 0x67, 0x39, 0x3B, 0x0A,
    0x44, 0x50, 0x34, 0x20, 0x20, 0x20, 0x72, 0x65, 0x73, 0x75, 0x6C, 0x74, 0x2E, 0x70, 0x6F, 0x73,
    0x69, 0x74, 0x69, 0x6F, 0x6E, 0x2E, 0x7A, 0x2C, 0x20, 0x6D, 0x76, 0x70, 0x4D, 0x61, 0x74, 0x72,
    0x69, 0x78, 0x5B, 0x32, 0x5D, 0x2C, 0x20, 0x76, 0x52, 0x65, 0x67, 0x39, 0x3B, 0x0A, 0x44, 0x50,
    0x34, 0x20, 0x20, 0x20, 0x72, 0x65, 0x73, 0x75, 0x6C, 0x74, 0x2E, 0x70, 0x6F, 0x73, 0x69, 0x74,
    0x69, 0x6F, 0x6E, 0x2E, 0x77, 0x2C, 0x20, 0x6D, 0x76, 0x70, 0x4D, 0x61, 0x74, 0x72, 0x69, 0x78,
    0x5B, 0x33, 0x5D, 0x2C, 0x20, 0x76, 0x52, 0x65, 0x67, 0x39, 0x3B, 0x0A, 0x44, 0x50, 0x33, 0x20,
    0x20, 0x20, 0x76, 0x52, 0x65, 0x67, 0x31, 0x2E, 0x78, 0x2C, 0x20, 0x6D, 0x76, 0x4D, 0x61, 0x74,
    0x72, 0x69, 0x78, 0x5B, 0x30, 0x5D, 0x2C, 0x20, 0x76, 0x52, 0x65, 0x67, 0x34, 0x3B, 0x20, 0x44,
    0x50, 0x33, 0x20, 0x20, 0x20, 0x76, 0x52, 0x65, 0x67, 0x32, 0x2E, 0x78, 0x2C, 0x20, 0x6D, 0x76,
    0x4D, 0x61, 0x74, 0x72, 0x69, 0x78, 0x5B, 0x30, 0x5D, 0x2C, 0x20, 0x76, 0x52, 0x65, 0x67, 0x35,
    0x3B, 0x20, 0x44, 0x50, 0x33, 0x20, 0x20, 0x20, 0x76, 0x52, 0x65, 0x67, 0x33, 0x2E, 0x78, 0x2C,
    0x20, 0x6D, 0x76, 0x4D, 0x61, 0x74, 0x72, 0x69, 0x78, 0x5B, 0x30, 0x5D, 0x2C, 0x20, 0x76, 0x52,
    0x65, 0x67, 0x36, 0x3B, 0x20, 0x44, 0x50, 0x33, 0x20, 0x20, 0x20, 0x76, 0x52, 0x65, 0x67, 0x31,
    0x2E, 0x79, 0x2C, 0x20, 0x6D, 0x76, 0x4D, 0x61, 0x74, 0x72, 0x69, 0x78, 0x5B, 0x31, 0x5D, 0x2C,
    0x20, 0x76, 0x52, 0x65, 0x67, 0x34, 0x3B, 0x20, 0x44, 0x50, 0x33, 0x20, 0x20, 0x20, 0x76, 0x52,
    0x65, 0x67, 0x32, 0x2E, 0x79, 0x2C, 0x20, 0x6D, 0x76, 0x4D, 0x61, 0x74, 0x72, 0x69, 0x78, 0x5B,
    0x31, 0x5D, 0x2C, 0x20, 0x76, 0x52, 0x65, 0x67, 0x35, 0x3B, 0x20, 0x44, 0x50, 0x33, 0x20, 0x20,
    0x20, 0x76, 0x52, 0x65, 0x67, 0x33, 0x2E, 0x79, 0x2C, 0x20, 0x6D, 0x76, 0x4D, 0x61, 0x74, 0x72,
    0x69, 0x78, 0x5B, 0x31, 0x5D, 0x2C, 0x20, 0x76, 0x52, 0x65, 0x67, 0x36, 0x3B, 0x20, 0x44, 0x50,
    0x33, 0x20, 0x20, 0x20, 0x76, 0x52, 0x65, 0x67, 0x31, 0x2E, 0x7A, 0x2C, 0x20, 0x6D, 0x76, 0x4D,
    0x61, 0x74, 0x72, 0x69, 0x78, 0x5B, 0x32, 0x5D, 0x2C, 0x20, 0x76, 0x52, 0x65, 0x67, 0x34, 0x3B,
    0x20, 0x44, 0x50, 0x33, 0x20, 0x20, 0x20, 0x76, 0x52, 0x65, 0x67, 0x32, 0x2E, 0x7A, 0x2C, 0x20,
    0x6D, 0x76, 0x4D, 0x61, 0x74, 0x72, 0x69, 0x78, 0x5B, 0x32, 0x5D, 0x2C, 0x20, 0x76, 0x52, 0x65,
    0x67, 0x35, 0x3B, 0x20, 0x44, 0x50, 0x33, 0x20, 0x20, 0x20, 0x76, 0x52, 0x65, 0x67, 0x33, 0x2E,
    0x7A, 0x2C, 0x20, 0x6D, 0x76, 0x4D, 0x61, 0x74, 0x72, 0x69, 0x78, 0x5B, 0x32, 0x5D, 0x2C, 0x20,
    0x76, 0x52, 0x65, 0x67, 0x36, 0x3B, 0x20, 0x44, 0x50, 0x33, 0x20, 0x76, 0x52, 0x65, 0x67, 0x31,
    0x2E, 0x77, 0x2C, 0x20, 0x76, 0x52, 0x65, 0x67, 0x31, 0x2C, 0x20, 0x76, 0x52, 0x65, 0x67, 0x31,
    0x3B, 0x0A, 0x52, 0x53, 0x51, 0x20, 0x76, 0x52, 0x65, 0x67, 0x31, 0x2E, 0x77, 0x2C, 0x20, 0x76,
    0x52, 0x65, 0x67, 0x31, 0x2E, 0x77, 0x3B, 0x0A, 0x4D, 0x55, 0x4C, 0x20, 0x76, 0x52, 0x65, 0x67,
    0x31, 0x2C, 0x20, 0x76, 0x52, 0x65, 0x67, 0x31, 0x2C, 0x20, 0x76, 0x52, 0x65, 0x67, 0x31, 0x2E,
    0x77, 0x3B, 0x0A, 0x44, 0x50, 0x33, 0x20, 0x76, 0x52, 0x65, 0x67, 0x32, 0x2E, 0x77, 0x2C, 0x20,
    0x76, 0x52, 0x65, 0x67, 0x32, 0x2C, 0x20, 0x76, 0x52, 0x65, 0x67, 0x32, 0x3B, 0x0A, 0x52, 0x53,
    0x51, 0x20, 0x76, 0x52, 0x65, 0x67, 0x32, 0x2E, 0x77, 0x2C, 0x20, 0x76, 0x52, 0x65, 0x67, 0x32,
    0x2E, 0x77, 0x3B, 0x0A, 0x4D, 0x55, 0x4C, 0x20, 0x76, 0x52, 0x65, 0x67, 0x32, 0x2C, 0x20, 0x76,
    0x52, 0x65, 0x67, 0x32, 0x2C, 0x20, 0x76, 0x52, 0x65, 0x67, 0x32, 0x2E, 0x77, 0x3B, 0x0A, 0x44,
    0x50, 0x33, 0x20, 0x76, 0x52, 0x65, 0x67, 0x33, 0x2E, 0x77, 0x2C, 0x20, 0x76, 0x52, 0x65, 0x67,
    0x33, 0x2C, 0x20, 0x76, 0x52, 0x65, 0x67, 0x33, 0x3B, 0x0A, 0x52, 0x53, 0x51, 0x20, 0x76, 0x52,
    0x65, 0x67, 0x33, 0x2E, 0x77, 0x2C, 0x20, 0x76, 0x52, 0x65, 0x67, 0x33, 0x2E, 0x77, 0x3B, 0x0A,
    0x4D, 0x55, 0x4C, 0x20, 0x76, 0x52, 0x65, 0x67, 0x33, 0x2C, 0x20, 0x76, 0x52, 0x65, 0x67, 0x33,
    0x2C, 0x20, 0x76, 0x52, 0x65, 0x67, 0x33, 0x2E, 0x77, 0x3B, 0x0A, 0x44, 0x50, 0x33, 0x20, 0x20,
    0x20, 0x72, 0x65, 0x73, 0x75, 0x6C, 0x74, 0x2E, 0x74, 0x65, 0x78, 0x63, 0x6F, 0x6F, 0x72, 0x64,
    0x5B, 0x31, 0x5D, 0x2E, 0x78, 0x2C, 0x20, 0x70, 0x72, 0x6F, 0x67, 0x72, 0x61, 0x6D, 0x2E, 0x65,
    0x6E, 0x76, 0x5B, 0x39, 0x32, 0x5D, 0x2C, 0x20, 0x76, 0x52, 0x65, 0x67, 0x31, 0x3B, 0x20, 0x44,
    0x50, 0x33, 0x20, 0x20, 0x20, 0x72, 0x65, 0x73, 0x75, 0x6C, 0x74, 0x2E, 0x74, 0x65, 0x78, 0x63,
    0x6F, 0x6F, 0x72, 0x64, 0x5B, 0x31, 0x5D, 0x2E, 0x79, 0x2C, 0x20, 0x70, 0x72, 0x6F, 0x67, 0x72,
    0x61, 0x6D, 0x2E, 0x65, 0x6E, 0x76, 0x5B, 0x39, 0x32, 0x5D, 0x2C, 0x20, 0x76, 0x52, 0x65, 0x67,
    0x32, 0x3B, 0x20, 0x44, 0x50, 0x33, 0x20, 0x20, 0x20, 0x72, 0x65, 0x73, 0x75, 0x6C, 0x74, 0x2E,
    0x74, 0x65, 0x78, 0x63, 0x6F, 0x6F, 0x72, 0x64, 0x5B, 0x31, 0x5D, 0x2E, 0x7A, 0x2C, 0x20, 0x70,
    0x72, 0x6F, 0x67, 0x72, 0x61, 0x6D, 0x2E, 0x65, 0x6E, 0x76, 0x5B, 0x39, 0x32, 0x5D, 0x2C, 0x20,
    0x76, 0x52, 0x65, 0x67, 0x33, 0x3B, 0x20, 0x44, 0x50, 0x33, 0x20, 0x20, 0x20, 0x72, 0x65, 0x73,
    0x75, 0x6C, 0x74, 0x2E, 0x74, 0x65, 0x78, 0x63, 0x6F, 0x6F, 0x72, 0x64, 0x5B, 0x32, 0x5D, 0x2E,
    0x78, 0x2C, 0x20, 0x70, 0x72, 0x6F, 0x67, 0x72, 0x61, 0x6D, 0x2E, 0x65, 0x6E, 0x76, 0x5B, 0x39,
    0x31, 0x5D, 0x2C, 0x20, 0x76, 0x52, 0x65, 0x67, 0x31, 0x3B, 0x20, 0x44, 0x50, 0x33, 0x20, 0x20,
    0x20, 0x72, 0x65, 0x73, 0x75, 0x6C, 0x74, 0x2E, 0x74, 0x65, 0x78, 0x63, 0x6F, 0x6F, 0x72, 0x64,
    0x5B, 0x32, 0x5D, 0x2E, 0x79, 0x2C, 0x20, 0x70, 0x72, 0x6F, 0x67, 0x72, 0x61, 0x6D, 0x2E, 0x65,
    0x6E, 0x76, 0x5B, 0x39, 0x31, 0x5D, 0x2C, 0x20, 0x76, 0x52, 0x65, 0x67, 0x32, 0x3B, 0x20, 0x44,
    0x50, 0x33, 0x20, 0x20, 0x20, 0x72, 0x65, 0x73, 0x75, 0x6C, 0x74, 0x2E, 0x74, 0x65, 0x78, 0x63,
    0x6F, 0x6F, 0x72, 0x64, 0x5B, 0x32, 0x5D, 0x2E, 0x7A, 0x2C, 0x20, 0x70, 0x72, 0x6F, 0x67, 0x72,
    0x61, 0x6D, 0x2E, 0x65, 0x6E, 0x76, 0x5B, 0x39, 0x31, 0x5D, 0x2C, 0x20, 0x76, 0x52, 0x65, 0x67,
    0x33, 0x3B, 0x20, 0x44, 0x50, 0x33, 0x20, 0x20, 0x20, 0x72, 0x65, 0x73, 0x75, 0x6C, 0x74, 0x2E,
    0x74, 0x65, 0x78, 0x63, 0x6F, 0x6F, 0x72, 0x64, 0x5B, 0x33, 0x5D, 0x2E, 0x78, 0x2C, 0x20, 0x70,
    0x72, 0x6F, 0x67, 0x72, 0x61, 0x6D, 0x2E, 0x65, 0x6E, 0x76, 0x5B, 0x39, 0x30, 0x5D, 0x2C, 0x20,
    0x76, 0x52, 0x65, 0x67, 0x31, 0x3B, 0x20, 0x44, 0x50, 0x33, 0x20, 0x20, 0x20, 0x72, 0x65, 0x73,
    0x75, 0x6C, 0x74, 0x2E, 0x74, 0x65, 0x78, 0x63, 0x6F, 0x6F, 0x72, 0x64, 0x5B, 0x33, 0x5D, 0x2E,
    0x79, 0x2C, 0x20, 0x70, 0x72, 0x6F, 0x67, 0x72, 0x61, 0x6D, 0x2E, 0x65, 0x6E, 0x76, 0x5B, 0x39,
    0x30, 0x5D, 0x2C, 0x20, 0x76, 0x52, 0x65, 0x67, 0x32, 0x3B, 0x20, 0x44, 0x50, 0x33, 0x20, 0x20,
    0x20, 0x72, 0x65, 0x73, 0x75, 0x6C, 0x74, 0x2E, 0x74, 0x65, 0x78, 0x63, 0x6F, 0x6F, 0x72, 0x64,
    0x5B, 0x33, 0x5D, 0x2E, 0x7A, 0x2C, 0x20, 0x70, 0x72, 0x6F, 0x67, 0x72, 0x61, 0x6D, 0x2E, 0x65,
    0x6E, 0x76, 0x5B, 0x39, 0x30, 0x5D, 0x2C, 0x20, 0x76, 0x52, 0x65, 0x67, 0x33, 0x3B, 0x20, 0x44,
    0x50, 0x34, 0x20, 0x20, 0x20, 0x76, 0x52, 0x65, 0x67, 0x31, 0x30, 0x2E, 0x78, 0x2C, 0x20, 0x76,
    0x65, 0x72, 0x74, 0x65, 0x78, 0x2E, 0x70, 0x6F, 0x73, 0x69, 0x74, 0x69, 0x6F, 0x6E, 0x2C, 0x20,
    0x6D, 0x76, 0x4D, 0x61, 0x74, 0x72, 0x69, 0x78, 0x5B, 0x30, 0x5D, 0x20, 0x3B, 0x0A, 0x44, 0x50,
    0x34, 0x20, 0x20, 0x20, 0x76, 0x52, 0x65, 0x67, 0x31, 0x30, 0x2E, 0x79, 0x2C, 0x20, 0x76, 0x65,
    0x72, 0x74, 0x65, 0x78, 0x2E, 0x70, 0x6F, 0x73, 0x69, 0x74, 0x69, 0x6F, 0x6E, 0x2C, 0x20, 0x6D,
    0x76, 0x4D, 0x61, 0x74, 0x72, 0x69, 0x78, 0x5B, 0x31, 0x5D, 0x20, 0x3B, 0x0A, 0x44, 0x50, 0x34,
    0x20, 0x20, 0x20, 0x76, 0x52, 0x65, 0x67, 0x31, 0x30, 0x2E, 0x7A, 0x2C, 0x20, 0x76, 0x65, 0x72,
    0x74, 0x65, 0x78, 0x2E, 0x70, 0x6F, 0x73, 0x69, 0x74, 0x69, 0x6F, 0x6E, 0x2C, 0x20, 0x6D, 0x76,
    0x4D, 0x61, 0x74, 0x72, 0x69, 0x78, 0x5B, 0x32, 0x5D, 0x20, 0x3B, 0x0A, 0x44, 0x50, 0x34, 0x20,
    0x20, 0x20, 0x76, 0x52, 0x65, 0x67, 0x31, 0x30, 0x2E, 0x77, 0x2C, 0x20, 0x76, 0x65, 0x72, 0x74,
    0x65, 0x78, 0x2E, 0x70, 0x6F, 0x73, 0x69, 0x74, 0x69, 0x6F, 0x6E, 0x2C, 0x20, 0x6D, 0x76, 0x4D,
    0x61, 0x74, 0x72, 0x69, 0x78, 0x5B, 0x33, 0x5D, 0x20, 0x3B, 0x0A, 0x44, 0x50, 0x33, 0x09, 0x76,
    0x52, 0x65, 0x67, 0x31, 0x2E, 0x78, 0x2C, 0x20, 0x76, 0x52, 0x65, 0x67, 0x34, 0x2C, 0x20, 0x76,
    0x52, 0x65, 0x67, 0x34, 0x3B, 0x0A, 0x52, 0x53, 0x51, 0x09, 0x76, 0x52, 0x65, 0x67, 0x31, 0x2E,
    0x78, 0x2C, 0x20, 0x76, 0x52, 0x65, 0x67, 0x31, 0x2E, 0x78, 0x3B, 0x0A, 0x52, 0x43, 0x50, 0x09,
    0x76, 0x52, 0x65, 0x67, 0x31, 0x2E, 0x78, 0x2C, 0x20, 0x76, 0x52, 0x65, 0x67, 0x31, 0x2E, 0x78,
    0x3B, 0x0A, 0x4D, 0x4F, 0x56, 0x20, 0x72, 0x65, 0x73, 0x75, 0x6C, 0x74, 0x2E, 0x66, 0x6F, 0x67,
    0x63, 0x6F, 0x6F, 0x72, 0x64, 0x2E, 0x78, 0x2C, 0x20, 0x76, 0x52, 0x65, 0x67, 0x31, 0x2E, 0x78,
    0x3B, 0x0D, 0x0A, 0x41, 0x44, 0x44, 0x20, 0x66, 0x6F, 0x67, 0x54, 0x65, 0x6D, 0x70, 0x2E, 0x78,
    0x2C, 0x20, 0x2D, 0x66, 0x6F, 0x67, 0x50, 0x61, 0x72, 0x61, 0x6D, 0x73, 0x2E, 0x79, 0x2C, 0x20,
    0x76, 0x52, 0x65, 0x67, 0x31, 0x2E, 0x78, 0x3B, 0x0D, 0x0A, 0x53, 0x4C, 0x54, 0x20, 0x66, 0x6F,
    0x67, 0x54, 0x65, 0x6D, 0x70, 0x2E, 0x79, 0x2C, 0x20, 0x30, 0x2E, 0x30, 0x2C, 0x20, 0x73, 0x74,
    0x61, 0x74, 0x65, 0x2E, 0x66, 0x6F, 0x67, 0x2E, 0x63, 0x6F, 0x6C, 0x6F, 0x72, 0x3B, 0x0D, 0x0A,
    0x4D, 0x55, 0x4C, 0x20, 0x66, 0x6F, 0x67, 0x54, 0x65, 0x6D, 0x70, 0x2E, 0x7A, 0x2C, 0x20, 0x66,
    0x6F, 0x67, 0x54, 0x65, 0x6D, 0x70, 0x2E, 0x78, 0x2C, 0x20, 0x66, 0x6F, 0x67, 0x50, 0x61, 0x72,
    0x61, 0x6D, 0x73, 0x2E, 0x77, 0x3B, 0x0D, 0x0A, 0x4D, 0x55, 0x4C, 0x20, 0x72, 0x65, 0x73, 0x75,
    0x6C, 0x74, 0x2E, 0x63, 0x6F, 0x6C, 0x6F, 0x72, 0x2E, 0x73, 0x65, 0x63, 0x6F, 0x6E, 0x64, 0x61,
    0x72, 0x79, 0x2E, 0x78, 0x2C, 0x20, 0x66, 0x6F, 0x67, 0x54, 0x65, 0x6D, 0x70, 0x2E, 0x7A, 0x2C,
    0x20, 0x66, 0x6F, 0x67, 0x54, 0x65, 0x6D, 0x70, 0x2E, 0x79, 0x3B, 0x0A, 0x52, 0x43, 0x50, 0x20,
    0x20, 0x20, 0x76, 0x52, 0x65, 0x67, 0x31, 0x30, 0x2E, 0x77, 0x2C, 0x20, 0x76, 0x52, 0x65, 0x67,
    0x31, 0x30, 0x2E, 0x77, 0x20, 0x20, 0x20, 0x20, 0x20, 0x20, 0x20, 0x20, 0x20, 0x20, 0x20, 0x3B,
    0x0A, 0x4D, 0x55, 0x4C, 0x20, 0x20, 0x20, 0x76, 0x52, 0x65, 0x67, 0x31, 0x30, 0x2E, 0x78, 0x79,
    0x7A, 0x2C, 0x20, 0x76, 0x52, 0x65, 0x67, 0x31, 0x30, 0x2C, 0x20, 0x2D, 0x76, 0x52, 0x65, 0x67,
    0x31, 0x30, 0x2E, 0x77, 0x20, 0x20, 0x20, 0x20, 0x3B, 0x0A, 0x4D, 0x4F, 0x56, 0x20, 0x20, 0x20,
    0x72, 0x65, 0x73, 0x75, 0x6C, 0x74, 0x2E, 0x74, 0x65, 0x78, 0x63, 0x6F, 0x6F, 0x72, 0x64, 0x5B,
    0x30, 0x5D, 0x2C, 0x20, 0x76, 0x65, 0x72, 0x74, 0x65, 0x78, 0x2E, 0x74, 0x65, 0x78, 0x63, 0x6F,
    0x6F, 0x72, 0x64, 0x5B, 0x30, 0x5D, 0x3B, 0x0A, 0x4D, 0x4F, 0x56, 0x20, 0x20, 0x20, 0x72, 0x65,
    0x73, 0x75, 0x6C, 0x74, 0x2E, 0x63, 0x6F, 0x6C, 0x6F, 0x72, 0x2C, 0x20, 0x70, 0x72, 0x6F, 0x67,
    0x72, 0x61, 0x6D, 0x2E, 0x65, 0x6E, 0x76, 0x5B, 0x31, 0x35, 0x5D, 0x2E, 0x78, 0x3B, 0x0A, 0x44,
    0x50, 0x33, 0x20, 0x20, 0x20, 0x72, 0x65, 0x73, 0x75, 0x6C, 0x74, 0x2E, 0x74, 0x65, 0x78, 0x63,
    0x6F, 0x6F, 0x72, 0x64, 0x5B, 0x34, 0x5D, 0x2E, 0x78, 0x2C, 0x20, 0x76, 0x52, 0x65, 0x67, 0x31,
    0x30, 0x2C, 0x20, 0x70, 0x72, 0x6F, 0x67, 0x72, 0x61, 0x6D, 0x2E, 0x65, 0x6E, 0x76, 0x5B, 0x39,
    0x32, 0x5D, 0x3B, 0x0A, 0x44, 0x50, 0x33, 0x20, 0x20, 0x20, 0x72, 0x65, 0x73, 0x75, 0x6C, 0x74,
    0x2E, 0x74, 0x65, 0x78, 0x63, 0x6F, 0x6F, 0x72, 0x64, 0x5B, 0x34, 0x5D, 0x2E, 0x79, 0x2C, 0x20,
    0x76, 0x52, 0x65, 0x67, 0x31, 0x30, 0x2C, 0x20, 0x70, 0x72, 0x6F, 0x67, 0x72, 0x61, 0x6D, 0x2E,
    0x65, 0x6E, 0x76, 0x5B, 0x39, 0x31, 0x5D, 0x3B, 0x0A, 0x44, 0x50, 0x33, 0x20, 0x20, 0x20, 0x72,
    0x65, 0x73, 0x75, 0x6C, 0x74, 0x2E, 0x74, 0x65, 0x78, 0x63, 0x6F, 0x6F, 0x72, 0x64, 0x5B, 0x34,
    0x5D, 0x2E, 0x7A, 0x2C, 0x20, 0x76, 0x52, 0x65, 0x67, 0x31, 0x30, 0x2C, 0x20, 0x70, 0x72, 0x6F,
    0x67, 0x72, 0x61, 0x6D, 0x2E, 0x65, 0x6E, 0x76, 0x5B, 0x39, 0x30, 0x5D, 0x3B, 0x0A, 0x45, 0x4E,
    0x44,
};

static const unsigned char kShaderSource14[] = {
    0x21, 0x21, 0x41, 0x52, 0x42, 0x76, 0x70, 0x31, 0x2E, 0x30, 0x50, 0x41, 0x52, 0x41, 0x4D, 0x20,
    0x6D, 0x76, 0x4D, 0x61, 0x74, 0x72, 0x69, 0x78, 0x5B, 0x34, 0x5D, 0x20, 0x3D, 0x20, 0x7B, 0x20,
    0x73, 0x74, 0x61, 0x74, 0x65, 0x2E, 0x6D, 0x61, 0x74, 0x72, 0x69, 0x78, 0x2E, 0x6D, 0x6F, 0x64,
    0x65, 0x6C, 0x76, 0x69, 0x65, 0x77, 0x5B, 0x30, 0x5D, 0x20, 0x7D, 0x3B, 0x0A, 0x50, 0x41, 0x52,
    0x41, 0x4D, 0x20, 0x6D, 0x76, 0x70, 0x4D, 0x61, 0x74, 0x72, 0x69, 0x78, 0x5B, 0x34, 0x5D, 0x20,
    0x3D, 0x20, 0x7B, 0x20, 0x73, 0x74, 0x61, 0x74, 0x65, 0x2E, 0x6D, 0x61, 0x74, 0x72, 0x69, 0x78,
    0x2E, 0x6D, 0x76, 0x70, 0x20, 0x7D, 0x3B, 0x0A, 0x50, 0x41, 0x52, 0x41, 0x4D, 0x20, 0x66, 0x6F,
    0x67, 0x50, 0x61, 0x72, 0x61, 0x6D, 0x73, 0x20, 0x3D, 0x20, 0x73, 0x74, 0x61, 0x74, 0x65, 0x2E,
    0x66, 0x6F, 0x67, 0x2E, 0x70, 0x61, 0x72, 0x61, 0x6D, 0x73, 0x3B, 0x0A, 0x54, 0x45, 0x4D, 0x50,
    0x20, 0x76, 0x54, 0x65, 0x6D, 0x70, 0x3B, 0x0A, 0x54, 0x45, 0x4D, 0x50, 0x20, 0x76, 0x52, 0x65,
    0x67, 0x30, 0x2C, 0x20, 0x76, 0x52, 0x65, 0x67, 0x31, 0x2C, 0x20, 0x76, 0x52, 0x65, 0x67, 0x32,
    0x2C, 0x20, 0x76, 0x52, 0x65, 0x67, 0x33, 0x2C, 0x20, 0x76, 0x52, 0x65, 0x67, 0x34, 0x3B, 0x0A,
    0x54, 0x45, 0x4D, 0x50, 0x20, 0x76, 0x52, 0x65, 0x67, 0x31, 0x30, 0x3B, 0x0A, 0x54, 0x45, 0x4D,
    0x50, 0x20, 0x76, 0x4E, 0x6F, 0x72, 0x6D, 0x61, 0x6C, 0x57, 0x6F, 0x72, 0x6C, 0x64, 0x3B, 0x0A,
    0x54, 0x45, 0x4D, 0x50, 0x20, 0x66, 0x6F, 0x67, 0x54, 0x65, 0x6D, 0x70, 0x3B, 0x0A, 0x41, 0x4C,
    0x49, 0x41, 0x53, 0x20, 0x76, 0x46, 0x69, 0x6E, 0x61, 0x6C, 0x43, 0x6F, 0x6C, 0x6F, 0x75, 0x72,
    0x20, 0x3D, 0x20, 0x76, 0x54, 0x65, 0x6D, 0x70, 0x3B, 0x0A, 0x44, 0x50, 0x34, 0x20, 0x20, 0x20,
    0x72, 0x65, 0x73, 0x75, 0x6C, 0x74, 0x2E, 0x70, 0x6F, 0x73, 0x69, 0x74, 0x69, 0x6F, 0x6E, 0x2E,
    0x78, 0x2C, 0x20, 0x6D, 0x76, 0x70, 0x4D, 0x61, 0x74, 0x72, 0x69, 0x78, 0x5B, 0x30, 0x5D, 0x2C,
    0x20, 0x76, 0x65, 0x72, 0x74, 0x65, 0x78, 0x2E, 0x70, 0x6F, 0x73, 0x69, 0x74, 0x69, 0x6F, 0x6E,
    0x3B, 0x0A, 0x44, 0x50, 0x34, 0x20, 0x20, 0x20, 0x72, 0x65, 0x73, 0x75, 0x6C, 0x74, 0x2E, 0x70,
    0x6F, 0x73, 0x69, 0x74, 0x69, 0x6F, 0x6E, 0x2E, 0x79, 0x2C, 0x20, 0x6D, 0x76, 0x70, 0x4D, 0x61,
    0x74, 0x72, 0x69, 0x78, 0x5B, 0x31, 0x5D, 0x2C, 0x20, 0x76, 0x65, 0x72, 0x74, 0x65, 0x78, 0x2E,
    0x70, 0x6F, 0x73, 0x69, 0x74, 0x69, 0x6F, 0x6E, 0x3B, 0x0A, 0x44, 0x50, 0x34, 0x20, 0x20, 0x20,
    0x72, 0x65, 0x73, 0x75, 0x6C, 0x74, 0x2E, 0x70, 0x6F, 0x73, 0x69, 0x74, 0x69, 0x6F, 0x6E, 0x2E,
    0x7A, 0x2C, 0x20, 0x6D, 0x76, 0x70, 0x4D, 0x61, 0x74, 0x72, 0x69, 0x78, 0x5B, 0x32, 0x5D, 0x2C,
    0x20, 0x76, 0x65, 0x72, 0x74, 0x65, 0x78, 0x2E, 0x70, 0x6F, 0x73, 0x69, 0x74, 0x69, 0x6F, 0x6E,
    0x3B, 0x0A, 0x44, 0x50, 0x34, 0x20, 0x20, 0x20, 0x72, 0x65, 0x73, 0x75, 0x6C, 0x74, 0x2E, 0x70,
    0x6F, 0x73, 0x69, 0x74, 0x69, 0x6F, 0x6E, 0x2E, 0x77, 0x2C, 0x20, 0x6D, 0x76, 0x70, 0x4D, 0x61,
    0x74, 0x72, 0x69, 0x78, 0x5B, 0x33, 0x5D, 0x2C, 0x20, 0x76, 0x65, 0x72, 0x74, 0x65, 0x78, 0x2E,
    0x70, 0x6F, 0x73, 0x69, 0x74, 0x69, 0x6F, 0x6E, 0x3B, 0x0A, 0x44, 0x50, 0x34, 0x20, 0x20, 0x20,
    0x76, 0x52, 0x65, 0x67, 0x31, 0x30, 0x2E, 0x78, 0x2C, 0x20, 0x6D, 0x76, 0x4D, 0x61, 0x74, 0x72,
    0x69, 0x78, 0x5B, 0x30, 0x5D, 0x2C, 0x20, 0x76, 0x65, 0x72, 0x74, 0x65, 0x78, 0x2E, 0x70, 0x6F,
    0x73, 0x69, 0x74, 0x69, 0x6F, 0x6E, 0x3B, 0x0A, 0x44, 0x50, 0x34, 0x20, 0x20, 0x20, 0x76, 0x52,
    0x65, 0x67, 0x31, 0x30, 0x2E, 0x79, 0x2C, 0x20, 0x6D, 0x76, 0x4D, 0x61, 0x74, 0x72, 0x69, 0x78,
    0x5B, 0x31, 0x5D, 0x2C, 0x20, 0x76, 0x65, 0x72, 0x74, 0x65, 0x78, 0x2E, 0x70, 0x6F, 0x73, 0x69,
    0x74, 0x69, 0x6F, 0x6E, 0x3B, 0x0A, 0x44, 0x50, 0x34, 0x20, 0x20, 0x20, 0x76, 0x52, 0x65, 0x67,
    0x31, 0x30, 0x2E, 0x7A, 0x2C, 0x20, 0x6D, 0x76, 0x4D, 0x61, 0x74, 0x72, 0x69, 0x78, 0x5B, 0x32,
    0x5D, 0x2C, 0x20, 0x76, 0x65, 0x72, 0x74, 0x65, 0x78, 0x2E, 0x70, 0x6F, 0x73, 0x69, 0x74, 0x69,
    0x6F, 0x6E, 0x3B, 0x0A, 0x44, 0x50, 0x34, 0x20, 0x20, 0x20, 0x76, 0x52, 0x65, 0x67, 0x31, 0x30,
    0x2E, 0x77, 0x2C, 0x20, 0x6D, 0x76, 0x4D, 0x61, 0x74, 0x72, 0x69, 0x78, 0x5B, 0x33, 0x5D, 0x2C,
    0x20, 0x76, 0x65, 0x72, 0x74, 0x65, 0x78, 0x2E, 0x70, 0x6F, 0x73, 0x69, 0x74, 0x69, 0x6F, 0x6E,
    0x3B, 0x0A, 0x44, 0x50, 0x33, 0x20, 0x20, 0x20, 0x76, 0x4E, 0x6F, 0x72, 0x6D, 0x61, 0x6C, 0x57,
    0x6F, 0x72, 0x6C, 0x64, 0x2E, 0x78, 0x2C, 0x20, 0x6D, 0x76, 0x4D, 0x61, 0x74, 0x72, 0x69, 0x78,
    0x5B, 0x30, 0x5D, 0x2C, 0x20, 0x76, 0x65, 0x72, 0x74, 0x65, 0x78, 0x2E, 0x6E, 0x6F, 0x72, 0x6D,
    0x61, 0x6C, 0x3B, 0x0A, 0x44, 0x50, 0x33, 0x20, 0x20, 0x20, 0x76, 0x4E, 0x6F, 0x72, 0x6D, 0x61,
    0x6C, 0x57, 0x6F, 0x72, 0x6C, 0x64, 0x2E, 0x79, 0x2C, 0x20, 0x6D, 0x76, 0x4D, 0x61, 0x74, 0x72,
    0x69, 0x78, 0x5B, 0x31, 0x5D, 0x2C, 0x20, 0x76, 0x65, 0x72, 0x74, 0x65, 0x78, 0x2E, 0x6E, 0x6F,
    0x72, 0x6D, 0x61, 0x6C, 0x3B, 0x0A, 0x44, 0x50, 0x33, 0x20, 0x20, 0x20, 0x76, 0x4E, 0x6F, 0x72,
    0x6D, 0x61, 0x6C, 0x57, 0x6F, 0x72, 0x6C, 0x64, 0x2E, 0x7A, 0x2C, 0x20, 0x6D, 0x76, 0x4D, 0x61,
    0x74, 0x72, 0x69, 0x78, 0x5B, 0x32, 0x5D, 0x2C, 0x20, 0x76, 0x65, 0x72, 0x74, 0x65, 0x78, 0x2E,
    0x6E, 0x6F, 0x72, 0x6D, 0x61, 0x6C, 0x3B, 0x0A, 0x44, 0x50, 0x33, 0x09, 0x76, 0x52, 0x65, 0x67,
    0x30, 0x2E, 0x78, 0x2C, 0x20, 0x76, 0x52, 0x65, 0x67, 0x31, 0x30, 0x2C, 0x20, 0x76, 0x52, 0x65,
    0x67, 0x31, 0x30, 0x3B, 0x0A, 0x52, 0x53, 0x51, 0x09, 0x76, 0x52, 0x65, 0x67, 0x30, 0x2E, 0x78,
    0x2C, 0x20, 0x76, 0x52, 0x65, 0x67, 0x30, 0x2E, 0x78, 0x3B, 0x0A, 0x52, 0x43, 0x50, 0x09, 0x76,
    0x52, 0x65, 0x67, 0x30, 0x2E, 0x78, 0x2C, 0x20, 0x76, 0x52, 0x65, 0x67, 0x30, 0x2E, 0x78, 0x3B,
    0x0A, 0x4D, 0x4F, 0x56, 0x20, 0x72, 0x65, 0x73, 0x75, 0x6C, 0x74, 0x2E, 0x66, 0x6F, 0x67, 0x63,
    0x6F, 0x6F, 0x72, 0x64, 0x2C, 0x20, 0x76, 0x52, 0x65, 0x67, 0x30, 0x2E, 0x78, 0x3B, 0x0A, 0x41,
    0x44, 0x44, 0x20, 0x66, 0x6F, 0x67, 0x54, 0x65, 0x6D, 0x70, 0x2E, 0x78, 0x2C, 0x20, 0x2D, 0x66,
    0x6F, 0x67, 0x50, 0x61, 0x72, 0x61, 0x6D, 0x73, 0x2E, 0x79, 0x2C, 0x20, 0x76, 0x52, 0x65, 0x67,
    0x30, 0x2E, 0x78, 0x3B, 0x0A, 0x53, 0x4C, 0x54, 0x20, 0x66, 0x6F, 0x67, 0x54, 0x65, 0x6D, 0x70,
    0x2E, 0x79, 0x2C, 0x20, 0x30, 0x2E, 0x30, 0x2C, 0x20, 0x73, 0x74, 0x61, 0x74, 0x65, 0x2E, 0x66,
    0x6F, 0x67, 0x2E, 0x63, 0x6F, 0x6C, 0x6F, 0x72, 0x3B, 0x0A, 0x4D, 0x55, 0x4C, 0x20, 0x66, 0x6F,
    0x67, 0x54, 0x65, 0x6D, 0x70, 0x2E, 0x7A, 0x2C, 0x20, 0x66, 0x6F, 0x67, 0x54, 0x65, 0x6D, 0x70,
    0x2E, 0x78, 0x2C, 0x20, 0x66, 0x6F, 0x67, 0x50, 0x61, 0x72, 0x61, 0x6D, 0x73, 0x2E, 0x77, 0x3B,
    0x0A, 0x4D, 0x55, 0x4C, 0x20, 0x72, 0x65, 0x73, 0x75, 0x6C, 0x74, 0x2E, 0x63, 0x6F, 0x6C, 0x6F,
    0x72, 0x2E, 0x73, 0x65, 0x63, 0x6F, 0x6E, 0x64, 0x61, 0x72, 0x79, 0x2E, 0x78, 0x2C, 0x20, 0x66,
    0x6F, 0x67, 0x54, 0x65, 0x6D, 0x70, 0x2E, 0x7A, 0x2C, 0x20, 0x66, 0x6F, 0x67, 0x54, 0x65, 0x6D,
    0x70, 0x2E, 0x79, 0x3B, 0x0A, 0x44, 0x50, 0x33, 0x20, 0x20, 0x20, 0x76, 0x52, 0x65, 0x67, 0x30,
    0x2E, 0x78, 0x2C, 0x20, 0x76, 0x4E, 0x6F, 0x72, 0x6D, 0x61, 0x6C, 0x57, 0x6F, 0x72, 0x6C, 0x64,
    0x2C, 0x20, 0x2D, 0x76, 0x52, 0x65, 0x67, 0x31, 0x30, 0x3B, 0x0A, 0x4D, 0x55, 0x4C, 0x20, 0x20,
    0x20, 0x76, 0x52, 0x65, 0x67, 0x31, 0x2C, 0x20, 0x76, 0x52, 0x65, 0x67, 0x30, 0x2E, 0x78, 0x2C,
    0x20, 0x76, 0x4E, 0x6F, 0x72, 0x6D, 0x61, 0x6C, 0x57, 0x6F, 0x72, 0x6C, 0x64, 0x3B, 0x0A, 0x4D,
    0x55, 0x4C, 0x20, 0x20, 0x20, 0x76, 0x52, 0x65, 0x67, 0x32, 0x2C, 0x20, 0x76, 0x52, 0x65, 0x67,
    0x31, 0x2C, 0x20, 0x70, 0x72, 0x6F, 0x67, 0x72, 0x61, 0x6D, 0x2E, 0x65, 0x6E, 0x76, 0x5B, 0x31,
    0x36, 0x5D, 0x2E, 0x79, 0x3B, 0x0A, 0x41, 0x44, 0x44, 0x20, 0x20, 0x20, 0x76, 0x52, 0x65, 0x67,
    0x33, 0x2C, 0x20, 0x76, 0x52, 0x65, 0x67, 0x31, 0x30, 0x2C, 0x20, 0x76, 0x52, 0x65, 0x67, 0x32,
    0x3B, 0x0A, 0x44, 0x50, 0x33, 0x20, 0x20, 0x20, 0x76, 0x52, 0x65, 0x67, 0x33, 0x2E, 0x77, 0x2C,
    0x20, 0x76, 0x52, 0x65, 0x67, 0x33, 0x2C, 0x20, 0x76, 0x52, 0x65, 0x67, 0x33, 0x3B, 0x0A, 0x52,
    0x53, 0x51, 0x20, 0x20, 0x20, 0x76, 0x52, 0x65, 0x67, 0x33, 0x2E, 0x77, 0x2C, 0x20, 0x76, 0x52,
    0x65, 0x67, 0x33, 0x2E, 0x77, 0x3B, 0x0A, 0x4D, 0x55, 0x4C, 0x20, 0x20, 0x20, 0x76, 0x52, 0x65,
    0x67, 0x33, 0x2C, 0x20, 0x76, 0x52, 0x65, 0x67, 0x33, 0x2C, 0x20, 0x76, 0x52, 0x65, 0x67, 0x33,
    0x2E, 0x77, 0x3B, 0x0A, 0x44, 0x50, 0x33, 0x20, 0x20, 0x20, 0x76, 0x52, 0x65, 0x67, 0x34, 0x2E,
    0x78, 0x2C, 0x20, 0x70, 0x72, 0x6F, 0x67, 0x72, 0x61, 0x6D, 0x2E, 0x65, 0x6E, 0x76, 0x5B, 0x39,
    0x32, 0x5D, 0x2C, 0x20, 0x76, 0x52, 0x65, 0x67, 0x33, 0x3B, 0x0A, 0x44, 0x50, 0x33, 0x20, 0x20,
    0x20, 0x76, 0x52, 0x65, 0x67, 0x34, 0x2E, 0x79, 0x2C, 0x20, 0x70, 0x72, 0x6F, 0x67, 0x72, 0x61,
    0x6D, 0x2E, 0x65, 0x6E, 0x76, 0x5B, 0x39, 0x31, 0x5D, 0x2C, 0x20, 0x76, 0x52, 0x65, 0x67, 0x33,
    0x3B, 0x0A, 0x44, 0x50, 0x33, 0x20, 0x20, 0x20, 0x76, 0x52, 0x65, 0x67, 0x34, 0x2E, 0x7A, 0x2C,
    0x20, 0x70, 0x72, 0x6F, 0x67, 0x72, 0x61, 0x6D, 0x2E, 0x65, 0x6E, 0x76, 0x5B, 0x39, 0x30, 0x5D,
    0x2C, 0x20, 0x76, 0x52, 0x65, 0x67, 0x33, 0x3B, 0x0A, 0x4D, 0x4F, 0x56, 0x20, 0x20, 0x20, 0x76,
    0x52, 0x65, 0x67, 0x34, 0x2E, 0x77, 0x2C, 0x20, 0x70, 0x72, 0x6F, 0x67, 0x72, 0x61, 0x6D, 0x2E,
    0x65, 0x6E, 0x76, 0x5B, 0x31, 0x36, 0x5D, 0x2E, 0x77, 0x3B, 0x0A, 0x4D, 0x4F, 0x56, 0x20, 0x20,
    0x20, 0x72, 0x65, 0x73, 0x75, 0x6C, 0x74, 0x2E, 0x74, 0x65, 0x78, 0x63, 0x6F, 0x6F, 0x72, 0x64,
    0x5B, 0x30, 0x5D, 0x2C, 0x20, 0x76, 0x65, 0x72, 0x74, 0x65, 0x78, 0x2E, 0x74, 0x65, 0x78, 0x63,
    0x6F, 0x6F, 0x72, 0x64, 0x5B, 0x30, 0x5D, 0x3B, 0x0A, 0x4D, 0x4F, 0x56, 0x20, 0x20, 0x20, 0x72,
    0x65, 0x73, 0x75, 0x6C, 0x74, 0x2E, 0x74, 0x65, 0x78, 0x63, 0x6F, 0x6F, 0x72, 0x64, 0x5B, 0x31,
    0x5D, 0x2C, 0x20, 0x76, 0x65, 0x72, 0x74, 0x65, 0x78, 0x2E, 0x74, 0x65, 0x78, 0x63, 0x6F, 0x6F,
    0x72, 0x64, 0x5B, 0x31, 0x5D, 0x3B, 0x0A, 0x4D, 0x4F, 0x56, 0x20, 0x20, 0x20, 0x72, 0x65, 0x73,
    0x75, 0x6C, 0x74, 0x2E, 0x74, 0x65, 0x78, 0x63, 0x6F, 0x6F, 0x72, 0x64, 0x5B, 0x32, 0x5D, 0x2C,
    0x20, 0x76, 0x52, 0x65, 0x67, 0x34, 0x3B, 0x0A, 0x4D, 0x4F, 0x56, 0x20, 0x20, 0x20, 0x72, 0x65,
    0x73, 0x75, 0x6C, 0x74, 0x2E, 0x74, 0x65, 0x78, 0x63, 0x6F, 0x6F, 0x72, 0x64, 0x5B, 0x33, 0x5D,
    0x2C, 0x20, 0x76, 0x65, 0x72, 0x74, 0x65, 0x78, 0x2E, 0x74, 0x65, 0x78, 0x63, 0x6F, 0x6F, 0x72,
    0x64, 0x5B, 0x33, 0x5D, 0x3B, 0x0A, 0x4D, 0x4F, 0x56, 0x20, 0x72, 0x65, 0x73, 0x75, 0x6C, 0x74,
    0x2E, 0x63, 0x6F, 0x6C, 0x6F, 0x72, 0x2C, 0x20, 0x70, 0x72, 0x6F, 0x67, 0x72, 0x61, 0x6D, 0x2E,
    0x65, 0x6E, 0x76, 0x5B, 0x31, 0x35, 0x5D, 0x2E, 0x77, 0x77, 0x77, 0x7A, 0x3B, 0x0A, 0x4D, 0x4F,
    0x56, 0x20, 0x76, 0x46, 0x69, 0x6E, 0x61, 0x6C, 0x43, 0x6F, 0x6C, 0x6F, 0x75, 0x72, 0x2C, 0x20,
    0x70, 0x72, 0x6F, 0x67, 0x72, 0x61, 0x6D, 0x2E, 0x65, 0x6E, 0x76, 0x5B, 0x38, 0x39, 0x5D, 0x2E,
    0x78, 0x78, 0x78, 0x77, 0x3B, 0x0A, 0x44, 0x50, 0x34, 0x20, 0x76, 0x52, 0x65, 0x67, 0x30, 0x2E,
    0x78, 0x2C, 0x20, 0x76, 0x52, 0x65, 0x67, 0x31, 0x30, 0x2C, 0x20, 0x70, 0x72, 0x6F, 0x67, 0x72,
    0x61, 0x6D, 0x2E, 0x65, 0x6E, 0x76, 0x5B, 0x39, 0x32, 0x5D, 0x3B, 0x0A, 0x44, 0x50, 0x34, 0x20,
    0x76, 0x52, 0x65, 0x67, 0x30, 0x2E, 0x79, 0x2C, 0x20, 0x76, 0x52, 0x65, 0x67, 0x31, 0x30, 0x2C,
    0x20, 0x70, 0x72, 0x6F, 0x67, 0x72, 0x61, 0x6D, 0x2E, 0x65, 0x6E, 0x76, 0x5B, 0x39, 0x31, 0x5D,
    0x3B, 0x0A, 0x44, 0x50, 0x34, 0x20, 0x76, 0x52, 0x65, 0x67, 0x30, 0x2E, 0x7A, 0x2C, 0x20, 0x76,
    0x52, 0x65, 0x67, 0x31, 0x30, 0x2C, 0x20, 0x70, 0x72, 0x6F, 0x67, 0x72, 0x61, 0x6D, 0x2E, 0x65,
    0x6E, 0x76, 0x5B, 0x39, 0x30, 0x5D, 0x3B, 0x0A, 0x44, 0x50, 0x34, 0x20, 0x76, 0x52, 0x65, 0x67,
    0x30, 0x2E, 0x77, 0x2C, 0x20, 0x76, 0x52, 0x65, 0x67, 0x31, 0x30, 0x2C, 0x20, 0x70, 0x72, 0x6F,
    0x67, 0x72, 0x61, 0x6D, 0x2E, 0x65, 0x6E, 0x76, 0x5B, 0x38, 0x39, 0x5D, 0x3B, 0x0A, 0x4D, 0x4F,
    0x56, 0x20, 0x76, 0x52, 0x65, 0x67, 0x31, 0x30, 0x2C, 0x20, 0x76, 0x52, 0x65, 0x67, 0x30, 0x3B,
    0x0A, 0x44, 0x50, 0x33, 0x20, 0x76, 0x52, 0x65, 0x67, 0x30, 0x2E, 0x78, 0x2C, 0x20, 0x76, 0x4E,
    0x6F, 0x72, 0x6D, 0x61, 0x6C, 0x57, 0x6F, 0x72, 0x6C, 0x64, 0x2C, 0x20, 0x70, 0x72, 0x6F, 0x67,
    0x72, 0x61, 0x6D, 0x2E, 0x65, 0x6E, 0x76, 0x5B, 0x39, 0x32, 0x5D, 0x3B, 0x0A, 0x44, 0x50, 0x33,
    0x20, 0x76, 0x52, 0x65, 0x67, 0x30, 0x2E, 0x79, 0x2C, 0x20, 0x76, 0x4E, 0x6F, 0x72, 0x6D, 0x61,
    0x6C, 0x57, 0x6F, 0x72, 0x6C, 0x64, 0x2C, 0x20, 0x70, 0x72, 0x6F, 0x67, 0x72, 0x61, 0x6D, 0x2E,
    0x65, 0x6E, 0x76, 0x5B, 0x39, 0x31, 0x5D, 0x3B, 0x0A, 0x44, 0x50, 0x33, 0x20, 0x76, 0x52, 0x65,
    0x67, 0x30, 0x2E, 0x7A, 0x2C, 0x20, 0x76, 0x4E, 0x6F, 0x72, 0x6D, 0x61, 0x6C, 0x57, 0x6F, 0x72,
    0x6C, 0x64, 0x2C, 0x20, 0x70, 0x72, 0x6F, 0x67, 0x72, 0x61, 0x6D, 0x2E, 0x65, 0x6E, 0x76, 0x5B,
    0x39, 0x30, 0x5D, 0x3B, 0x0A, 0x4D, 0x4F, 0x56, 0x20, 0x76, 0x4E, 0x6F, 0x72, 0x6D, 0x61, 0x6C,
    0x57, 0x6F, 0x72, 0x6C, 0x64, 0x2C, 0x20, 0x76, 0x52, 0x65, 0x67, 0x30, 0x3B, 0x0A, 0x41, 0x44,
    0x44, 0x20, 0x76, 0x52, 0x65, 0x67, 0x30, 0x2C, 0x20, 0x2D, 0x76, 0x52, 0x65, 0x67, 0x31, 0x30,
    0x2C, 0x20, 0x70, 0x72, 0x6F, 0x67, 0x72, 0x61, 0x6D, 0x2E, 0x65, 0x6E, 0x76, 0x5B, 0x38, 0x37,
    0x5D, 0x3B, 0x0A, 0x44, 0x50, 0x33, 0x20, 0x76, 0x52, 0x65, 0x67, 0x30, 0x2E, 0x77, 0x2C, 0x20,
    0x76, 0x52, 0x65, 0x67, 0x30, 0x2C, 0x20, 0x76, 0x52, 0x65, 0x67, 0x30, 0x3B, 0x0A, 0x52, 0x53,
    0x51, 0x20, 0x76, 0x52, 0x65, 0x67, 0x31, 0x2E, 0x77, 0x2C, 0x20, 0x76, 0x52, 0x65, 0x67, 0x30,
    0x2E, 0x77, 0x3B, 0x0A, 0x4D, 0x55, 0x4C, 0x20, 0x76, 0x52, 0x65, 0x67, 0x32, 0x2C, 0x20, 0x76,
    0x52, 0x65, 0x67, 0x30, 0x2C, 0x20, 0x76, 0x52, 0x65, 0x67, 0x31, 0x2E, 0x77, 0x3B, 0x0A, 0x44,
    0x53, 0x54, 0x20, 0x76, 0x52, 0x65, 0x67, 0x33, 0x2C, 0x20, 0x76, 0x52, 0x65, 0x67, 0x30, 0x2E,
    0x77, 0x2C, 0x20, 0x76, 0x52, 0x65, 0x67, 0x31, 0x2E, 0x77, 0x3B, 0x0A, 0x44, 0x50, 0x33, 0x20,
    0x76, 0x52, 0x65, 0x67, 0x33, 0x2E, 0x77, 0x2C, 0x20, 0x76, 0x52, 0x65, 0x67, 0x33, 0x2C, 0x20,
    0x70, 0x72, 0x6F, 0x67, 0x72, 0x61, 0x6D, 0x2E, 0x65, 0x6E, 0x76, 0x5B, 0x38, 0x33, 0x5D, 0x3B,
    0x0A, 0x52, 0x43, 0x50, 0x20, 0x76, 0x52, 0x65, 0x67, 0x33, 0x2E, 0x77, 0x2C, 0x20, 0x76, 0x52,
    0x65, 0x67, 0x33, 0x2E, 0x77, 0x3B, 0x0A, 0x44, 0x50, 0x33, 0x20, 0x76, 0x52, 0x65, 0x67, 0x30,
    0x2E, 0x78, 0x2C, 0x20, 0x76, 0x4E, 0x6F, 0x72, 0x6D, 0x61, 0x6C, 0x57, 0x6F, 0x72, 0x6C, 0x64,
    0x2C, 0x20, 0x76, 0x52, 0x65, 0x67, 0x32, 0x3B, 0x0A, 0x4C, 0x49, 0x54, 0x20, 0x76, 0x52, 0x65,
    0x67, 0x30, 0x2C, 0x20, 0x76, 0x52, 0x65, 0x67, 0x30, 0x3B, 0x0A, 0x4D, 0x55, 0x4C, 0x20, 0x76,
    0x52, 0x65, 0x67, 0x30, 0x2C, 0x20, 0x76, 0x52, 0x65, 0x67, 0x30, 0x2C, 0x20, 0x76, 0x52, 0x65,
    0x67, 0x33, 0x2E, 0x77, 0x3B, 0x0A, 0x4D, 0x55, 0x4C, 0x20, 0x76, 0x52, 0x65, 0x67, 0x31, 0x2C,
    0x20, 0x76, 0x52, 0x65, 0x67, 0x30, 0x2E, 0x78, 0x2C, 0x20, 0x70, 0x72, 0x6F, 0x67, 0x72, 0x61,
    0x6D, 0x2E, 0x65, 0x6E, 0x76, 0x5B, 0x38, 0x36, 0x5D, 0x3B, 0x0A, 0x4D, 0x41, 0x44, 0x20, 0x76,
    0x46, 0x69, 0x6E, 0x61, 0x6C, 0x43, 0x6F, 0x6C, 0x6F, 0x75, 0x72, 0x2E, 0x78, 0x79, 0x7A, 0x77,
    0x2C, 0x20, 0x76, 0x52, 0x65, 0x67, 0x31, 0x2C, 0x20, 0x70, 0x72, 0x6F, 0x67, 0x72, 0x61, 0x6D,
    0x2E, 0x65, 0x6E, 0x76, 0x5B, 0x39, 0x35, 0x5D, 0x2C, 0x20, 0x76, 0x46, 0x69, 0x6E, 0x61, 0x6C,
    0x43, 0x6F, 0x6C, 0x6F, 0x75, 0x72, 0x3B, 0x0A, 0x4D, 0x55, 0x4C, 0x20, 0x76, 0x52, 0x65, 0x67,
    0x31, 0x2C, 0x20, 0x76, 0x52, 0x65, 0x67, 0x30, 0x2E, 0x79, 0x2C, 0x20, 0x70, 0x72, 0x6F, 0x67,
    0x72, 0x61, 0x6D, 0x2E, 0x65, 0x6E, 0x76, 0x5B, 0x38, 0x35, 0x5D, 0x3B, 0x0A, 0x4D, 0x41, 0x44,
    0x20, 0x76, 0x46, 0x69, 0x6E, 0x61, 0x6C, 0x43, 0x6F, 0x6C, 0x6F, 0x75, 0x72, 0x2E, 0x78, 0x79,
    0x7A, 0x77, 0x2C, 0x20, 0x76, 0x52, 0x65, 0x67, 0x31, 0x2C, 0x20, 0x70, 0x72, 0x6F, 0x67, 0x72,
    0x61, 0x6D, 0x2E, 0x65, 0x6E, 0x76, 0x5B, 0x39, 0x34, 0x5D, 0x2C, 0x20, 0x76, 0x46, 0x69, 0x6E,
    0x61, 0x6C, 0x43, 0x6F, 0x6C, 0x6F, 0x75, 0x72, 0x3B, 0x0A, 0x41, 0x44, 0x44, 0x20, 0x76, 0x52,
    0x65, 0x67, 0x30, 0x2C, 0x20, 0x2D, 0x76, 0x52, 0x65, 0x67, 0x31, 0x30, 0x2C, 0x20, 0x70, 0x72,
    0x6F, 0x67, 0x72, 0x61, 0x6D, 0x2E, 0x65, 0x6E, 0x76, 0x5B, 0x38, 0x32, 0x5D, 0x3B, 0x0A, 0x44,
    0x50, 0x33, 0x20, 0x76, 0x52, 0x65, 0x67, 0x30, 0x2E, 0x77, 0x2C, 0x20, 0x76, 0x52, 0x65, 0x67,
    0x30, 0x2C, 0x20, 0x76, 0x52, 0x65, 0x67, 0x30, 0x3B, 0x0A, 0x52, 0x53, 0x51, 0x20, 0x76, 0x52,
    0x65, 0x67, 0x31, 0x2E, 0x77, 0x2C, 0x20, 0x76, 0x52, 0x65, 0x67, 0x30, 0x2E, 0x77, 0x3B, 0x0A,
    0x4D, 0x55, 0x4C, 0x20, 0x76, 0x52, 0x65, 0x67, 0x32, 0x2C, 0x20, 0x76, 0x52, 0x65, 0x67, 0x30,
    0x2C, 0x20, 0x76, 0x52, 0x65, 0x67, 0x31, 0x2E, 0x77, 0x3B, 0x0A, 0x44, 0x53, 0x54, 0x20, 0x76,
    0x52, 0x65, 0x67, 0x33, 0x2C, 0x20, 0x76, 0x52, 0x65, 0x67, 0x30, 0x2E, 0x77, 0x2C, 0x20, 0x76,
    0x52, 0x65, 0x67, 0x31, 0x2E, 0x77, 0x3B, 0x0A, 0x44, 0x50, 0x33, 0x20, 0x76, 0x52, 0x65, 0x67,
    0x33, 0x2E, 0x77, 0x2C, 0x20, 0x76, 0x52, 0x65, 0x67, 0x33, 0x2C, 0x20, 0x70, 0x72, 0x6F, 0x67,
    0x72, 0x61, 0x6D, 0x2E, 0x65, 0x6E, 0x76, 0x5B, 0x37, 0x38, 0x5D, 0x3B, 0x0A, 0x52, 0x43, 0x50,
    0x20, 0x76, 0x52, 0x65, 0x67, 0x33, 0x2E, 0x77, 0x2C, 0x20, 0x76, 0x52, 0x65, 0x67, 0x33, 0x2E,
    0x77, 0x3B, 0x0A, 0x44, 0x50, 0x33, 0x20, 0x76, 0x52, 0x65, 0x67, 0x30, 0x2E, 0x78, 0x2C, 0x20,
    0x76, 0x4E, 0x6F, 0x72, 0x6D, 0x61, 0x6C, 0x57, 0x6F, 0x72, 0x6C, 0x64, 0x2C, 0x20, 0x76, 0x52,
    0x65, 0x67, 0x32, 0x3B, 0x0A, 0x4C, 0x49, 0x54, 0x20, 0x76, 0x52, 0x65, 0x67, 0x30, 0x2C, 0x20,
    0x76, 0x52, 0x65, 0x67, 0x30, 0x3B, 0x0A, 0x4D, 0x55, 0x4C, 0x20, 0x76, 0x52, 0x65, 0x67, 0x30,
    0x2C, 0x20, 0x76, 0x52, 0x65, 0x67, 0x30, 0x2C, 0x20, 0x76, 0x52, 0x65, 0x67, 0x33, 0x2E, 0x77,
    0x3B, 0x0A, 0x4D, 0x55, 0x4C, 0x20, 0x76, 0x52, 0x65, 0x67, 0x31, 0x2C, 0x20, 0x76, 0x52, 0x65,
    0x67, 0x30, 0x2E, 0x78, 0x2C, 0x20, 0x70, 0x72, 0x6F, 0x67, 0x72, 0x61, 0x6D, 0x2E, 0x65, 0x6E,
    0x76, 0x5B, 0x38, 0x31, 0x5D, 0x3B, 0x0A, 0x4D, 0x41, 0x44, 0x20, 0x76, 0x46, 0x69, 0x6E, 0x61,
    0x6C, 0x43, 0x6F, 0x6C, 0x6F, 0x75, 0x72, 0x2E, 0x78, 0x79, 0x7A, 0x77, 0x2C, 0x20, 0x76, 0x52,
    0x65, 0x67, 0x31, 0x2C, 0x20, 0x70, 0x72, 0x6F, 0x67, 0x72, 0x61, 0x6D, 0x2E, 0x65, 0x6E, 0x76,
    0x5B, 0x39, 0x35, 0x5D, 0x2C, 0x20, 0x76, 0x46, 0x69, 0x6E, 0x61, 0x6C, 0x43, 0x6F, 0x6C, 0x6F,
    0x75, 0x72, 0x3B, 0x0A, 0x4D, 0x55, 0x4C, 0x20, 0x76, 0x52, 0x65, 0x67, 0x31, 0x2C, 0x20, 0x76,
    0x52, 0x65, 0x67, 0x30, 0x2E, 0x79, 0x2C, 0x20, 0x70, 0x72, 0x6F, 0x67, 0x72, 0x61, 0x6D, 0x2E,
    0x65, 0x6E, 0x76, 0x5B, 0x38, 0x30, 0x5D, 0x3B, 0x0A, 0x4D, 0x41, 0x44, 0x20, 0x76, 0x46, 0x69,
    0x6E, 0x61, 0x6C, 0x43, 0x6F, 0x6C, 0x6F, 0x75, 0x72, 0x2E, 0x78, 0x79, 0x7A, 0x77, 0x2C, 0x20,
    0x76, 0x52, 0x65, 0x67, 0x31, 0x2C, 0x20, 0x70, 0x72, 0x6F, 0x67, 0x72, 0x61, 0x6D, 0x2E, 0x65,
    0x6E, 0x76, 0x5B, 0x39, 0x34, 0x5D, 0x2C, 0x20, 0x76, 0x46, 0x69, 0x6E, 0x61, 0x6C, 0x43, 0x6F,
    0x6C, 0x6F, 0x75, 0x72, 0x3B, 0x0A, 0x41, 0x44, 0x44, 0x20, 0x76, 0x52, 0x65, 0x67, 0x30, 0x2C,
    0x20, 0x2D, 0x76, 0x52, 0x65, 0x67, 0x31, 0x30, 0x2C, 0x20, 0x70, 0x72, 0x6F, 0x67, 0x72, 0x61,
    0x6D, 0x2E, 0x65, 0x6E, 0x76, 0x5B, 0x37, 0x37, 0x5D, 0x3B, 0x0A, 0x44, 0x50, 0x33, 0x20, 0x76,
    0x52, 0x65, 0x67, 0x30, 0x2E, 0x77, 0x2C, 0x20, 0x76, 0x52, 0x65, 0x67, 0x30, 0x2C, 0x20, 0x76,
    0x52, 0x65, 0x67, 0x30, 0x3B, 0x0A, 0x52, 0x53, 0x51, 0x20, 0x76, 0x52, 0x65, 0x67, 0x31, 0x2E,
    0x77, 0x2C, 0x20, 0x76, 0x52, 0x65, 0x67, 0x30, 0x2E, 0x77, 0x3B, 0x0A, 0x4D, 0x55, 0x4C, 0x20,
    0x76, 0x52, 0x65, 0x67, 0x32, 0x2C, 0x20, 0x76, 0x52, 0x65, 0x67, 0x30, 0x2C, 0x20, 0x76, 0x52,
    0x65, 0x67, 0x31, 0x2E, 0x77, 0x3B, 0x0A, 0x44, 0x53, 0x54, 0x20, 0x76, 0x52, 0x65, 0x67, 0x33,
    0x2C, 0x20, 0x76, 0x52, 0x65, 0x67, 0x30, 0x2E, 0x77, 0x2C, 0x20, 0x76, 0x52, 0x65, 0x67, 0x31,
    0x2E, 0x77, 0x3B, 0x0A, 0x44, 0x50, 0x33, 0x20, 0x76, 0x52, 0x65, 0x67, 0x33, 0x2E, 0x77, 0x2C,
    0x20, 0x76, 0x52, 0x65, 0x67, 0x33, 0x2C, 0x20, 0x70, 0x72, 0x6F, 0x67, 0x72, 0x61, 0x6D, 0x2E,
    0x65, 0x6E, 0x76, 0x5B, 0x37, 0x33, 0x5D, 0x3B, 0x0A, 0x52, 0x43, 0x50, 0x20, 0x76, 0x52, 0x65,
    0x67, 0x33, 0x2E, 0x77, 0x2C, 0x20, 0x76, 0x52, 0x65, 0x67, 0x33, 0x2E, 0x77, 0x3B, 0x0A, 0x44,
    0x50, 0x33, 0x20, 0x76, 0x52, 0x65, 0x67, 0x30, 0x2E, 0x78, 0x2C, 0x20, 0x76, 0x4E, 0x6F, 0x72,
    0x6D, 0x61, 0x6C, 0x57, 0x6F, 0x72, 0x6C, 0x64, 0x2C, 0x20, 0x76, 0x52, 0x65, 0x67, 0x32, 0x3B,
    0x0A, 0x4C, 0x49, 0x54, 0x20, 0x76, 0x52, 0x65, 0x67, 0x30, 0x2C, 0x20, 0x76, 0x52, 0x65, 0x67,
    0x30, 0x3B, 0x0A, 0x4D, 0x55, 0x4C, 0x20, 0x76, 0x52, 0x65, 0x67, 0x30, 0x2C, 0x20, 0x76, 0x52,
    0x65, 0x67, 0x30, 0x2C, 0x20, 0x76, 0x52, 0x65, 0x67, 0x33, 0x2E, 0x77, 0x3B, 0x0A, 0x4D, 0x55,
    0x4C, 0x20, 0x76, 0x52, 0x65, 0x67, 0x31, 0x2C, 0x20, 0x76, 0x52, 0x65, 0x67, 0x30, 0x2E, 0x78,
    0x2C, 0x20, 0x70, 0x72, 0x6F, 0x67, 0x72, 0x61, 0x6D, 0x2E, 0x65, 0x6E, 0x76, 0x5B, 0x37, 0x36,
    0x5D, 0x3B, 0x0A, 0x4D, 0x41, 0x44, 0x20, 0x76, 0x46, 0x69, 0x6E, 0x61, 0x6C, 0x43, 0x6F, 0x6C,
    0x6F, 0x75, 0x72, 0x2E, 0x78, 0x79, 0x7A, 0x77, 0x2C, 0x20, 0x76, 0x52, 0x65, 0x67, 0x31, 0x2C,
    0x20, 0x70, 0x72, 0x6F, 0x67, 0x72, 0x61, 0x6D, 0x2E, 0x65, 0x6E, 0x76, 0x5B, 0x39, 0x35, 0x5D,
    0x2C, 0x20, 0x76, 0x46, 0x69, 0x6E, 0x61, 0x6C, 0x43, 0x6F, 0x6C, 0x6F, 0x75, 0x72, 0x3B, 0x0A,
    0x4D, 0x55, 0x4C, 0x20, 0x76, 0x52, 0x65, 0x67, 0x31, 0x2C, 0x20, 0x76, 0x52, 0x65, 0x67, 0x30,
    0x2E, 0x79, 0x2C, 0x20, 0x70, 0x72, 0x6F, 0x67, 0x72, 0x61, 0x6D, 0x2E, 0x65, 0x6E, 0x76, 0x5B,
    0x37, 0x35, 0x5D, 0x3B, 0x0A, 0x4D, 0x41, 0x44, 0x20, 0x76, 0x46, 0x69, 0x6E, 0x61, 0x6C, 0x43,
    0x6F, 0x6C, 0x6F, 0x75, 0x72, 0x2E, 0x78, 0x79, 0x7A, 0x77, 0x2C, 0x20, 0x76, 0x52, 0x65, 0x67,
    0x31, 0x2C, 0x20, 0x70, 0x72, 0x6F, 0x67, 0x72, 0x61, 0x6D, 0x2E, 0x65, 0x6E, 0x76, 0x5B, 0x39,
    0x34, 0x5D, 0x2C, 0x20, 0x76, 0x46, 0x69, 0x6E, 0x61, 0x6C, 0x43, 0x6F, 0x6C, 0x6F, 0x75, 0x72,
    0x3B, 0x0A, 0x41, 0x44, 0x44, 0x20, 0x76, 0x52, 0x65, 0x67, 0x30, 0x2C, 0x20, 0x2D, 0x76, 0x52,
    0x65, 0x67, 0x31, 0x30, 0x2C, 0x20, 0x70, 0x72, 0x6F, 0x67, 0x72, 0x61, 0x6D, 0x2E, 0x65, 0x6E,
    0x76, 0x5B, 0x37, 0x32, 0x5D, 0x3B, 0x0A, 0x44, 0x50, 0x33, 0x20, 0x76, 0x52, 0x65, 0x67, 0x30,
    0x2E, 0x77, 0x2C, 0x20, 0x76, 0x52, 0x65, 0x67, 0x30, 0x2C, 0x20, 0x76, 0x52, 0x65, 0x67, 0x30,
    0x3B, 0x0A, 0x52, 0x53, 0x51, 0x20, 0x76, 0x52, 0x65, 0x67, 0x31, 0x2E, 0x77, 0x2C, 0x20, 0x76,
    0x52, 0x65, 0x67, 0x30, 0x2E, 0x77, 0x3B, 0x0A, 0x4D, 0x55, 0x4C, 0x20, 0x76, 0x52, 0x65, 0x67,
    0x32, 0x2C, 0x20, 0x76, 0x52, 0x65, 0x67, 0x30, 0x2C, 0x20, 0x76, 0x52, 0x65, 0x67, 0x31, 0x2E,
    0x77, 0x3B, 0x0A, 0x44, 0x53, 0x54, 0x20, 0x76, 0x52, 0x65, 0x67, 0x33, 0x2C, 0x20, 0x76, 0x52,
    0x65, 0x67, 0x30, 0x2E, 0x77, 0x2C, 0x20, 0x76, 0x52, 0x65, 0x67, 0x31, 0x2E, 0x77, 0x3B, 0x0A,
    0x44, 0x50, 0x33, 0x20, 0x76, 0x52, 0x65, 0x67, 0x33, 0x2E, 0x77, 0x2C, 0x20, 0x76, 0x52, 0x65,
    0x67, 0x33, 0x2C, 0x20, 0x70, 0x72, 0x6F, 0x67, 0x72, 0x61, 0x6D, 0x2E, 0x65, 0x6E, 0x76, 0x5B,
    0x36, 0x38, 0x5D, 0x3B, 0x0A, 0x52, 0x43, 0x50, 0x20, 0x76, 0x52, 0x65, 0x67, 0x33, 0x2E, 0x77,
    0x2C, 0x20, 0x76, 0x52, 0x65, 0x67, 0x33, 0x2E, 0x77, 0x3B, 0x0A, 0x44, 0x50, 0x33, 0x20, 0x76,
    0x52, 0x65, 0x67, 0x30, 0x2E, 0x78, 0x2C, 0x20, 0x76, 0x4E, 0x6F, 0x72, 0x6D, 0x61, 0x6C, 0x57,
    0x6F, 0x72, 0x6C, 0x64, 0x2C, 0x20, 0x76, 0x52, 0x65, 0x67, 0x32, 0x3B, 0x0A, 0x4C, 0x49, 0x54,
    0x20, 0x76, 0x52, 0x65, 0x67, 0x30, 0x2C, 0x20, 0x76, 0x52, 0x65, 0x67, 0x30, 0x3B, 0x0A, 0x4D,
    0x55, 0x4C, 0x20, 0x76, 0x52, 0x65, 0x67, 0x30, 0x2C, 0x20, 0x76, 0x52, 0x65, 0x67, 0x30, 0x2C,
    0x20, 0x76, 0x52, 0x65, 0x67, 0x33, 0x2E, 0x77, 0x3B, 0x0A, 0x4D, 0x55, 0x4C, 0x20, 0x76, 0x52,
    0x65, 0x67, 0x31, 0x2C, 0x20, 0x76, 0x52, 0x65, 0x67, 0x30, 0x2E, 0x78, 0x2C, 0x20, 0x70, 0x72,
    0x6F, 0x67, 0x72, 0x61, 0x6D, 0x2E, 0x65, 0x6E, 0x76, 0x5B, 0x37, 0x31, 0x5D, 0x3B, 0x0A, 0x4D,
    0x41, 0x44, 0x20, 0x76, 0x46, 0x69, 0x6E, 0x61, 0x6C, 0x43, 0x6F, 0x6C, 0x6F, 0x75, 0x72, 0x2E,
    0x78, 0x79, 0x7A, 0x77, 0x2C, 0x20, 0x76, 0x52, 0x65, 0x67, 0x31, 0x2C, 0x20, 0x70, 0x72, 0x6F,
    0x67, 0x72, 0x61, 0x6D, 0x2E, 0x65, 0x6E, 0x76, 0x5B, 0x39, 0x35, 0x5D, 0x2C, 0x20, 0x76, 0x46,
    0x69, 0x6E, 0x61, 0x6C, 0x43, 0x6F, 0x6C, 0x6F, 0x75, 0x72, 0x3B, 0x0A, 0x4D, 0x55, 0x4C, 0x20,
    0x76, 0x52, 0x65, 0x67, 0x31, 0x2C, 0x20, 0x76, 0x52, 0x65, 0x67, 0x30, 0x2E, 0x79, 0x2C, 0x20,
    0x70, 0x72, 0x6F, 0x67, 0x72, 0x61, 0x6D, 0x2E, 0x65, 0x6E, 0x76, 0x5B, 0x37, 0x30, 0x5D, 0x3B,
    0x0A, 0x4D, 0x41, 0x44, 0x20, 0x76, 0x46, 0x69, 0x6E, 0x61, 0x6C, 0x43, 0x6F, 0x6C, 0x6F, 0x75,
    0x72, 0x2E, 0x78, 0x79, 0x7A, 0x77, 0x2C, 0x20, 0x76, 0x52, 0x65, 0x67, 0x31, 0x2C, 0x20, 0x70,
    0x72, 0x6F, 0x67, 0x72, 0x61, 0x6D, 0x2E, 0x65, 0x6E, 0x76, 0x5B, 0x39, 0x34, 0x5D, 0x2C, 0x20,
    0x76, 0x46, 0x69, 0x6E, 0x61, 0x6C, 0x43, 0x6F, 0x6C, 0x6F, 0x75, 0x72, 0x3B, 0x0A, 0x41, 0x44,
    0x44, 0x20, 0x76, 0x52, 0x65, 0x67, 0x30, 0x2C, 0x20, 0x2D, 0x76, 0x52, 0x65, 0x67, 0x31, 0x30,
    0x2C, 0x20, 0x70, 0x72, 0x6F, 0x67, 0x72, 0x61, 0x6D, 0x2E, 0x65, 0x6E, 0x76, 0x5B, 0x36, 0x37,
    0x5D, 0x3B, 0x0A, 0x44, 0x50, 0x33, 0x20, 0x76, 0x52, 0x65, 0x67, 0x30, 0x2E, 0x77, 0x2C, 0x20,
    0x76, 0x52, 0x65, 0x67, 0x30, 0x2C, 0x20, 0x76, 0x52, 0x65, 0x67, 0x30, 0x3B, 0x0A, 0x52, 0x53,
    0x51, 0x20, 0x76, 0x52, 0x65, 0x67, 0x31, 0x2E, 0x77, 0x2C, 0x20, 0x76, 0x52, 0x65, 0x67, 0x30,
    0x2E, 0x77, 0x3B, 0x0A, 0x4D, 0x55, 0x4C, 0x20, 0x76, 0x52, 0x65, 0x67, 0x32, 0x2C, 0x20, 0x76,
    0x52, 0x65, 0x67, 0x30, 0x2C, 0x20, 0x76, 0x52, 0x65, 0x67, 0x31, 0x2E, 0x77, 0x3B, 0x0A, 0x44,
    0x53, 0x54, 0x20, 0x76, 0x52, 0x65, 0x67, 0x33, 0x2C, 0x20, 0x76, 0x52, 0x65, 0x67, 0x30, 0x2E,
    0x77, 0x2C, 0x20, 0x76, 0x52, 0x65, 0x67, 0x31, 0x2E, 0x77, 0x3B, 0x0A, 0x44, 0x50, 0x33, 0x20,
    0x76, 0x52, 0x65, 0x67, 0x33, 0x2E, 0x77, 0x2C, 0x20, 0x76, 0x52, 0x65, 0x67, 0x33, 0x2C, 0x20,
    0x70, 0x72, 0x6F, 0x67, 0x72, 0x61, 0x6D, 0x2E, 0x65, 0x6E, 0x76, 0x5B, 0x36, 0x33, 0x5D, 0x3B,
    0x0A, 0x52, 0x43, 0x50, 0x20, 0x76, 0x52, 0x65, 0x67, 0x33, 0x2E, 0x77, 0x2C, 0x20, 0x76, 0x52,
    0x65, 0x67, 0x33, 0x2E, 0x77, 0x3B, 0x0A, 0x44, 0x50, 0x33, 0x20, 0x76, 0x52, 0x65, 0x67, 0x30,
    0x2E, 0x78, 0x2C, 0x20, 0x76, 0x4E, 0x6F, 0x72, 0x6D, 0x61, 0x6C, 0x57, 0x6F, 0x72, 0x6C, 0x64,
    0x2C, 0x20, 0x76, 0x52, 0x65, 0x67, 0x32, 0x3B, 0x0A, 0x4C, 0x49, 0x54, 0x20, 0x76, 0x52, 0x65,
    0x67, 0x30, 0x2C, 0x20, 0x76, 0x52, 0x65, 0x67, 0x30, 0x3B, 0x0A, 0x4D, 0x55, 0x4C, 0x20, 0x76,
    0x52, 0x65, 0x67, 0x30, 0x2C, 0x20, 0x76, 0x52, 0x65, 0x67, 0x30, 0x2C, 0x20, 0x76, 0x52, 0x65,
    0x67, 0x33, 0x2E, 0x77, 0x3B, 0x0A, 0x4D, 0x55, 0x4C, 0x20, 0x76, 0x52, 0x65, 0x67, 0x31, 0x2C,
    0x20, 0x76, 0x52, 0x65, 0x67, 0x30, 0x2E, 0x78, 0x2C, 0x20, 0x70, 0x72, 0x6F, 0x67, 0x72, 0x61,
    0x6D, 0x2E, 0x65, 0x6E, 0x76, 0x5B, 0x36, 0x36, 0x5D, 0x3B, 0x0A, 0x4D, 0x41, 0x44, 0x20, 0x76,
    0x46, 0x69, 0x6E, 0x61, 0x6C, 0x43, 0x6F, 0x6C, 0x6F, 0x75, 0x72, 0x2E, 0x78, 0x79, 0x7A, 0x77,
    0x2C, 0x20, 0x76, 0x52, 0x65, 0x67, 0x31, 0x2C, 0x20, 0x70, 0x72, 0x6F, 0x67, 0x72, 0x61, 0x6D,
    0x2E, 0x65, 0x6E, 0x76, 0x5B, 0x39, 0x35, 0x5D, 0x2C, 0x20, 0x76, 0x46, 0x69, 0x6E, 0x61, 0x6C,
    0x43, 0x6F, 0x6C, 0x6F, 0x75, 0x72, 0x3B, 0x0A, 0x4D, 0x55, 0x4C, 0x20, 0x76, 0x52, 0x65, 0x67,
    0x31, 0x2C, 0x20, 0x76, 0x52, 0x65, 0x67, 0x30, 0x2E, 0x79, 0x2C, 0x20, 0x70, 0x72, 0x6F, 0x67,
    0x72, 0x61, 0x6D, 0x2E, 0x65, 0x6E, 0x76, 0x5B, 0x36, 0x35, 0x5D, 0x3B, 0x0A, 0x4D, 0x41, 0x44,
    0x20, 0x76, 0x46, 0x69, 0x6E, 0x61, 0x6C, 0x43, 0x6F, 0x6C, 0x6F, 0x75, 0x72, 0x2E, 0x78, 0x79,
    0x7A, 0x77, 0x2C, 0x20, 0x76, 0x52, 0x65, 0x67, 0x31, 0x2C, 0x20, 0x70, 0x72, 0x6F, 0x67, 0x72,
    0x61, 0x6D, 0x2E, 0x65, 0x6E, 0x76, 0x5B, 0x39, 0x34, 0x5D, 0x2C, 0x20, 0x76, 0x46, 0x69, 0x6E,
    0x61, 0x6C, 0x43, 0x6F, 0x6C, 0x6F, 0x75, 0x72, 0x3B, 0x0A, 0x41, 0x44, 0x44, 0x20, 0x76, 0x52,
    0x65, 0x67, 0x30, 0x2C, 0x20, 0x2D, 0x76, 0x52, 0x65, 0x67, 0x31, 0x30, 0x2C, 0x20, 0x70, 0x72,
    0x6F, 0x67, 0x72, 0x61, 0x6D, 0x2E, 0x65, 0x6E, 0x76, 0x5B, 0x36, 0x32, 0x5D, 0x3B, 0x0A, 0x44,
    0x50, 0x33, 0x20, 0x76, 0x52, 0x65, 0x67, 0x30, 0x2E, 0x77, 0x2C, 0x20, 0x76, 0x52, 0x65, 0x67,
    0x30, 0x2C, 0x20, 0x76, 0x52, 0x65, 0x67, 0x30, 0x3B, 0x0A, 0x52, 0x53, 0x51, 0x20, 0x76, 0x52,
    0x65, 0x67, 0x31, 0x2E, 0x77, 0x2C, 0x20, 0x76, 0x52, 0x65, 0x67, 0x30, 0x2E, 0x77, 0x3B, 0x0A,
    0x4D, 0x55, 0x4C, 0x20, 0x76, 0x52, 0x65, 0x67, 0x32, 0x2C, 0x20, 0x76, 0x52, 0x65, 0x67, 0x30,
    0x2C, 0x20, 0x76, 0x52, 0x65, 0x67, 0x31, 0x2E, 0x77, 0x3B, 0x0A, 0x44, 0x53, 0x54, 0x20, 0x76,
    0x52, 0x65, 0x67, 0x33, 0x2C, 0x20, 0x76, 0x52, 0x65, 0x67, 0x30, 0x2E, 0x77, 0x2C, 0x20, 0x76,
    0x52, 0x65, 0x67, 0x31, 0x2E, 0x77, 0x3B, 0x0A, 0x44, 0x50, 0x33, 0x20, 0x76, 0x52, 0x65, 0x67,
    0x33, 0x2E, 0x77, 0x2C, 0x20, 0x76, 0x52, 0x65, 0x67, 0x33, 0x2C, 0x20, 0x70, 0x72, 0x6F, 0x67,
    0x72, 0x61, 0x6D, 0x2E, 0x65, 0x6E, 0x76, 0x5B, 0x35, 0x38, 0x5D, 0x3B, 0x0A, 0x52, 0x43, 0x50,
    0x20, 0x76, 0x52, 0x65, 0x67, 0x33, 0x2E, 0x77, 0x2C, 0x20, 0x76, 0x52, 0x65, 0x67, 0x33, 0x2E,
    0x77, 0x3B, 0x0A, 0x44, 0x50, 0x33, 0x20, 0x76, 0x52, 0x65, 0x67, 0x30, 0x2E, 0x78, 0x2C, 0x20,
    0x76, 0x4E, 0x6F, 0x72, 0x6D, 0x61, 0x6C, 0x57, 0x6F, 0x72, 0x6C, 0x64, 0x2C, 0x20, 0x76, 0x52,
    0x65, 0x67, 0x32, 0x3B, 0x0A, 0x4C, 0x49, 0x54, 0x20, 0x76, 0x52, 0x65, 0x67, 0x30, 0x2C, 0x20,
    0x76, 0x52, 0x65, 0x67, 0x30, 0x3B, 0x0A, 0x4D, 0x55, 0x4C, 0x20, 0x76, 0x52, 0x65, 0x67, 0x30,
    0x2C, 0x20, 0x76, 0x52, 0x65, 0x67, 0x30, 0x2C, 0x20, 0x76, 0x52, 0x65, 0x67, 0x33, 0x2E, 0x77,
    0x3B, 0x0A, 0x4D, 0x55, 0x4C, 0x20, 0x76, 0x52, 0x65, 0x67, 0x31, 0x2C, 0x20, 0x76, 0x52, 0x65,
    0x67, 0x30, 0x2E, 0x78, 0x2C, 0x20, 0x70, 0x72, 0x6F, 0x67, 0x72, 0x61, 0x6D, 0x2E, 0x65, 0x6E,
    0x76, 0x5B, 0x36, 0x31, 0x5D, 0x3B, 0x0A, 0x4D, 0x41, 0x44, 0x20, 0x76, 0x46, 0x69, 0x6E, 0x61,
    0x6C, 0x43, 0x6F, 0x6C, 0x6F, 0x75, 0x72, 0x2E, 0x78, 0x79, 0x7A, 0x77, 0x2C, 0x20, 0x76, 0x52,
    0x65, 0x67, 0x31, 0x2C, 0x20, 0x70, 0x72, 0x6F, 0x67, 0x72, 0x61, 0x6D, 0x2E, 0x65, 0x6E, 0x76,
    0x5B, 0x39, 0x35, 0x5D, 0x2C, 0x20, 0x76, 0x46, 0x69, 0x6E, 0x61, 0x6C, 0x43, 0x6F, 0x6C, 0x6F,
    0x75, 0x72, 0x3B, 0x0A, 0x4D, 0x55, 0x4C, 0x20, 0x76, 0x52, 0x65, 0x67, 0x31, 0x2C, 0x20, 0x76,
    0x52, 0x65, 0x67, 0x30, 0x2E, 0x79, 0x2C, 0x20, 0x70, 0x72, 0x6F, 0x67, 0x72, 0x61, 0x6D, 0x2E,
    0x65, 0x6E, 0x76, 0x5B, 0x36, 0x30, 0x5D, 0x3B, 0x0A, 0x4D, 0x41, 0x44, 0x20, 0x76, 0x46, 0x69,
    0x6E, 0x61, 0x6C, 0x43, 0x6F, 0x6C, 0x6F, 0x75, 0x72, 0x2E, 0x78, 0x79, 0x7A, 0x77, 0x2C, 0x20,
    0x76, 0x52, 0x65, 0x67, 0x31, 0x2C, 0x20, 0x70, 0x72, 0x6F, 0x67, 0x72, 0x61, 0x6D, 0x2E, 0x65,
    0x6E, 0x76, 0x5B, 0x39, 0x34, 0x5D, 0x2C, 0x20, 0x76, 0x46, 0x69, 0x6E, 0x61, 0x6C, 0x43, 0x6F,
    0x6C, 0x6F, 0x75, 0x72, 0x3B, 0x0A, 0x41, 0x44, 0x44, 0x20, 0x76, 0x52, 0x65, 0x67, 0x30, 0x2C,
    0x20, 0x2D, 0x76, 0x52, 0x65, 0x67, 0x31, 0x30, 0x2C, 0x20, 0x70, 0x72, 0x6F, 0x67, 0x72, 0x61,
    0x6D, 0x2E, 0x65, 0x6E, 0x76, 0x5B, 0x35, 0x37, 0x5D, 0x3B, 0x0A, 0x44, 0x50, 0x33, 0x20, 0x76,
    0x52, 0x65, 0x67, 0x30, 0x2E, 0x77, 0x2C, 0x20, 0x76, 0x52, 0x65, 0x67, 0x30, 0x2C, 0x20, 0x76,
    0x52, 0x65, 0x67, 0x30, 0x3B, 0x0A, 0x52, 0x53, 0x51, 0x20, 0x76, 0x52, 0x65, 0x67, 0x31, 0x2E,
    0x77, 0x2C, 0x20, 0x76, 0x52, 0x65, 0x67, 0x30, 0x2E, 0x77, 0x3B, 0x0A, 0x4D, 0x55, 0x4C, 0x20,
    0x76, 0x52, 0x65, 0x67, 0x32, 0x2C, 0x20, 0x76, 0x52, 0x65, 0x67, 0x30, 0x2C, 0x20, 0x76, 0x52,
    0x65, 0x67, 0x31, 0x2E, 0x77, 0x3B, 0x0A, 0x44, 0x53, 0x54, 0x20, 0x76, 0x52, 0x65, 0x67, 0x33,
    0x2C, 0x20, 0x76, 0x52, 0x65, 0x67, 0x30, 0x2E, 0x77, 0x2C, 0x20, 0x76, 0x52, 0x65, 0x67, 0x31,
    0x2E, 0x77, 0x3B, 0x0A, 0x44, 0x50, 0x33, 0x20, 0x76, 0x52, 0x65, 0x67, 0x33, 0x2E, 0x77, 0x2C,
    0x20, 0x76, 0x52, 0x65, 0x67, 0x33, 0x2C, 0x20, 0x70, 0x72, 0x6F, 0x67, 0x72, 0x61, 0x6D, 0x2E,
    0x65, 0x6E, 0x76, 0x5B, 0x35, 0x33, 0x5D, 0x3B, 0x0A, 0x52, 0x43, 0x50, 0x20, 0x76, 0x52, 0x65,
    0x67, 0x33, 0x2E, 0x77, 0x2C, 0x20, 0x76, 0x52, 0x65, 0x67, 0x33, 0x2E, 0x77, 0x3B, 0x0A, 0x44,
    0x50, 0x33, 0x20, 0x76, 0x52, 0x65, 0x67, 0x30, 0x2E, 0x78, 0x2C, 0x20, 0x76, 0x4E, 0x6F, 0x72,
    0x6D, 0x61, 0x6C, 0x57, 0x6F, 0x72, 0x6C, 0x64, 0x2C, 0x20, 0x76, 0x52, 0x65, 0x67, 0x32, 0x3B,
    0x0A, 0x4C, 0x49, 0x54, 0x20, 0x76, 0x52, 0x65, 0x67, 0x30, 0x2C, 0x20, 0x76, 0x52, 0x65, 0x67,
    0x30, 0x3B, 0x0A, 0x4D, 0x55, 0x4C, 0x20, 0x76, 0x52, 0x65, 0x67, 0x30, 0x2C, 0x20, 0x76, 0x52,
    0x65, 0x67, 0x30, 0x2C, 0x20, 0x76, 0x52, 0x65, 0x67, 0x33, 0x2E, 0x77, 0x3B, 0x0A, 0x4D, 0x55,
    0x4C, 0x20, 0x76, 0x52, 0x65, 0x67, 0x31, 0x2C, 0x20, 0x76, 0x52, 0x65, 0x67, 0x30, 0x2E, 0x78,
    0x2C, 0x20, 0x70, 0x72, 0x6F, 0x67, 0x72, 0x61, 0x6D, 0x2E, 0x65, 0x6E, 0x76, 0x5B, 0x35, 0x36,
    0x5D, 0x3B, 0x0A, 0x4D, 0x41, 0x44, 0x20, 0x76, 0x46, 0x69, 0x6E, 0x61, 0x6C, 0x43, 0x6F, 0x6C,
    0x6F, 0x75, 0x72, 0x2E, 0x78, 0x79, 0x7A, 0x77, 0x2C, 0x20, 0x76, 0x52, 0x65, 0x67, 0x31, 0x2C,
    0x20, 0x70, 0x72, 0x6F, 0x67, 0x72, 0x61, 0x6D, 0x2E, 0x65, 0x6E, 0x76, 0x5B, 0x39, 0x35, 0x5D,
    0x2C, 0x20, 0x76, 0x46, 0x69, 0x6E, 0x61, 0x6C, 0x43, 0x6F, 0x6C, 0x6F, 0x75, 0x72, 0x3B, 0x0A,
    0x4D, 0x55, 0x4C, 0x20, 0x76, 0x52, 0x65, 0x67, 0x31, 0x2C, 0x20, 0x76, 0x52, 0x65, 0x67, 0x30,
    0x2E, 0x79, 0x2C, 0x20, 0x70, 0x72, 0x6F, 0x67, 0x72, 0x61, 0x6D, 0x2E, 0x65, 0x6E, 0x76, 0x5B,
    0x35, 0x35, 0x5D, 0x3B, 0x0A, 0x4D, 0x41, 0x44, 0x20, 0x76, 0x46, 0x69, 0x6E, 0x61, 0x6C, 0x43,
    0x6F, 0x6C, 0x6F, 0x75, 0x72, 0x2E, 0x78, 0x79, 0x7A, 0x77, 0x2C, 0x20, 0x76, 0x52, 0x65, 0x67,
    0x31, 0x2C, 0x20, 0x70, 0x72, 0x6F, 0x67, 0x72, 0x61, 0x6D, 0x2E, 0x65, 0x6E, 0x76, 0x5B, 0x39,
    0x34, 0x5D, 0x2C, 0x20, 0x76, 0x46, 0x69, 0x6E, 0x61, 0x6C, 0x43, 0x6F, 0x6C, 0x6F, 0x75, 0x72,
    0x3B, 0x0A, 0x41, 0x44, 0x44, 0x20, 0x76, 0x52, 0x65, 0x67, 0x30, 0x2C, 0x20, 0x2D, 0x76, 0x52,
    0x65, 0x67, 0x31, 0x30, 0x2C, 0x20, 0x70, 0x72, 0x6F, 0x67, 0x72, 0x61, 0x6D, 0x2E, 0x65, 0x6E,
    0x76, 0x5B, 0x35, 0x32, 0x5D, 0x3B, 0x0A, 0x44, 0x50, 0x33, 0x20, 0x76, 0x52, 0x65, 0x67, 0x30,
    0x2E, 0x77, 0x2C, 0x20, 0x76, 0x52, 0x65, 0x67, 0x30, 0x2C, 0x20, 0x76, 0x52, 0x65, 0x67, 0x30,
    0x3B, 0x0A, 0x52, 0x53, 0x51, 0x20, 0x76, 0x52, 0x65, 0x67, 0x31, 0x2E, 0x77, 0x2C, 0x20, 0x76,
    0x52, 0x65, 0x67, 0x30, 0x2E, 0x77, 0x3B, 0x0A, 0x4D, 0x55, 0x4C, 0x20, 0x76, 0x52, 0x65, 0x67,
    0x32, 0x2C, 0x20, 0x76, 0x52, 0x65, 0x67, 0x30, 0x2C, 0x20, 0x76, 0x52, 0x65, 0x67, 0x31, 0x2E,
    0x77, 0x3B, 0x0A, 0x44, 0x53, 0x54, 0x20, 0x76, 0x52, 0x65, 0x67, 0x33, 0x2C, 0x20, 0x76, 0x52,
    0x65, 0x67, 0x30, 0x2E, 0x77, 0x2C, 0x20, 0x76, 0x52, 0x65, 0x67, 0x31, 0x2E, 0x77, 0x3B, 0x0A,
    0x44, 0x50, 0x33, 0x20, 0x76, 0x52, 0x65, 0x67, 0x33, 0x2E, 0x77, 0x2C, 0x20, 0x76, 0x52, 0x65,
    0x67, 0x33, 0x2C, 0x20, 0x70, 0x72, 0x6F, 0x67, 0x72, 0x61, 0x6D, 0x2E, 0x65, 0x6E, 0x76, 0x5B,
    0x34, 0x38, 0x5D, 0x3B, 0x0A, 0x52, 0x43, 0x50, 0x20, 0x76, 0x52, 0x65, 0x67, 0x33, 0x2E, 0x77,
    0x2C, 0x20, 0x76, 0x52, 0x65, 0x67, 0x33, 0x2E, 0x77, 0x3B, 0x0A, 0x44, 0x50, 0x33, 0x20, 0x76,
    0x52, 0x65, 0x67, 0x30, 0x2E, 0x78, 0x2C, 0x20, 0x76, 0x4E, 0x6F, 0x72, 0x6D, 0x61, 0x6C, 0x57,
    0x6F, 0x72, 0x6C, 0x64, 0x2C, 0x20, 0x76, 0x52, 0x65, 0x67, 0x32, 0x3B, 0x0A, 0x4C, 0x49, 0x54,
    0x20, 0x76, 0x52, 0x65, 0x67, 0x30, 0x2C, 0x20, 0x76, 0x52, 0x65, 0x67, 0x30, 0x3B, 0x0A, 0x4D,
    0x55, 0x4C, 0x20, 0x76, 0x52, 0x65, 0x67, 0x30, 0x2C, 0x20, 0x76, 0x52, 0x65, 0x67, 0x30, 0x2C,
    0x20, 0x76, 0x52, 0x65, 0x67, 0x33, 0x2E, 0x77, 0x3B, 0x0A, 0x4D, 0x55, 0x4C, 0x20, 0x76, 0x52,
    0x65, 0x67, 0x31, 0x2C, 0x20, 0x76, 0x52, 0x65, 0x67, 0x30, 0x2E, 0x78, 0x2C, 0x20, 0x70, 0x72,
    0x6F, 0x67, 0x72, 0x61, 0x6D, 0x2E, 0x65, 0x6E, 0x76, 0x5B, 0x35, 0x31, 0x5D, 0x3B, 0x0A, 0x4D,
    0x41, 0x44, 0x20, 0x76, 0x46, 0x69, 0x6E, 0x61, 0x6C, 0x43, 0x6F, 0x6C, 0x6F, 0x75, 0x72, 0x2E,
    0x78, 0x79, 0x7A, 0x77, 0x2C, 0x20, 0x76, 0x52, 0x65, 0x67, 0x31, 0x2C, 0x20, 0x70, 0x72, 0x6F,
    0x67, 0x72, 0x61, 0x6D, 0x2E, 0x65, 0x6E, 0x76, 0x5B, 0x39, 0x35, 0x5D, 0x2C, 0x20, 0x76, 0x46,
    0x69, 0x6E, 0x61, 0x6C, 0x43, 0x6F, 0x6C, 0x6F, 0x75, 0x72, 0x3B, 0x0A, 0x4D, 0x55, 0x4C, 0x20,
    0x76, 0x52, 0x65, 0x67, 0x31, 0x2C, 0x20, 0x76, 0x52, 0x65, 0x67, 0x30, 0x2E, 0x79, 0x2C, 0x20,
    0x70, 0x72, 0x6F, 0x67, 0x72, 0x61, 0x6D, 0x2E, 0x65, 0x6E, 0x76, 0x5B, 0x35, 0x30, 0x5D, 0x3B,
    0x0A, 0x4D, 0x41, 0x44, 0x20, 0x76, 0x46, 0x69, 0x6E, 0x61, 0x6C, 0x43, 0x6F, 0x6C, 0x6F, 0x75,
    0x72, 0x2E, 0x78, 0x79, 0x7A, 0x77, 0x2C, 0x20, 0x76, 0x52, 0x65, 0x67, 0x31, 0x2C, 0x20, 0x70,
    0x72, 0x6F, 0x67, 0x72, 0x61, 0x6D, 0x2E, 0x65, 0x6E, 0x76, 0x5B, 0x39, 0x34, 0x5D, 0x2C, 0x20,
    0x76, 0x46, 0x69, 0x6E, 0x61, 0x6C, 0x43, 0x6F, 0x6C, 0x6F, 0x75, 0x72, 0x3B, 0x0A, 0x41, 0x44,
    0x44, 0x20, 0x76, 0x52, 0x65, 0x67, 0x30, 0x2C, 0x20, 0x2D, 0x76, 0x52, 0x65, 0x67, 0x31, 0x30,
    0x2C, 0x20, 0x70, 0x72, 0x6F, 0x67, 0x72, 0x61, 0x6D, 0x2E, 0x65, 0x6E, 0x76, 0x5B, 0x34, 0x37,
    0x5D, 0x3B, 0x0A, 0x44, 0x50, 0x33, 0x20, 0x76, 0x52, 0x65, 0x67, 0x30, 0x2E, 0x77, 0x2C, 0x20,
    0x76, 0x52, 0x65, 0x67, 0x30, 0x2C, 0x20, 0x76, 0x52, 0x65, 0x67, 0x30, 0x3B, 0x0A, 0x52, 0x53,
    0x51, 0x20, 0x76, 0x52, 0x65, 0x67, 0x31, 0x2E, 0x77, 0x2C, 0x20, 0x76, 0x52, 0x65, 0x67, 0x30,
    0x2E, 0x77, 0x3B, 0x0A, 0x4D, 0x55, 0x4C, 0x20, 0x76, 0x52, 0x65, 0x67, 0x32, 0x2C, 0x20, 0x76,
    0x52, 0x65, 0x67, 0x30, 0x2C, 0x20, 0x76, 0x52, 0x65, 0x67, 0x31, 0x2E, 0x77, 0x3B, 0x0A, 0x44,
    0x53, 0x54, 0x20, 0x76, 0x52, 0x65, 0x67, 0x33, 0x2C, 0x20, 0x76, 0x52, 0x65, 0x67, 0x30, 0x2E,
    0x77, 0x2C, 0x20, 0x76, 0x52, 0x65, 0x67, 0x31, 0x2E, 0x77, 0x3B, 0x0A, 0x44, 0x50, 0x33, 0x20,
    0x76, 0x52, 0x65, 0x67, 0x33, 0x2E, 0x77, 0x2C, 0x20, 0x76, 0x52, 0x65, 0x67, 0x33, 0x2C, 0x20,
    0x70, 0x72, 0x6F, 0x67, 0x72, 0x61, 0x6D, 0x2E, 0x65, 0x6E, 0x76, 0x5B, 0x34, 0x33, 0x5D, 0x3B,
    0x0A, 0x52, 0x43, 0x50, 0x20, 0x76, 0x52, 0x65, 0x67, 0x33, 0x2E, 0x77, 0x2C, 0x20, 0x76, 0x52,
    0x65, 0x67, 0x33, 0x2E, 0x77, 0x3B, 0x0A, 0x44, 0x50, 0x33, 0x20, 0x76, 0x52, 0x65, 0x67, 0x30,
    0x2E, 0x78, 0x2C, 0x20, 0x76, 0x4E, 0x6F, 0x72, 0x6D, 0x61, 0x6C, 0x57, 0x6F, 0x72, 0x6C, 0x64,
    0x2C, 0x20, 0x76, 0x52, 0x65, 0x67, 0x32, 0x3B, 0x0A, 0x4C, 0x49, 0x54, 0x20, 0x76, 0x52, 0x65,
    0x67, 0x30, 0x2C, 0x20, 0x76, 0x52, 0x65, 0x67, 0x30, 0x3B, 0x0A, 0x4D, 0x55, 0x4C, 0x20, 0x76,
    0x52, 0x65, 0x67, 0x30, 0x2C, 0x20, 0x76, 0x52, 0x65, 0x67, 0x30, 0x2C, 0x20, 0x76, 0x52, 0x65,
    0x67, 0x33, 0x2E, 0x77, 0x3B, 0x0A, 0x4D, 0x55, 0x4C, 0x20, 0x76, 0x52, 0x65, 0x67, 0x31, 0x2C,
    0x20, 0x76, 0x52, 0x65, 0x67, 0x30, 0x2E, 0x78, 0x2C, 0x20, 0x70, 0x72, 0x6F, 0x67, 0x72, 0x61,
    0x6D, 0x2E, 0x65, 0x6E, 0x76, 0x5B, 0x34, 0x36, 0x5D, 0x3B, 0x0A, 0x4D, 0x41, 0x44, 0x20, 0x76,
    0x46, 0x69, 0x6E, 0x61, 0x6C, 0x43, 0x6F, 0x6C, 0x6F, 0x75, 0x72, 0x2E, 0x78, 0x79, 0x7A, 0x77,
    0x2C, 0x20, 0x76, 0x52, 0x65, 0x67, 0x31, 0x2C, 0x20, 0x70, 0x72, 0x6F, 0x67, 0x72, 0x61, 0x6D,
    0x2E, 0x65, 0x6E, 0x76, 0x5B, 0x39, 0x35, 0x5D, 0x2C, 0x20, 0x76, 0x46, 0x69, 0x6E, 0x61, 0x6C,
    0x43, 0x6F, 0x6C, 0x6F, 0x75, 0x72, 0x3B, 0x0A, 0x4D, 0x55, 0x4C, 0x20, 0x76, 0x52, 0x65, 0x67,
    0x31, 0x2C, 0x20, 0x76, 0x52, 0x65, 0x67, 0x30, 0x2E, 0x79, 0x2C, 0x20, 0x70, 0x72, 0x6F, 0x67,
    0x72, 0x61, 0x6D, 0x2E, 0x65, 0x6E, 0x76, 0x5B, 0x34, 0x35, 0x5D, 0x3B, 0x0A, 0x4D, 0x41, 0x44,
    0x20, 0x76, 0x46, 0x69, 0x6E, 0x61, 0x6C, 0x43, 0x6F, 0x6C, 0x6F, 0x75, 0x72, 0x2E, 0x78, 0x79,
    0x7A, 0x77, 0x2C, 0x20, 0x76, 0x52, 0x65, 0x67, 0x31, 0x2C, 0x20, 0x70, 0x72, 0x6F, 0x67, 0x72,
    0x61, 0x6D, 0x2E, 0x65, 0x6E, 0x76, 0x5B, 0x39, 0x34, 0x5D, 0x2C, 0x20, 0x76, 0x46, 0x69, 0x6E,
    0x61, 0x6C, 0x43, 0x6F, 0x6C, 0x6F, 0x75, 0x72, 0x3B, 0x0A, 0x41, 0x44, 0x44, 0x20, 0x76, 0x46,
    0x69, 0x6E, 0x61, 0x6C, 0x43, 0x6F, 0x6C, 0x6F, 0x75, 0x72, 0x2C, 0x20, 0x76, 0x46, 0x69, 0x6E,
    0x61, 0x6C, 0x43, 0x6F, 0x6C, 0x6F, 0x75, 0x72, 0x2C, 0x20, 0x70, 0x72, 0x6F, 0x67, 0x72, 0x61,
    0x6D, 0x2E, 0x65, 0x6E, 0x76, 0x5B, 0x39, 0x33, 0x5D, 0x3B, 0x0A, 0x4D, 0x4F, 0x56, 0x20, 0x76,
    0x46, 0x69, 0x6E, 0x61, 0x6C, 0x43, 0x6F, 0x6C, 0x6F, 0x75, 0x72, 0x2E, 0x77, 0x2C, 0x20, 0x70,
    0x72, 0x6F, 0x67, 0x72, 0x61, 0x6D, 0x2E, 0x65, 0x6E, 0x76, 0x5B, 0x39, 0x34, 0x5D, 0x3B, 0x0A,
    0x4D, 0x4F, 0x56, 0x20, 0x72, 0x65, 0x73, 0x75, 0x6C, 0x74, 0x2E, 0x63, 0x6F, 0x6C, 0x6F, 0x72,
    0x2C, 0x20, 0x76, 0x46, 0x69, 0x6E, 0x61, 0x6C, 0x43, 0x6F, 0x6C, 0x6F, 0x75, 0x72, 0x3B, 0x0A,
    0x45, 0x4E, 0x44, 0x0A, 0x0A,
};

static const ShaderSwapReplacement kShaderReplacements[] = {
    {0x8804u, 0x41e7c099fbb00335ull, kShaderSource0, sizeof(kShaderSource0)},
    {0x8804u, 0x52c20e5a3b8b999full, kShaderSource1, sizeof(kShaderSource1)},
    {0x8804u, 0xba64799743101501ull, kShaderSource2, sizeof(kShaderSource2)},
    {0x8804u, 0xee7aa1ad32d6688dull, kShaderSource3, sizeof(kShaderSource3)},
    {0x8620u, 0x225b522573a90905ull, kShaderSource4, sizeof(kShaderSource4)},
    {0x8620u, 0x27d580783536ef14ull, kShaderSource5, sizeof(kShaderSource5)},
    {0x8620u, 0x3fe439cfb361fd39ull, kShaderSource6, sizeof(kShaderSource6)},
    {0x8620u, 0x459b99d0f4a87a6dull, kShaderSource7, sizeof(kShaderSource7)},
    {0x8620u, 0x47b9f1d89f2fb15cull, kShaderSource8, sizeof(kShaderSource8)},
    {0x8620u, 0x98a9e280e7ae6f33ull, kShaderSource9, sizeof(kShaderSource9)},
    {0x8620u, 0x9f545b9750a99594ull, kShaderSource10, sizeof(kShaderSource10)},
    {0x8620u, 0xae30e56b517c27e9ull, kShaderSource11, sizeof(kShaderSource11)},
    {0x8620u, 0xde4f8c79d8920b7eull, kShaderSource12, sizeof(kShaderSource12)},
    {0x8620u, 0xdef40de6431e73d5ull, kShaderSource13, sizeof(kShaderSource13)},
    {0x8620u, 0xebd8d38b6a3d3f80ull, kShaderSource14, sizeof(kShaderSource14)},
};

static constexpr unsigned int kShaderReplacementCount =
    sizeof(kShaderReplacements) / sizeof(kShaderReplacements[0]);
